Price,Adj Close,Close,Close,Close,Close,High,High,High,High,Low,Low,Low,Low,Open,Open,Open,Open,Volume,Volume,Volume,Volume
Ticker,BCGWW,ALF,ALFUU,BCAX,BCGWW,ALF,ALFUU,BCAX,BCGWW,ALF,ALFUU,BCAX,BCGWW,ALF,ALFUU,BCAX,BCGWW,ALF,ALFUU,BCAX,BCGWW
Date,,,,,,,,,,,,,,,,,,,,,
2024-06-11,,,10.029999732971191,,,,10.0600004196167,,,,10.010000228881836,,,,10.050000190734863,,,,30954848,,
2024-06-12,,,10.010000228881836,,,,10.029999732971191,,,,9.989999771118164,,,,10.029999732971191,,,,3789434,,
2024-06-13,,,10.020000457763672,,,,10.020000457763672,,,,10.010000228881836,,,,10.020000457763672,,,,158341,,
2024-06-14,,,10.020000457763672,,,,10.039999961853027,,,,10.010000228881836,,,,10.039999961853027,,,,104501,,
2024-06-17,,,10.010000228881836,,,,10.020000457763672,,,,10.0,,,,10.010000228881836,,,,305779,,
2024-06-18,,,10.0,,,,10.020000457763672,,,,10.0,,,,10.0,,,,397126,,
2024-06-20,,,10.010000228881836,,,,10.020000457763672,,,,9.989999771118164,,,,10.010000228881836,,,,156012,,
2024-06-21,,,10.0,,,,10.0,,,,9.989999771118164,,,,10.0,,,,106849,,
2024-06-24,,,10.0,,,,10.010000228881836,,,,10.0,,,,10.0,,,,343160,,
2024-06-25,,,10.0,,,,10.0,,,,9.989999771118164,,,,10.0,,,,114789,,
2024-06-26,,,10.0,,,,10.0,,,,9.989999771118164,,,,10.0,,,,112771,,
2024-06-27,,,9.994999885559082,,,,10.0,,,,9.994999885559082,,,,10.0,,,,94688,,
2024-06-28,,,9.989999771118164,,,,9.989999771118164,,,,9.970999717712402,,,,9.989999771118164,,,,58380,,
2024-07-01,,,9.979999542236328,,,,10.0,,,,9.979999542236328,,,,10.0,,,,392340,,
2024-07-02,,,9.979999542236328,,,,9.979999542236328,,,,9.979999542236328,,,,9.979999542236328,,,,6713,,
2024-07-03,,,9.979999542236328,,,,9.979999542236328,,,,9.976799964904785,,,,9.979999542236328,,,,9158,,
2024-07-05,,,9.979999542236328,,,,9.979999542236328,,,,9.979999542236328,,,,9.979999542236328,,,,2144,,
2024-07-08,,,9.984999656677246,,,,9.989999771118164,,,,9.979900360107422,,,,9.979999542236328,,,,691962,,
2024-07-09,,,9.979999542236328,,,,10.0,,,,9.979999542236328,,,,9.989999771118164,,,,846876,,
2024-07-10,,,9.989999771118164,,,,9.989999771118164,,,,9.979999542236328,,,,9.989999771118164,,,,87255,,
2024-07-11,,,9.989999771118164,,,,10.0,,,,9.989999771118164,,,,9.989999771118164,,,,655645,,
2024-07-12,,,10.0,,,,10.010000228881836,,,,10.0,,,,10.0,,,,1196347,,
2024-07-15,,,10.005000114440918,,,,10.010000228881836,,,,10.0,,,,10.0,,,,41267,,
2024-07-16,,,10.020000457763672,,,,10.020000457763672,,,,10.010000228881836,,,,10.010000228881836,,,,385105,,
2024-07-17,,,10.029999732971191,,,,10.039999961853027,,,,10.020000457763672,,,,10.020000457763672,,,,500157,,
2024-07-18,,,10.029999732971191,,,,10.029999732971191,,,,10.020000457763672,,,,10.020000457763672,,,,40009,,
2024-07-19,,,10.039999961853027,,,,10.039999961853027,,,,10.029999732971191,,,,10.03499984741211,,,,24462,,
2024-07-22,,,10.039999961853027,,,,10.039999961853027,,,,10.029999732971191,,,,10.039999961853027,,,,212688,,
2024-07-23,,,10.029999732971191,,,,10.050000190734863,,,,10.029999732971191,,,,10.050000190734863,,,,2681,,
2024-07-24,,,10.050000190734863,,,,10.050000190734863,,,,10.050000190734863,,,,10.050000190734863,,,,1232,,
2024-07-25,,,10.039999961853027,,,,10.050000190734863,,,,10.020000457763672,,,,10.050000190734863,,,,7112,,
2024-07-26,,,10.050000190734863,,,,10.050000190734863,,,,10.022600173950195,,,,10.050000190734863,,,,4969,,
2024-07-29,,,10.039999961853027,,,,10.050000190734863,,,,10.039999961853027,,,,10.050000190734863,,,,3450,,
2024-07-30,,,10.069999694824219,,,,10.069999694824219,,,,10.020000457763672,,,,10.020000457763672,,,,2748,,
2024-07-31,,,10.050000190734863,,,,10.050000190734863,,,,10.039999961853027,,,,10.039999961853027,,,,2648,,
2024-08-01,,,10.050000190734863,,,,10.050000190734863,,,,10.050000190734863,,,,10.050000190734863,,,,496,,
2024-08-02,,10.0,10.050000190734863,,,10.0,10.0600004196167,,,10.0,10.035699844360352,,,10.0,10.035699844360352,,,500400.0,7659,,
2024-08-05,,10.0,10.029999732971191,,,10.0,10.029999732971191,,,9.979999542236328,10.020000457763672,,,10.0,10.020000457763672,,,1200.0,1266,,
2024-08-06,,9.998000144958496,10.029999732971191,,,10.020000457763672,10.029999732971191,,,9.998000144958496,10.029999732971191,,,10.020000457763672,10.029999732971191,,,7500.0,645,,
2024-08-07,,10.0,10.029999732971191,,,10.0,10.029999732971191,,,10.0,10.020000457763672,,,10.0,10.020000457763672,,,500.0,18685,,
2024-08-08,,10.0,10.069999694824219,,,10.0,10.069999694824219,,,9.989999771118164,10.069999694824219,,,9.989999771118164,10.069999694824219,,,425300.0,1561,,
2024-08-09,,10.0,10.010000228881836,,,10.0,10.010000228881836,,,10.0,10.010000228881836,,,10.0,10.010000228881836,,,0.0,236,,
2024-08-12,,10.0,10.010000228881836,,,10.0,10.010000228881836,,,9.989999771118164,10.010000228881836,,,9.989999771118164,10.010000228881836,,,76400.0,715,,
2024-08-13,,10.010000228881836,10.010000228881836,,,10.010000228881836,10.050000190734863,,,9.989999771118164,10.010000228881836,,,9.989999771118164,10.050000190734863,,,53600.0,3237,,
2024-08-14,,10.010000228881836,10.010000228881836,,,10.010000228881836,10.010000228881836,,,10.010000228881836,10.010000228881836,,,10.010000228881836,10.010000228881836,,,0.0,0,,
2024-08-15,,9.996999740600586,10.010000228881836,,,10.029999732971191,10.02340030670166,,,9.989999771118164,10.010000228881836,,,9.989999771118164,10.010000228881836,,,848900.0,2087,,
2024-08-16,,10.0,10.048500061035156,,,10.0,10.050000190734863,,,9.989999771118164,10.03320026397705,,,10.0,10.03320026397705,,,920200.0,3812,,
2024-08-19,,9.994999885559082,10.039999961853027,,,10.010000228881836,10.039999961853027,,,9.989999771118164,10.010000228881836,,,9.989999771118164,10.010000228881836,,,1208300.0,2349,,
2024-08-20,,10.0,10.029999732971191,,,10.0,10.029999732971191,,,10.0,10.029999732971191,,,10.0,10.029999732971191,,,900.0,558,,
2024-08-21,,10.0,10.029999732971191,,,10.003000259399414,10.037199974060059,,,9.994999885559082,10.029999732971191,,,10.003000259399414,10.037199974060059,,,10500.0,700,,
2024-08-22,,10.0,10.029999732971191,,,10.0,10.029999732971191,,,9.989999771118164,10.029999732971191,,,10.0,10.029999732971191,,,101600.0,201,,
2024-08-23,,9.989999771118164,10.029999732971191,,,10.010000228881836,10.039999961853027,,,9.989999771118164,10.029999732971191,,,10.0,10.039999961853027,,,652300.0,3869,,
2024-08-26,,10.0,10.029999732971191,,,10.0,10.029999732971191,,,9.994999885559082,10.029999732971191,,,10.0,10.029999732971191,,,431900.0,267,,
2024-08-27,,9.979999542236328,10.029999732971191,,,9.989999771118164,10.039999961853027,,,9.979999542236328,10.020000457763672,,,9.989999771118164,10.039999961853027,,,6500.0,488280,,
2024-08-28,,9.979999542236328,10.0600004196167,,,9.979999542236328,10.0600004196167,,,9.970000267028809,10.020000457763672,,,9.970000267028809,10.020000457763672,,,8700.0,6074,,
2024-08-29,,9.979999542236328,10.0600004196167,,,9.984999656677246,10.0600004196167,,,9.979999542236328,10.0600004196167,,,9.984999656677246,10.0600004196167,,,600.0,0,,
2024-08-30,,9.979999542236328,10.0600004196167,,,9.979999542236328,10.0600004196167,,,9.979999542236328,10.0600004196167,,,9.979999542236328,10.0600004196167,,,0.0,693,,
2024-09-03,,9.970000267028809,10.0600004196167,,,9.989999771118164,10.0600004196167,,,9.970000267028809,10.0600004196167,,,9.979999542236328,10.0600004196167,,,6100.0,0,,
2024-09-04,,9.979999542236328,10.0600004196167,,,9.979999542236328,10.0600004196167,,,9.979999542236328,10.0600004196167,,,9.979999542236328,10.0600004196167,,,71800.0,0,,
2024-09-05,,9.970000267028809,10.0600004196167,,,9.989999771118164,10.0600004196167,,,9.960000038146973,10.0600004196167,,,9.989999771118164,10.0600004196167,,,125500.0,0,,
2024-09-06,,9.979999542236328,10.0600004196167,,,9.979999542236328,10.0600004196167,,,9.970000267028809,10.0600004196167,,,9.979999542236328,10.0600004196167,,,35300.0,0,,
2024-09-09,,9.984999656677246,10.0600004196167,,,9.984999656677246,10.0600004196167,,,9.984999656677246,10.0600004196167,,,9.984999656677246,10.0600004196167,,,1000.0,0,,
2024-09-10,,9.979999542236328,10.029999732971191,,,10.020000457763672,10.029999732971191,,,9.979999542236328,10.029999732971191,,,10.020000457763672,10.029999732971191,,,8400.0,777,,
2024-09-11,,9.970000267028809,10.020000457763672,,,9.979999542236328,10.029999732971191,,,9.970000267028809,10.020000457763672,,,9.979999542236328,10.029999732971191,,,101200.0,1310,,
2024-09-12,,9.970000267028809,10.0,,,9.970000267028809,10.020000457763672,,,9.960000038146973,10.0,,,9.970000267028809,10.010000228881836,,,102100.0,42920,,
2024-09-13,,9.975000381469727,10.0,23.40999984741211,,9.979999542236328,10.0,27.0,,9.970000267028809,10.0,21.049999237060547,,9.970000267028809,10.0,26.25,,240200.0,237,5074200.0,
2024-09-16,,9.979999542236328,10.0,25.40999984741211,,9.979999542236328,10.0,27.700000762939453,,9.960000038146973,10.0,22.34000015258789,,9.960000038146973,10.0,22.34000015258789,,16900.0,313,786400.0,
2024-09-17,,9.970000267028809,10.0,27.06999969482422,,9.979999542236328,10.020000457763672,27.940000534057617,,9.970000267028809,10.0,24.059999465942383,,9.970000267028809,10.020000457763672,27.260000228881836,,513000.0,277,421800.0,
2024-09-18,,9.975000381469727,10.020000457763672,25.729999542236328,,9.979999542236328,10.020000457763672,27.469999313354492,,9.970000267028809,10.020000457763672,24.799999237060547,,9.970000267028809,10.020000457763672,27.469999313354492,,21000.0,635,299500.0,
2024-09-19,,9.979999542236328,10.020000457763672,24.600000381469727,,9.989999771118164,10.020000457763672,26.450000762939453,,9.975000381469727,10.020000457763672,24.100000381469727,,9.979999542236328,10.020000457763672,25.75,,173400.0,0,1025100.0,
2024-09-20,,9.979999542236328,10.010000228881836,25.610000610351562,,9.984999656677246,10.010000228881836,26.5,,9.979999542236328,10.010000228881836,22.1200008392334,,9.979999542236328,10.010000228881836,24.329999923706055,,94300.0,116,620400.0,
2024-09-23,,9.989999771118164,10.010000228881836,25.530000686645508,,9.989999771118164,10.010000228881836,26.68000030517578,,9.979999542236328,10.010000228881836,24.489999771118164,,9.979999542236328,10.010000228881836,25.540000915527344,,114900.0,0,163100.0,
2024-09-24,,10.005000114440918,10.039999961853027,25.75,,10.005000114440918,10.039999961853027,25.850000381469727,,9.989999771118164,10.039999961853027,24.760000228881836,,9.989999771118164,10.039999961853027,25.739999771118164,,11700.0,1393,70700.0,
2024-09-25,,10.029999732971191,10.050000190734863,26.299999237060547,,10.029999732971191,10.050000190734863,26.889999389648438,,9.989999771118164,10.050000190734863,24.972000122070312,,10.0,10.050000190734863,25.889999389648438,,101200.0,1298,186700.0,
2024-09-26,,10.010000228881836,10.050000190734863,25.700000762939453,,10.020000457763672,10.050000190734863,26.700000762939453,,10.010000228881836,10.050000190734863,24.649999618530273,,10.01099967956543,10.050000190734863,26.700000762939453,,26800.0,0,224900.0,
2024-09-27,,10.010000228881836,10.0600004196167,25.440000534057617,,10.010000228881836,10.0600004196167,27.450000762939453,,10.010000228881836,10.0600004196167,24.795000076293945,,10.010000228881836,10.0600004196167,25.739999771118164,,0.0,100,217300.0,
2024-09-30,,10.020000457763672,10.0600004196167,25.469999313354492,,10.079999923706055,10.0600004196167,25.68000030517578,,10.020000457763672,10.0600004196167,23.75,,10.029999732971191,10.0600004196167,25.440000534057617,,4600.0,1070,189100.0,
2024-10-01,,10.010000228881836,10.0600004196167,24.43000030517578,,10.015000343322754,10.0600004196167,25.68000030517578,,10.010000228881836,10.0600004196167,23.610000610351562,,10.010000228881836,10.0600004196167,25.100000381469727,,2300.0,0,615100.0,
2024-10-02,,10.02299976348877,10.0600004196167,23.200000762939453,,10.02299976348877,10.0600004196167,24.94499969482422,,10.02299976348877,10.0600004196167,22.700000762939453,,10.02299976348877,10.0600004196167,24.3799991607666,,100.0,0,336500.0,
2024-10-03,,10.029999732971191,10.0600004196167,23.799999237060547,,10.050000190734863,10.0600004196167,24.860000610351562,,10.029999732971191,10.0600004196167,22.790000915527344,,10.050000190734863,10.0600004196167,22.790000915527344,,400.0,0,405000.0,
2024-10-04,,10.029999732971191,10.0600004196167,25.15999984741211,,10.029999732971191,10.0600004196167,25.3799991607666,,10.029999732971191,10.0600004196167,23.104000091552734,,10.029999732971191,10.0600004196167,23.719999313354492,,0.0,0,203300.0,
2024-10-07,,10.010000228881836,10.0600004196167,24.450000762939453,,10.010000228881836,10.0600004196167,25.75,,10.010000228881836,10.0600004196167,24.170000076293945,,10.010000228881836,10.0600004196167,24.90999984741211,,500.0,0,70200.0,
2024-10-08,,10.010000228881836,10.0600004196167,22.549999237060547,,10.010000228881836,10.0600004196167,24.979999542236328,,10.0,10.0600004196167,22.0,,10.010000228881836,10.0600004196167,24.799999237060547,,1100.0,100000,421600.0,
2024-10-09,,10.0,10.050000190734863,20.299999237060547,,10.029999732971191,10.050000190734863,23.326000213623047,,10.0,10.050000190734863,20.110000610351562,,10.029999732971191,10.050000190734863,22.81999969482422,,16700.0,848,470900.0,
2024-10-10,,10.017000198364258,10.0,19.0,,10.017000198364258,10.039999961853027,20.66200065612793,,10.010000228881836,10.0,18.579999923706055,,10.012999534606934,10.039999961853027,20.309999465942383,,5100.0,5239,844900.0,
2024-10-11,,10.017000198364258,10.0,19.40999984741211,,10.017000198364258,10.0,20.0,,10.017000198364258,10.0,18.329999923706055,,10.017000198364258,10.0,18.90999984741211,,0.0,4552,614600.0,
2024-10-14,,10.013999938964844,10.039999961853027,19.969999313354492,,10.013999938964844,10.039999961853027,21.100000381469727,,10.013999938964844,10.039999961853027,19.06999969482422,,10.013999938964844,10.039999961853027,19.350000381469727,,1500.0,1043,409700.0,
2024-10-15,,10.020000457763672,10.045499801635742,20.0,,10.100000381469727,10.045499801635742,20.8799991607666,,10.010000228881836,10.039999961853027,19.59000015258789,,10.039999961853027,10.039999961853027,19.739999771118164,,172200.0,2283,677500.0,
2024-10-16,,10.020000457763672,10.0600004196167,20.200000762939453,,10.020000457763672,10.0600004196167,20.520000457763672,,10.020000457763672,10.0600004196167,19.75,,10.020000457763672,10.0600004196167,19.950000762939453,,2900.0,1015,226900.0,
2024-10-17,,10.010000228881836,10.0600004196167,20.440000534057617,,10.010000228881836,10.0600004196167,21.0,,10.010000228881836,10.0600004196167,19.989999771118164,,10.010000228881836,10.0600004196167,20.280000686645508,,3800.0,0,509100.0,
2024-10-18,,10.010000228881836,10.0600004196167,21.959999084472656,,10.020000457763672,10.0600004196167,22.850000381469727,,10.005999565124512,10.0600004196167,20.239999771118164,,10.020000457763672,10.0600004196167,20.239999771118164,,7800.0,0,589300.0,
2024-10-21,,10.010000228881836,10.0600004196167,22.479999542236328,,10.020000457763672,10.0600004196167,23.0,,10.010000228881836,10.0600004196167,21.549999237060547,,10.020000457763672,10.0600004196167,21.75,,16500.0,530,402400.0,
2024-10-22,,10.010000228881836,10.0600004196167,22.65999984741211,,10.015000343322754,10.0600004196167,23.530000686645508,,10.010000228881836,10.0600004196167,22.479999542236328,,10.010000228881836,10.0600004196167,22.479999542236328,,12000.0,0,268700.0,
2024-10-23,,10.010000228881836,10.0600004196167,22.479999542236328,,10.015000343322754,10.0600004196167,22.850000381469727,,10.010000228881836,10.0600004196167,22.0,,10.010000228881836,10.0600004196167,22.25,,8000.0,158,108300.0,
2024-10-24,,10.010000228881836,10.0600004196167,22.610000610351562,,10.100000381469727,10.0600004196167,23.360000610351562,,10.010000228881836,10.0600004196167,22.030000686645508,,10.010000228881836,10.0600004196167,22.25,,103800.0,0,186900.0,
2024-10-25,,10.100000381469727,10.069999694824219,22.5,,10.25,10.069999694824219,23.350000381469727,,10.100000381469727,10.0649995803833,22.25,,10.25,10.069999694824219,22.700000762939453,,500.0,1603,133700.0,
2024-10-28,,10.050000190734863,10.074999809265137,22.350000381469727,,10.09000015258789,10.09000015258789,23.399999618530273,,10.039999961853027,10.074999809265137,22.350000381469727,,10.09000015258789,10.079999923706055,22.610000610351562,,289700.0,1081,282500.0,
2024-10-29,,10.069999694824219,10.119999885559082,23.639999389648438,,10.069999694824219,10.119999885559082,23.93000030517578,,10.069999694824219,10.069999694824219,21.799999237060547,,10.069999694824219,10.069999694824219,22.350000381469727,,3600.0,5372,308200.0,
2024-10-30,,10.050000190734863,10.079999923706055,23.700000762939453,,10.0600004196167,10.100000381469727,24.829999923706055,,10.050000190734863,10.079999923706055,23.170000076293945,,10.0600004196167,10.100000381469727,23.549999237060547,,20900.0,1340,279500.0,
2024-10-31,,10.053999900817871,10.079999923706055,23.68000030517578,,10.053999900817871,10.079999923706055,24.219999313354492,,10.050000190734863,10.079999923706055,22.549999237060547,,10.050000190734863,10.079999923706055,23.350000381469727,,1300.0,0,309800.0,
2024-11-01,,10.020000457763672,10.079999923706055,24.010000228881836,,10.062000274658203,10.09000015258789,24.889999389648438,,10.020000457763672,10.079999923706055,23.43600082397461,,10.0600004196167,10.09000015258789,24.09000015258789,,13300.0,1766,306800.0,
2024-11-04,,10.050000190734863,10.079999923706055,24.969999313354492,,10.050000190734863,10.079999923706055,25.358999252319336,,10.029999732971191,10.079999923706055,23.295000076293945,,10.038999557495117,10.079999923706055,23.8700008392334,,70100.0,0,388800.0,
2024-11-05,,10.039999961853027,10.079999923706055,25.190000534057617,,10.039999961853027,10.079999923706055,26.0,,10.039999961853027,10.079999923706055,24.309999465942383,,10.039999961853027,10.079999923706055,25.09000015258789,,1100.0,0,487900.0,
2024-11-06,,10.029999732971191,10.079999923706055,23.770000457763672,,10.0600004196167,10.079999923706055,28.09000015258789,,10.029999732971191,10.079999923706055,23.670000076293945,,10.050000190734863,10.079999923706055,25.809999465942383,,76100.0,0,371300.0,
2024-11-07,,10.029999732971191,10.079999923706055,23.600000381469727,,10.034000396728516,10.079999923706055,25.09000015258789,,10.020000457763672,10.079999923706055,23.270000457763672,,10.029999732971191,10.079999923706055,23.770000457763672,,12600.0,0,193400.0,
2024-11-08,,10.029999732971191,10.079999923706055,23.81999969482422,,10.029999732971191,10.079999923706055,24.700000762939453,,10.029999732971191,10.079999923706055,23.15999984741211,,10.029999732971191,10.079999923706055,23.59000015258789,,1800.0,0,178200.0,
2024-11-11,,10.029999732971191,10.079999923706055,24.110000610351562,,10.029999732971191,10.079999923706055,24.584999084472656,,10.029999732971191,10.079999923706055,23.360000610351562,,10.029999732971191,10.079999923706055,24.100000381469727,,0.0,0,148500.0,
2024-11-12,,10.029999732971191,10.29419994354248,22.350000381469727,,10.029999732971191,11.100000381469727,24.149999618530273,,10.029999732971191,10.079999923706055,22.100000381469727,,10.029999732971191,10.079999923706055,23.90999984741211,,0.0,8356,238800.0,
2024-11-13,,10.039999961853027,10.079999923706055,22.0,,10.039999961853027,10.164999961853027,23.170000076293945,,10.039999961853027,10.079999923706055,21.81999969482422,,10.039999961853027,10.164999961853027,22.350000381469727,,200.0,1385,269000.0,
2024-11-14,,10.039999961853027,10.270000457763672,22.25,,10.039999961853027,10.270000457763672,23.149999618530273,,10.039999961853027,10.109999656677246,21.59000015258789,,10.039999961853027,10.109999656677246,21.799999237060547,,0.0,4705,163300.0,
2024-11-15,,10.039999961853027,10.270000457763672,20.170000076293945,,10.045000076293945,10.270000457763672,24.09000015258789,,10.039999961853027,10.270000457763672,19.950000762939453,,10.039999961853027,10.270000457763672,22.219999313354492,,600.0,0,460200.0,
2024-11-18,,10.029999732971191,10.270000457763672,19.19499969482422,,10.045000076293945,10.270000457763672,21.190000534057617,,10.029999732971191,10.270000457763672,18.729999542236328,,10.039999961853027,10.270000457763672,19.739999771118164,,59400.0,0,369000.0,
2024-11-19,,10.03499984741211,10.270000457763672,19.31999969482422,,10.039999961853027,10.270000457763672,19.77899932861328,,10.029999732971191,10.270000457763672,18.770000457763672,,10.038999557495117,10.270000457763672,19.1299991607666,,141600.0,0,494200.0,
2024-11-20,,10.029999732971191,10.270000457763672,18.3799991607666,,10.039999961853027,10.270000457763672,20.790000915527344,,10.029999732971191,10.270000457763672,17.618000030517578,,10.039999961853027,10.270000457763672,19.229999542236328,,8100.0,0,361900.0,
2024-11-21,,10.039999961853027,10.270000457763672,17.770000457763672,,10.041999816894531,10.270000457763672,18.829999923706055,,10.029999732971191,10.270000457763672,17.40999984741211,,10.039999961853027,10.270000457763672,18.40999984741211,,31400.0,0,560400.0,
2024-11-22,,10.039999961853027,10.270000457763672,18.09000015258789,,10.09000015258789,10.270000457763672,18.719999313354492,,10.029999732971191,10.270000457763672,17.510000228881836,,10.039999961853027,10.270000457763672,17.510000228881836,,46400.0,0,542900.0,
2024-11-25,,10.059000015258789,10.109999656677246,18.25,,10.069999694824219,10.289999961853027,19.139999389648438,,10.039999961853027,10.109999656677246,17.700000762939453,,10.043000221252441,10.119999885559082,18.229999542236328,,19800.0,11264,382500.0,
2024-11-26,,10.0600004196167,10.109999656677246,20.450000762939453,,10.074999809265137,10.109999656677246,20.610000610351562,,10.050000190734863,10.109999656677246,17.84000015258789,,10.050000190734863,10.109999656677246,18.1299991607666,,4500.0,156,245600.0,
2024-11-27,,10.069999694824219,10.130000114440918,20.959999084472656,,10.09000015258789,10.130000114440918,21.5,,10.0600004196167,10.109999656677246,19.65999984741211,,10.074000358581543,10.109999656677246,20.420000076293945,,93000.0,384,185200.0,
2024-11-29,,10.069999694824219,10.109999656677246,20.790000915527344,,10.079999923706055,10.109999656677246,22.200000762939453,,10.069999694824219,10.109999656677246,20.399999618530273,,10.07699966430664,10.109999656677246,21.0,,4500.0,569,189400.0,
2024-12-02,,10.079999923706055,10.109999656677246,20.010000228881836,,10.09000015258789,10.109999656677246,21.7549991607666,,10.069999694824219,10.109999656677246,19.934999465942383,,10.069999694824219,10.109999656677246,20.850000381469727,,6600.0,0,283400.0,
2024-12-03,,10.079999923706055,10.119999885559082,19.200000762939453,,10.130999565124512,10.120100021362305,20.5,,10.069999694824219,10.119999885559082,18.760000228881836,,10.08899974822998,10.119999885559082,19.920000076293945,,182800.0,1556,236300.0,
2024-12-04,,10.100000381469727,10.130000114440918,19.950000762939453,,10.100000381469727,10.149999618530273,20.65999984741211,,10.09000015258789,10.130000114440918,19.059999465942383,,10.09000015258789,10.143799781799316,19.059999465942383,,18500.0,2541,372600.0,
2024-12-05,,10.114999771118164,10.154999732971191,19.540000915527344,,10.135000228881836,10.154999732971191,21.110000610351562,,10.079999923706055,10.140000343322754,18.94499969482422,,10.135000228881836,10.149999618530273,19.5,,138500.0,2997,220400.0,
2024-12-06,,10.11299991607666,10.154999732971191,21.100000381469727,,10.119999885559082,10.154999732971191,21.540000915527344,,10.100000381469727,10.154999732971191,19.347999572753906,,10.119999885559082,10.154999732971191,19.459999084472656,,3100.0,0,307300.0,
2024-12-09,,10.111000061035156,10.15999984741211,21.139999389648438,,10.111000061035156,10.15999984741211,22.674999237060547,,10.111000061035156,10.130000114440918,20.610000610351562,,10.111000061035156,10.130000114440918,21.489999771118164,,1800.0,1368,375800.0,
2024-12-10,,10.100000381469727,10.15999984741211,19.299999237060547,,10.109999656677246,10.15999984741211,21.93000030517578,,10.100000381469727,10.15999984741211,18.950000762939453,,10.109999656677246,10.15999984741211,21.18000030517578,,4200.0,0,425000.0,
2024-12-11,,10.100000381469727,10.229999542236328,19.920000076293945,,10.102999687194824,10.229999542236328,20.440000534057617,,10.100000381469727,10.130000114440918,18.889999389648438,,10.100000381469727,10.170000076293945,19.110000610351562,,7600.0,6763,413500.0,
2024-12-12,,10.100000381469727,10.149999618530273,18.045000076293945,,10.100000381469727,10.150099754333496,20.708999633789062,,10.079999923706055,10.140000343322754,18.0,,10.079999923706055,10.149999618530273,19.610000610351562,,28700.0,41692,367100.0,
2024-12-13,,10.100000381469727,10.140000343322754,17.5,,10.100000381469727,10.140000343322754,19.0049991607666,,10.083000183105469,10.140000343322754,17.301000595092773,,10.083000183105469,10.140000343322754,17.989999771118164,,28200.0,242,312500.0,
2024-12-16,,10.100000381469727,10.140000343322754,17.40999984741211,,10.100000381469727,10.140000343322754,18.774999618530273,,10.100000381469727,10.140000343322754,17.18000030517578,,10.100000381469727,10.140000343322754,17.459999084472656,,100.0,0,454200.0,
2024-12-17,,10.100000381469727,10.176400184631348,18.149999618530273,,10.100000381469727,10.176400184631348,18.40999984741211,,10.079999923706055,10.149999618530273,17.0,,10.079999923706055,10.149999618530273,17.200000762939453,,147400.0,231,556000.0,
2024-12-18,,10.104999542236328,10.189800262451172,16.34000015258789,,10.130000114440918,10.199999809265137,18.148000717163086,,10.100000381469727,10.189800262451172,16.100000381469727,,10.130000114440918,10.199999809265137,18.0,,205500.0,3493,470600.0,
2024-12-19,,10.09000015258789,10.260000228881836,16.600000381469727,,10.114999771118164,10.260000228881836,17.34000015258789,,10.09000015258789,10.140000343322754,16.25,,10.114999771118164,10.199999809265137,16.399999618530273,,3100.0,3835,1258400.0,
2024-12-20,,10.09000015258789,10.260000228881836,17.59000015258789,,10.100000381469727,10.260000228881836,18.079999923706055,,10.079999923706055,10.260000228881836,16.010000228881836,,10.100000381469727,10.260000228881836,16.010000228881836,,94800.0,0,4286200.0,
2024-12-23,,10.100000381469727,10.260000228881836,18.75,,10.100000381469727,10.260000228881836,19.280000686645508,,10.100000381469727,10.260000228881836,17.31999969482422,,10.100000381469727,10.260000228881836,17.31999969482422,,50900.0,0,393800.0,
2024-12-24,,10.100000381469727,10.260000228881836,19.1200008392334,,10.100000381469727,10.260000228881836,19.1200008392334,,10.100000381469727,10.260000228881836,18.0,,10.100000381469727,10.260000228881836,18.670000076293945,,0.0,0,227900.0,
2024-12-26,,10.100000381469727,10.260000228881836,19.1200008392334,,10.100000381469727,10.260000228881836,19.75,,10.100000381469727,10.260000228881836,18.959999084472656,,10.100000381469727,10.260000228881836,19.020000457763672,,0.0,0,250200.0,
2024-12-27,,10.100000381469727,10.260000228881836,18.270000457763672,,10.100000381469727,10.260000228881836,19.219999313354492,,10.100000381469727,10.260000228881836,17.875,,10.100000381469727,10.260000228881836,18.940000534057617,,67600.0,0,283700.0,
2024-12-30,,10.100000381469727,10.260000228881836,17.0,,10.100000381469727,10.260000228881836,18.219999313354492,,10.100000381469727,10.260000228881836,16.510000228881836,,10.100000381469727,10.260000228881836,18.030000686645508,,0.0,0,261500.0,
2024-12-31,,10.100000381469727,10.260000228881836,17.420000076293945,,10.109999656677246,10.260000228881836,17.5,,10.100000381469727,10.260000228881836,16.44499969482422,,10.100000381469727,10.260000228881836,17.239999771118164,,33300.0,0,222300.0,
2025-01-02,,10.109999656677246,10.260000228881836,16.924999237060547,,10.109999656677246,10.260000228881836,17.559999465942383,,10.100000381469727,10.260000228881836,16.81999969482422,,10.100000381469727,10.260000228881836,17.469999313354492,,32600.0,0,483700.0,
2025-01-03,,10.109999656677246,10.260000228881836,16.690000534057617,,10.109999656677246,10.260000228881836,17.030000686645508,,10.109999656677246,10.260000228881836,16.030000686645508,,10.109999656677246,10.260000228881836,16.889999389648438,,0.0,0,435600.0,
2025-01-06,,10.100000381469727,10.170100212097168,15.59000015258789,,10.107999801635742,10.170100212097168,17.389999389648438,,10.100000381469727,10.170100212097168,15.539999961853027,,10.107999801635742,10.170100212097168,16.68000030517578,,1100.0,739,431300.0,
2025-01-07,,10.100000381469727,10.170100212097168,15.75,,10.109999656677246,10.170100212097168,16.329999923706055,,10.100000381469727,10.170100212097168,15.4399995803833,,10.109999656677246,10.170100212097168,15.640000343322754,,2100.0,0,293500.0,
2025-01-08,,10.109999656677246,10.1899995803833,15.25,,10.119999885559082,10.1899995803833,15.975000381469727,,10.109999656677246,10.180000305175781,15.149999618530273,,10.109999656677246,10.1899995803833,15.609999656677246,,33200.0,620,220800.0,
2025-01-10,,10.157999992370605,10.204999923706055,14.380000114440918,,10.157999992370605,10.300000190734863,15.720000267028809,,10.157999992370605,10.180000305175781,14.130000114440918,,10.157999992370605,10.1899995803833,15.0,,1200.0,3852,556500.0,
2025-01-13,,10.130000114440918,10.204999923706055,12.989999771118164,,10.149999618530273,10.204999923706055,14.850000381469727,,10.130000114440918,10.204999923706055,12.781999588012695,,10.149999618530273,10.204999923706055,14.199999809265137,,3100.0,0,300000.0,
2025-01-14,,10.109999656677246,10.204999923706055,12.835000038146973,,10.119999885559082,10.204999923706055,13.4399995803833,,10.109999656677246,10.204999923706055,12.329999923706055,,10.119999885559082,10.204999923706055,13.029999732971191,,2700.0,0,458900.0,
2025-01-15,,10.140000343322754,10.204999923706055,12.920000076293945,,10.149999618530273,10.204999923706055,13.96500015258789,,10.130000114440918,10.204999923706055,12.800000190734863,,10.149999618530273,10.204999923706055,13.229999542236328,,235600.0,0,406900.0,
2025-01-16,,10.140000343322754,10.204999923706055,11.880000114440918,,10.140000343322754,10.204999923706055,13.449999809265137,,10.140000343322754,10.204999923706055,11.557999610900879,,10.140000343322754,10.204999923706055,12.850000381469727,,16800.0,0,599000.0,
2025-01-17,,10.140000343322754,10.1899995803833,12.109999656677246,,10.140000343322754,10.1899995803833,12.229999542236328,,10.140000343322754,10.1899995803833,11.5600004196167,,10.140000343322754,10.1899995803833,12.010000228881836,,0.0,112,234900.0,
2025-01-21,,10.140000343322754,10.210000038146973,12.079999923706055,,10.170000076293945,10.210000038146973,12.484999656677246,,10.140000343322754,10.210000038146973,11.6850004196167,,10.140000343322754,10.210000038146973,12.1899995803833,,40700.0,100,351600.0,
2025-01-22,,10.140000343322754,10.210000038146973,11.920000076293945,,10.140000343322754,10.210000038146973,12.100000381469727,,10.140000343322754,10.210000038146973,11.510000228881836,,10.140000343322754,10.210000038146973,11.960000038146973,,2800.0,0,292900.0,
2025-01-23,,10.149999618530273,10.239999771118164,11.970000267028809,,10.199999809265137,10.239999771118164,12.119999885559082,,10.140000343322754,10.234999656677246,11.510000228881836,,10.180000305175781,10.234999656677246,11.859999656677246,,25500.0,500,278000.0,
2025-01-24,,10.149999618530273,10.239999771118164,11.604999542236328,,10.175000190734863,10.239999771118164,12.359999656677246,,10.140000343322754,10.239999771118164,11.550000190734863,,10.149999618530273,10.239999771118164,12.029999732971191,,38300.0,0,325300.0,
2025-01-27,,10.15999984741211,10.239999771118164,11.649999618530273,,10.1899995803833,10.239999771118164,12.109999656677246,,10.15999984741211,10.239999771118164,11.430000305175781,,10.1899995803833,10.239999771118164,12.029999732971191,,3200.0,0,251100.0,
2025-01-28,,10.164999961853027,10.220000267028809,11.979999542236328,,10.170000076293945,10.220000267028809,12.600000381469727,,10.15999984741211,10.220000267028809,11.100000381469727,,10.15999984741211,10.220000267028809,11.550000190734863,,36600.0,1417,834800.0,
2025-01-29,,10.180000305175781,10.239999771118164,11.760000228881836,,10.180000305175781,10.239999771118164,12.399999618530273,,10.164999961853027,10.229900360107422,11.65999984741211,,10.17300033569336,10.239999771118164,11.90999984741211,,8100.0,2648,294200.0,
2025-01-30,,10.180000305175781,10.239999771118164,12.90999984741211,,10.180000305175781,10.239999771118164,13.09000015258789,,10.170000076293945,10.239999771118164,11.779999732971191,,10.170000076293945,10.239999771118164,11.779999732971191,,3200.0,0,543600.0,
2025-01-31,,10.170000076293945,10.239999771118164,12.619999885559082,,10.170000076293945,10.239999771118164,13.380000114440918,,10.170000076293945,10.239999771118164,12.510000228881836,,10.170000076293945,10.239999771118164,12.880000114440918,,700.0,0,488300.0,
2025-02-03,,10.170000076293945,10.239999771118164,12.300000190734863,,10.20300006866455,10.239999771118164,13.600000381469727,,10.170000076293945,10.239999771118164,12.020000457763672,,10.20300006866455,10.239999771118164,12.09000015258789,,1800.0,0,235600.0,
2025-02-04,,10.170000076293945,10.239999771118164,12.239999771118164,,10.170000076293945,10.239999771118164,12.539999961853027,,10.170000076293945,10.239999771118164,11.760000228881836,,10.170000076293945,10.239999771118164,12.210000038146973,,2000.0,0,175100.0,
2025-02-05,,10.204999923706055,10.239999771118164,12.720000267028809,,10.204999923706055,10.239999771118164,12.96500015258789,,10.170000076293945,10.239999771118164,12.270000457763672,,10.170000076293945,10.239999771118164,12.319999694824219,,4800.0,0,225200.0,
2025-02-06,,10.180000305175781,10.239999771118164,12.600000381469727,,10.180000305175781,10.239999771118164,13.90999984741211,,10.170000076293945,10.239999771118164,12.279999732971191,,10.180000305175781,10.239999771118164,13.84000015258789,,400.0,0,201800.0,
2025-02-07,,10.170000076293945,10.239999771118164,12.130000114440918,,10.170000076293945,10.239999771118164,12.989999771118164,,10.170000076293945,10.239999771118164,11.85200023651123,,10.170000076293945,10.239999771118164,12.569999694824219,,600.0,0,253400.0,
2025-02-10,,10.180000305175781,10.239999771118164,13.0,,10.201000213623047,10.289999961853027,13.09000015258789,,10.170000076293945,10.239999771118164,12.069999694824219,,10.201000213623047,10.289999961853027,12.069999694824219,,19000.0,2509,423900.0,
2025-02-11,,10.180000305175781,10.260000228881836,13.020000457763672,,10.180000305175781,10.270000457763672,13.170000076293945,,10.180000305175781,10.260000228881836,11.640000343322754,,10.180000305175781,10.270000457763672,13.170000076293945,,4600.0,200,469400.0,
2025-02-12,,10.1899995803833,10.350000381469727,13.220000267028809,,10.1899995803833,10.489999771118164,13.569999694824219,,10.1899995803833,10.350000381469727,12.604999542236328,,10.1899995803833,10.489999771118164,12.819999694824219,,2900.0,879,161500.0,
2025-02-13,,10.1899995803833,10.350000381469727,13.119999885559082,,10.1899995803833,10.350000381469727,13.40999984741211,,10.1899995803833,10.350000381469727,12.5,,10.1899995803833,10.350000381469727,13.40999984741211,,0.0,0,162800.0,
2025-02-14,,10.180000305175781,10.380000114440918,13.479999542236328,,10.180000305175781,10.380000114440918,13.949999809265137,,10.180000305175781,10.380000114440918,13.25,,10.180000305175781,10.380000114440918,13.300000190734863,,700.0,119,180500.0,
2025-02-18,,10.180000305175781,10.380000114440918,13.09000015258789,,10.180000305175781,10.380000114440918,14.420000076293945,,10.180000305175781,10.380000114440918,12.380000114440918,,10.180000305175781,10.380000114440918,13.579999923706055,,1800.0,0,374100.0,
2025-02-19,,10.180000305175781,10.279999732971191,13.15999984741211,,10.180000305175781,10.279999732971191,13.395000457763672,,10.180000305175781,10.279999732971191,12.864999771118164,,10.180000305175781,10.279999732971191,12.90999984741211,,700.0,100,283700.0,
2025-02-20,,10.180000305175781,10.25,13.819999694824219,,10.180000305175781,10.279999732971191,13.829999923706055,,10.180000305175781,10.25,12.960000038146973,,10.180000305175781,10.279999732971191,13.15999984741211,,2900.0,1515,316900.0,
2025-02-21,,10.180000305175781,10.25,13.0,,10.1899995803833,10.25,14.130000114440918,,10.180000305175781,10.25,12.6899995803833,,10.180000305175781,10.25,14.010000228881836,,117700.0,0,352000.0,
2025-02-24,,10.180000305175781,10.260000228881836,12.979999542236328,,10.201000213623047,10.489999771118164,13.694999694824219,,10.180000305175781,10.260000228881836,12.329999923706055,,10.201000213623047,10.489999771118164,12.9399995803833,,9600.0,997,735700.0,
2025-02-25,,10.1899995803833,10.260000228881836,12.449999809265137,,10.1899995803833,10.260000228881836,14.14900016784668,,10.180000305175781,10.260000228881836,11.9399995803833,,10.180000305175781,10.260000228881836,13.029999732971191,,5900.0,0,934200.0,
2025-02-26,,10.1899995803833,10.25,12.329999923706055,,10.25,10.25,13.166000366210938,,10.1899995803833,10.25,12.109999656677246,,10.25,10.25,12.3100004196167,,3200.0,100,259000.0,
2025-02-27,,10.1899995803833,10.25,12.359999656677246,,10.1899995803833,10.25,12.630000114440918,,10.1899995803833,10.25,11.765000343322754,,10.1899995803833,10.25,12.319999694824219,,6700.0,0,177500.0,
2025-02-28,,10.1899995803833,10.25,13.300000190734863,,10.1899995803833,10.25,13.5,,10.1899995803833,10.25,12.104999542236328,,10.1899995803833,10.25,12.279999732971191,,0.0,0,251000.0,
2025-03-03,,10.1899995803833,10.25,12.699999809265137,,10.1899995803833,10.25,13.335000038146973,,10.1899995803833,10.25,12.09000015258789,,10.1899995803833,10.25,13.300000190734863,,0.0,119,340100.0,
2025-03-04,,10.199999809265137,10.25,13.670000076293945,,10.206999778747559,10.25,13.729999542236328,,10.199999809265137,10.25,12.109999656677246,,10.199999809265137,10.25,12.399999618530273,,72600.0,0,343300.0,
2025-03-05,,10.199999809265137,10.25,14.880000114440918,,10.199999809265137,10.25,14.930000305175781,,10.199999809265137,10.25,12.8100004196167,,10.199999809265137,10.25,13.800000190734863,,600.0,0,344200.0,
2025-03-06,,10.210000038146973,10.25,15.75,,10.210000038146973,10.25,15.829999923706055,,10.210000038146973,10.25,14.25,,10.210000038146973,10.25,14.670000076293945,,5900.0,0,516900.0,
2025-03-07,,10.210000038146973,10.25,16.549999237060547,,10.234999656677246,10.25,16.68000030517578,,10.199999809265137,10.25,15.524999618530273,,10.234999656677246,10.25,15.579999923706055,,6800.0,0,704000.0,
2025-03-10,,10.210000038146973,10.25,15.359999656677246,,10.239999771118164,10.25,16.59000015258789,,10.210000038146973,10.25,15.109999656677246,,10.210000038146973,10.25,16.450000762939453,,3200.0,0,456300.0,
2025-03-11,,10.210000038146973,10.25,14.5,,10.210000038146973,10.25,15.819999694824219,,10.210000038146973,10.25,14.140000343322754,,10.210000038146973,10.25,15.399999618530273,,800.0,0,458900.0,
2025-03-12,,10.220000267028809,10.25,13.010000228881836,,10.239999771118164,10.25,14.829999923706055,,10.210000038146973,10.25,12.454999923706055,,10.239999771118164,10.25,14.460000038146973,,900.0,0,2804600.0,
2025-03-13,,10.229999542236328,10.25,13.350000381469727,,10.229999542236328,10.25,13.420000076293945,,10.229999542236328,10.25,12.039999961853027,,10.229999542236328,10.25,12.899999618530273,,700.0,0,715800.0,
2025-03-14,,10.229999542236328,10.25,12.420000076293945,,10.229999542236328,10.25,14.039999961853027,,10.229999542236328,10.25,12.010000228881836,,10.229999542236328,10.25,13.489999771118164,,1500.0,0,746300.0,
2025-03-17,,10.229999542236328,10.25,13.5,,10.25,10.25,13.6850004196167,,10.229999542236328,10.25,12.029999732971191,,10.25,10.25,12.029999732971191,,900.0,0,498500.0,
2025-03-18,,10.229999542236328,10.260000228881836,12.4399995803833,,10.229999542236328,10.260000228881836,13.470000267028809,,10.229999542236328,10.260000228881836,12.329999923706055,,10.229999542236328,10.260000228881836,13.350000381469727,,2800.0,106,482700.0,
2025-03-19,,10.260000228881836,10.260000228881836,12.399999618530273,,10.260000228881836,10.260000228881836,12.859999656677246,,10.260000228881836,10.260000228881836,11.9399995803833,,10.260000228881836,10.260000228881836,12.3100004196167,,200.0,0,470900.0,
2025-03-20,,10.229999542236328,10.260000228881836,13.09000015258789,,10.229999542236328,10.260000228881836,13.319999694824219,,10.229999542236328,10.260000228881836,12.390000343322754,,10.229999542236328,10.260000228881836,12.390000343322754,,1431.0,0,377300.0,
