Price,Close,Close,Close,Close,High,High,High,High,Low,Low,Low,Low,Open,Open,Open,Open,Volume,Volume,Volume,Volume
Ticker,ATHS,CPLS,CPNJ,CPNS,ATHS,CPLS,CPNJ,CPNS,ATHS,CPLS,CPNJ,CPNS,ATHS,CPLS,CPNJ,CPNS,ATHS,CPLS,CPNJ,CPNS
Date,,,,,,,,,,,,,,,,,,,,
2024-03-15,24.48955726623535,,,,24.528154773875265,,,,24.277276495507202,,,,24.277276495507202,,,,1484500.0,,,
2024-03-18,24.537803649902344,,,,24.653592489597603,,,,24.49920614305031,,,,24.566749939610947,,,,1456900.0,,,
2024-03-19,24.48955726623535,,,,24.595698571814655,,,,24.43166284520594,,,,24.51850539696529,,,,636300.0,,,
2024-03-20,24.528154373168945,,,,24.624646300261922,,,,24.46061057633299,,,,24.48955686615958,,,,589400.0,,,
2024-03-21,24.595699310302734,,,,24.65359373307043,,,,24.566751178703626,,,,24.595699310302734,,,,482100.0,,,
2024-03-22,24.55710220336914,,,,24.64394475264867,,,,24.537803450100267,,,,24.61499662274536,,,,233000.0,,,
2024-03-25,24.518505096435547,,,,24.59569827033874,,,,24.489556966060437,,,,24.557102603602363,,,,490500.0,,,
2024-03-26,24.50885581970215,,,,24.557102703857637,,,,24.470260152808205,,,,24.528154573364343,,,,279500.0,,,
2024-03-27,24.55710220336914,,,,24.576399116207607,,,,24.47990903072405,,,,24.528154073465828,,,,428900.0,,,
2024-03-28,24.586050033569336,,,,24.701840720008402,,,,24.54745436504333,,,,24.566751279091072,,,,3366900.0,,,
2024-04-01,24.422012329101562,,,,24.595697424518505,,,,24.393066040152323,,,,24.595697424518505,,,,273100.0,,,
2024-04-02,24.267627716064453,,,,24.335171515666765,,,,24.190434539314595,,,,24.315874601802182,,,,274200.0,,,
2024-04-03,24.315872192382812,,,,24.35446785671811,,,,24.07464330888866,,,,24.200081518516278,,,,200100.0,,,
2024-04-04,24.248329162597656,,,,24.42201427183095,,,,24.1904347396634,,,,24.373769226124157,,,,257400.0,,,
2024-04-05,24.257978439331055,,,,24.3062253252685,,,,24.209733393824127,,,,24.209733393824127,,,,414700.0,,,
2024-04-08,24.257978439331055,,,,24.29657594808101,,,,24.248329062143565,,,,24.267627816518544,,,,93600.0,,,
2024-04-09,24.373767852783203,,,,24.373767852783203,,,,24.296574679743472,,,,24.30622405642724,,,,100800.0,,,
2024-04-10,24.29657554626465,,,,24.339032437101345,,,,24.113241063595378,,,,24.277276792208834,,,,257600.0,,,
2024-04-11,24.267627716064453,,,,24.306225224654636,,,,24.1711357850195,,,,24.267627716064453,,,,104300.0,,,
2024-04-12,24.161487579345703,,,,24.277276421049404,,,,24.142188825584935,,,,24.24832829040825,,,,36500.0,,,
2024-04-15,23.910608291625977,,,,24.171134094668428,,,,23.8430626563168,,,,24.171134094668428,,,,163100.0,,,
2024-04-16,23.843063354492188,,,,24.026397831981903,,,,23.804467687901447,,,,23.833415818167328,,,,202900.0,,,
2024-04-17,23.978153228759766,,,,24.084292694155344,,,,23.862362546001314,,,,23.949205097962537,,,,142700.0,,,
2024-04-18,23.862363815307617,,,,24.01675017357749,,,,23.847890669354367,,,,23.929907616996864,,,,183700.0,,,
2024-04-19,24.007099151611328,,,,24.055346035534786,,,,23.862362180701833,,,,23.862362180701833,,,,81400.0,,,
2024-04-22,24.06499481201172,,,,24.132538607389222,,,,24.011924161234997,,,,24.06499481201172,,,,105400.0,,,
2024-04-23,24.151838302612305,,,,24.171135216022634,,,,24.02639824307762,,,,24.064995750759202,,,,53200.0,,,
2024-04-24,24.045696258544922,,,,24.12288943110725,,,,23.968503085982597,,,,24.12288943110725,,,,79700.0,,,
2024-04-25,23.900959014892578,,,,23.997450939592255,,,,23.79481771367989,,,,23.900959014892578,,,,143100.0,,,
2024-04-26,23.958852767944336,,,,24.074643442453272,,,,23.9492033916994,,,,23.968502144189276,,,,51700.0,,,
2024-04-29,24.06499481201172,,,,24.06499481201172,,,,23.958853510458272,,,,24.00709855274781,,,,38500.0,,,
2024-04-30,24.036046981811523,,,,24.103590778030462,,,,23.92990567893581,,,,24.064995111804105,,,,51900.0,,,
2024-05-01,24.12289047241211,,,,24.151838603533978,,,,23.92025907585048,,,,24.036047919476985,,,,94200.0,,,
2024-05-02,24.190433502197266,,,,24.25797729890377,,,,24.05438152324,,,,24.12288970549076,,,,276600.0,,,
2024-05-03,24.219383239746094,,,,24.286927040935222,,,,24.190435107623376,,,,24.286927040935222,,,,165400.0,,,
2024-05-06,24.229032516479492,,,,24.23868189381365,,,,24.17113625247454,,,,24.23868189381365,,,,166300.0,,,
2024-05-07,24.209733963012695,,,,24.364120320781222,,,,24.161488916371493,,,,24.277277764482605,,,,204300.0,,,
2024-05-08,24.151838302612305,,,,24.248328390955336,,,,24.093942041089928,,,,24.18078459294303,,,,165400.0,,,
2024-05-09,24.209733963012695,,,,24.238682095255754,,,,24.113242029299727,,,,24.171136453355285,,,,56800.0,,,
2024-05-10,24.161487579345703,,,,24.238680753958324,,,,24.122890071824166,,,,24.180784492676015,,,,67700.0,,,
2024-05-13,24.209733963012695,,,,24.24832963223955,,,,24.171136453355285,,,,24.209733963012695,,,,34900.0,,,
2024-05-14,24.209733963012695,,,,24.277277764482605,,,,24.151839538957137,,,,24.277277764482605,,,,63400.0,,,
2024-05-15,24.344820022583008,,,,24.344820022583008,,,,24.24832809498726,,,,24.257977471789882,,,,95000.0,,,
2024-05-16,24.306224822998047,,,,24.4123642890061,,,,24.277276692033773,,,,24.364119244496116,,,,54900.0,,,
2024-05-17,24.306224822998047,,,,24.325521736543752,,,,24.2483285610695,,,,24.306224822998047,,,,52100.0,,,
2024-05-20,24.46061134338379,,,,24.48666447738906,,,,24.325521905045232,,,,24.344820659155097,,,,83200.0,,,
2024-05-21,24.479909896850586,,,,24.547453695251015,,,,24.43166301197137,,,,24.489557433395955,,,,82200.0,,,
2024-05-22,24.46061134338379,,,,24.518505765282892,,,,24.41236445810913,,,,24.518505765282892,,,,143500.0,,,
2024-05-23,24.364118576049805,,,,24.52815429948597,,,,24.29657477941675,,,,24.52815429948597,,,,136300.0,,,
2024-05-24,24.50885581970215,,,,24.50885581970215,,,,24.335170717603283,,,,24.335170717603283,,,,62700.0,,,
2024-05-28,24.48955726623535,,,,24.557102904605202,,,,24.41236409138598,,,,24.54745352769522,,,,45400.0,,,
2024-05-29,24.39306640625,,,,24.45096082544775,,,,24.306223857238173,,,,24.431662072238368,,,,74500.0,,,
2024-05-30,24.48955726623535,,,,24.537804150785245,,,,24.393067177996485,,,,24.393067177996485,,,,95300.0,,,
2024-05-31,24.62464714050293,,,,24.68254156256201,,,,24.49920707887267,,,,24.547453964280653,,,,138000.0,,,
2024-06-03,24.711490631103516,,23.6299991607666,,24.750086300463323,,23.75,,24.590876173654443,,23.559999465942383,,24.62464807450574,,23.75,,52000.0,,1720400.0,
2024-06-04,24.846576690673828,,23.670000076293945,,24.885174198065958,,23.68899917602539,,24.663242211422116,,23.6200008392334,,24.663242211422116,,23.670000076293945,,130600.0,,161000.0,
2024-06-05,24.95271873474121,,23.76300048828125,,24.972015648578452,,23.770000457763672,,24.798332381460238,,23.67799949645996,,24.8851749352346,,23.719999313354492,,66600.0,,81100.0,
2024-06-06,24.904470443725586,,23.76799964904785,,24.991312992599468,,23.790000915527344,,24.798330982103376,,23.760000228881836,,24.95271732667241,,23.770000457763672,,100700.0,,143200.0,
2024-06-07,24.759733200073242,,23.780000686645508,,24.90447016644142,,23.799999237060547,,24.701838781612047,,23.75,,24.875523877426012,,23.799999237060547,,104600.0,,75100.0,
2024-06-10,24.72113800048828,,23.780000686645508,,24.8465762162567,,23.790000915527344,,24.68254049383313,,23.739999771118164,,24.750084290049234,,23.770000457763672,,64000.0,,22700.0,
2024-06-11,24.759733200073242,,23.81999969482422,,24.798330706000957,,23.81999969482422,,24.682540028648187,,23.760000228881836,,24.7790319530371,,23.760000228881836,,38900.0,,34800.0,
2024-06-12,24.933420181274414,,23.889999389648438,,24.943069558486002,,23.91900062561035,,24.798332581173266,,23.867000579833984,,24.865876381223842,,23.90999984741211,,70400.0,,24500.0,
2024-06-13,25.029911041259766,,23.913000106811523,,25.087805461619904,,23.959999084472656,,24.817628432555193,,23.895000457763672,,24.972014780469188,,23.959999084472656,,75700.0,,14900.0,
2024-06-14,24.605348587036133,,23.94700050354004,,24.692191141048347,,23.959999084472656,,24.4220141018514,,23.908000946044922,,24.586049832715528,,23.93000030517578,,98800.0,,13400.0,
2024-06-17,24.605348587036133,,23.985000610351562,,24.624647341356738,,24.010000228881836,,24.46061161049261,,23.8700008392334,,24.605348587036133,,23.8700008392334,,33700.0,,75700.0,
2024-06-18,24.643945693969727,,23.996000289916992,,24.740435783138903,,24.030000686645508,,24.586049431951643,,23.969999313354492,,24.614997562960685,,24.0,,140200.0,,111700.0,
2024-06-20,24.76938247680664,,23.988000869750977,,24.76938247680664,,24.040000915527344,,24.557101716350214,,23.954999923706055,,24.65359179992017,,24.030000686645508,,72100.0,,229400.0,
2024-06-21,24.76938247680664,,23.969999313354492,,24.83692627147776,,23.989999771118164,,24.726925588543207,,23.950000762939453,,24.76938247680664,,23.989999771118164,,44300.0,,143200.0,
2024-06-24,24.817628860473633,,23.920000076293945,,24.83692761440325,,23.989999771118164,,24.75491067084808,,23.920000076293945,,24.817628860473633,,23.989999771118164,,67800.0,,14100.0,
2024-06-25,24.885173797607422,,23.959999084472656,,24.885173797607422,,23.969999313354492,,24.807978784065405,,23.920000076293945,,24.87552442091467,,23.920000076293945,,57200.0,,9500.0,
2024-06-26,24.798330307006836,,23.996000289916992,,24.88517285351656,,24.0,,24.759732801700135,,23.940000534057617,,24.875523477189887,,23.979999542236328,,71600.0,,15700.0,
2024-06-27,24.605348587036133,,23.989999771118164,,24.83692811759187,,24.020000457763672,,24.586049832715528,,23.969999313354492,,24.79833244938117,,24.0,,264700.0,,5300.0,
2024-06-28,24.50885581970215,,24.0049991607666,,24.86587540073098,,24.06999969482422,,24.50885581970215,,24.0,,24.66324216813882,,24.0,,879200.0,,158700.0,
2024-07-01,24.364118576049805,,24.030000686645508,,24.57157557452585,,24.030000686645508,,24.344819822603096,,23.950000762939453,,24.518504922762617,,23.985000610351562,,121500.0,,30900.0,
2024-07-02,24.470260620117188,33.81073760986328,24.062000274658203,,24.48955753371745,33.81073760986328,24.06999969482422,,24.38341806740932,33.75744628267125,24.0,,24.412364358024956,33.78651293526094,24.030000686645508,,117300.0,7200.0,28500.0,
2024-07-03,24.576400756835938,33.98515319824219,24.100000381469727,,24.58605013411453,33.98999887357659,24.100000381469727,,24.460611910353872,33.92217050739688,24.089000701904297,,24.489558201759124,33.92217050739688,24.089000701904297,,41900.0,10500.0,5800.0,
2024-07-05,24.66324234008789,34.13048553466797,24.155000686645508,,24.672891716986264,34.13048553466797,24.170000076293945,,24.557102875066718,34.05297322073288,24.155000686645508,,24.605347919128118,34.086885551110754,24.170000076293945,,44700.0,1300.0,163700.0,
2024-07-08,24.576400756835938,34.14018249511719,24.170000076293945,,24.68254206646994,34.14018249511719,24.18000030517578,,24.547454465430686,34.14018249511719,24.131000518798828,,24.68254206646994,34.14018249511719,24.139999389648438,,55200.0,100.0,8900.0,
2024-07-09,24.528154373168945,34.10142135620117,24.190000534057617,,24.595698170004898,34.10142135620117,24.200000762939453,,24.518504996416603,34.0965756811761,24.15999984741211,,24.595698170004898,34.0965756811761,24.200000762939453,,29500.0,5500.0,33600.0,
2024-07-10,24.61499786376953,34.1440544128418,24.209999084472656,,24.653593531822768,34.1440544128418,24.239999771118164,,24.528155310111625,34.13533515435603,24.190000534057617,,24.566750978164862,34.13533515435603,24.209999084472656,,36600.0,1100.0,9900.0,
2024-07-11,24.61499786376953,34.32136917114258,24.139999389648438,,24.729822322776794,34.34849903741669,24.200000762939453,,24.59569910952766,34.32136917114258,24.139999389648438,,24.643945995132334,34.34849903741669,24.200000762939453,,95900.0,15100.0,18200.0,
2024-07-12,24.605348587036133,34.39306640625,24.149999618530273,,24.692191141048347,34.41632268875213,24.219999313354492,,24.576400455555227,34.348498025065844,24.149999618530273,,24.643946095677343,34.348498025065844,24.187999725341797,,39800.0,500.0,5600.0,
2024-07-15,24.586050033569336,34.30973434448242,24.17799949645996,,24.6468394537884,34.41631699726853,24.219999313354492,,24.54745436504333,34.30004669248657,24.17799949645996,,24.634296919765,34.41631699726853,24.18000030517578,,17400.0,5600.0,3200.0,
2024-07-16,24.537803649902344,34.43763732910156,24.18000030517578,,24.653592489597603,34.43763732910156,24.200000762939453,,24.49920614305031,34.38725487898091,24.149999618530273,,24.653592489597603,34.38725487898091,24.176000595092773,,84800.0,600.0,10200.0,
2024-07-17,24.46061134338379,34.450233459472656,24.06999969482422,,24.499207011173027,34.450233459472656,24.114999771118164,,24.431663212218993,34.450233459472656,24.06999969482422,,24.489557634118096,34.450233459472656,24.114999771118164,,69700.0,100.0,11100.0,
2024-07-18,24.44131088256836,34.34849548339844,24.05500030517578,,24.518504053187026,34.38725348725606,24.094999313354492,,24.38341646471195,34.34849548339844,24.020000457763672,,24.460609635330616,34.38725348725606,24.094999313354492,,84000.0,1400.0,7100.0,
2024-07-19,24.44131088256836,34.26613998413086,24.010000228881836,,24.479908388092873,34.26613998413086,24.059999465942383,,24.373767088330823,34.26613998413086,24.0,,24.412362753424976,34.26613998413086,24.030000686645508,,55200.0,100.0,48200.0,
2024-07-22,24.46061134338379,34.257423400878906,24.09000015258789,,24.499207011173027,34.257423400878906,24.09000015258789,,24.41236445810913,34.257423400878906,24.059999465942383,,24.479910097493654,34.257423400878906,24.075000762939453,,54600.0,100.0,2500.0,
2024-07-23,24.39306640625,34.262264251708984,24.075000762939453,,24.479908955261827,34.280674860133594,24.100000381469727,,24.35446889983123,34.262264251708984,24.06999969482422,,24.470259578657135,34.280674860133594,24.070999145507812,,59600.0,56800.0,11700.0,
2024-07-24,24.229032516479492,34.217689514160156,23.915000915527344,,24.412365164536883,34.30005119969623,24.049999237060547,,24.17113625247454,34.217689514160156,23.899999618530273,,24.412365164536883,34.30005119969623,24.049999237060547,,80300.0,8200.0,19800.0,
2024-07-25,24.267627716064453,34.285518646240234,23.874000549316406,,24.335171515666765,34.29036432158994,23.950000762939453,,24.229032047904777,34.27583099170814,23.850000381469727,,24.277277093212,34.27583099170814,23.850000381469727,,64100.0,1000.0,12800.0,
2024-07-26,24.33517074584961,34.332027435302734,23.90999984741211,,24.344820122691907,34.35818890749269,23.950000762939453,,24.306224455753163,34.15471489731226,23.8700008392334,,24.31587383259546,34.35818890749269,23.889999389648438,,34400.0,12400.0,29900.0,
2024-07-29,24.306224822998047,34.41535568237305,23.93000030517578,,24.3834179984723,34.42601173214425,23.951000213623047,,24.277276692033773,34.41535568237305,23.93000030517578,,24.3834179984723,34.42601173214425,23.950000762939453,,29500.0,300.0,1300.0,
2024-07-30,24.315872192382812,34.45216751098633,23.86400032043457,,24.35446785671811,34.47445539496289,23.959999084472656,,24.257975935234384,34.45216751098633,23.832000732421875,,24.315872192382812,34.45507639401942,23.959999084472656,,26100.0,1100.0,10000.0,
2024-07-31,24.315872192382812,34.62464141845703,24.027000427246094,,24.412362273436216,34.62464141845703,24.05900001525879,,24.26762531142579,34.50352542283974,23.975000381469727,,24.364117232909514,34.50352542283974,23.975000381469727,,91300.0,600.0,20000.0,
2024-08-01,24.306224822998047,34.77440643310547,23.915000915527344,,24.450961796958463,34.81622409142031,24.020000457763672,,24.286926069021863,34.748147970937936,23.8700008392334,,24.364119244496116,34.75787525093275,24.020000457763672,,180100.0,10800.0,14000.0,
2024-08-02,24.103591918945312,35.132293701171875,23.851999282836914,,24.248328894898336,35.132293701171875,23.8700008392334,,24.07464562801301,35.12451410314526,23.809999465942383,,24.248328894898336,35.12451410314526,23.850000381469727,,240000.0,300.0,31700.0,
2024-08-05,23.707975387573242,35.10312271118164,23.783000946044922,,23.81411668978019,35.12743349365654,23.860000610351562,,23.273764483002875,35.10312271118164,23.649999618530273,,23.534290289572933,35.12743349365654,23.770000457763672,,193500.0,100.0,338300.0,
2024-08-06,23.85271453857422,34.88332748413086,23.809999465942383,,23.949206473007944,35.02823501598374,23.850000381469727,,23.756224444571068,34.88332748413086,23.670000076293945,,23.794820114086214,35.02823501598374,23.670000076293945,,180800.0,900.0,15500.0,
2024-08-07,23.823766708374023,34.77732467651367,23.735000610351562,,24.035083092520736,34.816226379308624,23.799999237060547,,23.80446795464718,34.77732467651367,23.735000610351562,,23.93955554987418,34.816226379308624,23.799999237060547,,69000.0,1400.0,7900.0,
2024-08-08,23.949203491210938,34.748146057128906,23.85099983215332,,24.007097908490795,34.748146057128906,23.8700008392334,,23.852711568790944,34.74328241739937,23.746999740600586,,23.89130907393108,34.74425811324138,23.799999237060547,,68400.0,1100.0,7400.0,
2024-08-09,23.949203491210938,34.830814361572266,23.889999389648438,,24.02639666106086,34.88430327663197,23.90999984741211,,23.910607826501145,34.78705272736195,23.829999923706055,,24.007097908490795,34.84540528284636,23.829999923706055,,44600.0,111400.0,7000.0,
2024-08-12,23.93955421447754,34.87846755981445,23.909000396728516,,23.987801096103336,34.97183016439956,23.93000030517578,,23.920257302257568,34.87846755981445,23.860000610351562,,23.949203590802696,34.89403046715906,23.93000030517578,,45000.0,6500.0,54600.0,
2024-08-13,23.949203491210938,35.02532196044922,24.0,,24.093940454625752,35.07881087977039,24.040000915527344,,23.92025720278618,35.02045831963704,23.940000534057617,,24.01674728477583,35.02045831963704,23.940000534057617,,196000.0,1400.0,17000.0,
2024-08-14,24.132539749145508,35.11284637451172,24.030000686645508,,24.15183850314654,35.12743358600914,24.059999465942383,,23.95885464399719,35.10798273405568,23.989999771118164,,23.978153397998216,35.10798273405568,24.059999465942383,,93000.0,1400.0,52500.0,
2024-08-15,24.248329162597656,34.97669219970703,24.125999450683594,,24.28692667150751,34.991279410403294,24.125999450683594,,24.07464589379488,34.97669219970703,24.06999969482422,,24.180785362435934,34.98155583989594,24.06999969482422,,106400.0,400.0,4500.0,
2024-08-16,24.29657554626465,35.07881164550781,24.145000457763672,,24.315874300320466,35.07881164550781,24.18000030517578,,24.25797803815302,35.010735512135014,24.100000381469727,,24.25797803815302,35.010735512135014,24.100000381469727,,51500.0,600.0,16700.0,
2024-08-19,24.422012329101562,35.156620025634766,24.204999923706055,,24.431661705561435,35.166343598973626,24.219999313354492,,24.315872868903725,35.14689274242435,24.13800048828125,,24.33516978139309,35.166343598973626,24.149999618530273,,74300.0,2700.0,12900.0,
2024-08-20,24.479909896850586,35.19550323486328,24.214000701904297,,24.489557433395955,35.19550323486328,24.239999771118164,,24.36411921357094,35.19550323486328,24.190000534057617,,24.450961765923058,35.19550323486328,24.211000442504883,,39500.0,100.0,2300.0,
2024-08-21,24.537803649902344,35.273311614990234,24.25,,24.566749939610947,35.273311614990234,24.270000457763672,,24.479909230054712,35.273311614990234,24.229999542236328,,24.49920614305031,35.273311614990234,24.260000228881836,,39500.0,100.0,5400.0,
2024-08-22,24.48955726623535,35.127437591552734,24.163999557495117,,24.537804150785245,35.127437591552734,24.229999542236328,,24.460610975935875,35.127437591552734,24.149999618530273,,24.537804150785245,35.127437591552734,24.229999542236328,,25700.0,100.0,2500.0,
2024-08-23,24.528154373168945,35.278175354003906,24.260000228881836,,24.576399416500216,35.278175354003906,24.270000457763672,,24.508855619664264,35.24413729191073,24.20800018310547,,24.576399416500216,35.24413729191073,24.209999084472656,,40400.0,400.0,14400.0,
2024-08-26,24.547452926635742,35.26845169067383,24.219999313354492,,24.576399216226452,35.27331533143468,24.229999542236328,,24.499206043267204,35.26845169067383,24.156999588012695,,24.576399216226452,35.27331533143468,24.204999923706055,,21400.0,1100.0,14000.0,
2024-08-27,24.605348587036133,35.24899673461914,24.21500015258789,,24.624647341356738,35.24899673461914,24.229999542236328,,24.508856655863614,35.2149586729969,24.139999389648438,,24.55710354166513,35.2149586729969,24.139999389648438,,36100.0,2000.0,7300.0,
2024-08-28,24.595699310302734,35.214962005615234,24.170000076293945,,24.616926835883767,35.23246888605081,24.25,,24.561927410319033,35.214962005615234,24.104999542236328,,24.605348687502435,35.23246888605081,24.25,,26400.0,200.0,6200.0,
2024-08-29,24.537803649902344,35.16633224487305,24.155000686645508,,24.67289124302362,35.16633224487305,24.229999542236328,,24.49920614305031,35.16633224487305,24.139999389648438,,24.634295576602007,35.16633224487305,24.149999618530273,,45100.0,100.0,2300.0,
2024-08-30,24.39306640625,35.101173400878906,24.22599983215332,,24.586048417052638,35.19550798780049,24.25,,24.29657448063348,35.101173400878906,24.22599983215332,,24.586048417052638,35.19550798780049,24.25,,103200.0,2900.0,300.0,
2024-09-03,24.354469299316406,35.23295211791992,24.09000015258789,24.690000534057617,24.441311849752708,35.23295211791992,24.190000534057617,24.899999618530273,24.296574879169018,35.20171490734682,24.06999969482422,24.670000076293945,24.422013096226767,35.228070489232195,24.190000534057617,24.899999618530273,38400.0,1700.0,14200.0,557400.0
2024-09-04,24.48955726623535,35.41549301147461,24.079999923706055,24.718000411987305,24.499206643145328,35.41549301147461,24.100000381469727,27.18000030517578,24.36604965882073,35.35497346449902,24.02899932861328,24.65999984741211,24.402716554906466,35.35497346449902,24.02899932861328,27.18000030517578,63300.0,3100.0,3300.0,207600.0
2024-09-05,24.518505096435547,35.48186111450195,24.06999969482422,24.729999542236328,24.586048893547034,35.48186111450195,24.100000381469727,24.81999969482422,24.470260052907467,35.47210158022654,24.049999237060547,24.670000076293945,24.57639951675533,35.47210158022654,24.079999923706055,24.729999542236328,38900.0,2700.0,24600.0,71500.0
2024-09-06,24.412363052368164,35.51602554321289,23.954999923706055,24.649999618530273,24.595697524993913,35.642921832035675,24.1200008392334,24.725000381469727,24.364118010302096,35.43696251611192,23.954999923706055,24.6200008392334,24.557101859427135,35.43696251611192,24.1200008392334,24.7189998626709,84600.0,2300.0,2100.0,223300.0
2024-09-09,24.547452926635742,35.57459259033203,24.010000228881836,24.690000534057617,24.547452926635742,35.57947421914821,24.010000228881836,24.719999313354492,24.441311623655373,35.55995142747526,23.959999084472656,24.639999389648438,24.537803549962035,35.55995142747526,23.979999542236328,24.690000534057617,106300.0,900.0,9000.0,96400.0
2024-09-10,24.67289161682129,35.65268325805664,24.06999969482422,24.746999740600586,24.67289161682129,35.65268325805664,24.06999969482422,24.75,24.50885589107582,35.65268325805664,24.010000228881836,24.6560001373291,24.586049065518957,35.65268325805664,24.020000457763672,24.709999084472656,50700.0,200.0,8600.0,70900.0
2024-09-11,24.682540893554688,35.65268325805664,24.170000076293945,24.798999786376953,24.69219027037474,35.65268325805664,24.170000076293945,24.829999923706055,24.581225197589774,35.65268325805664,23.989999771118164,24.649999618530273,24.682540893554688,35.65268325805664,24.030000686645508,24.68000030517578,105400.0,0.0,4800.0,65200.0
2024-09-12,24.759733200073242,35.62339782714844,24.219999313354492,24.885000228881836,24.759733200073242,35.62339782714844,24.239999771118164,24.93000030517578,24.66324127568433,35.62339782714844,24.170000076293945,24.799999237060547,24.711488158093974,35.62339782714844,24.170000076293945,24.809999465942383,63200.0,100.0,500.0,6200.0
2024-09-13,24.39306640625,35.70637512207031,24.27400016784668,24.895999908447266,24.470259578657135,35.71613465737336,24.27400016784668,24.920000076293945,24.35446889983123,35.70637512207031,24.25,24.850000381469727,24.41236331902898,35.71613465737336,24.25,24.8799991607666,128900.0,900.0,3000.0,10900.0
2024-09-16,24.48955726623535,35.80398178100586,24.235000610351562,24.850000381469727,24.48955726623535,35.80398178100586,24.235000610351562,24.899999618530273,24.344820293446592,35.72589061203919,24.209999084472656,24.850000381469727,24.42201346829596,35.72589061203919,24.209999084472656,24.899999618530273,86100.0,1200.0,1100.0,67000.0
2024-09-17,24.547452926635742,35.794219970703125,24.239999771118164,24.875,24.643944852942404,35.803983229014754,24.28499984741211,24.920000076293945,24.46061037700279,35.784460435983526,24.229999542236328,24.829999923706055,24.58604859290016,35.784460435983526,24.28499984741211,24.920000076293945,84600.0,1800.0,3100.0,7200.0
2024-09-18,24.595699310302734,35.638038635253906,24.25,24.864999771118164,24.711489996268643,35.8137400355585,24.277000427246094,24.90999984741211,24.460611710367935,35.638038635253906,24.25,24.864999771118164,24.57640055590333,35.7356525929741,24.2549991607666,24.8700008392334,103600.0,900.0,300.0,8300.0
2024-09-19,24.788681030273438,35.667320251464844,24.364999771118164,24.989999771118164,24.84657544803574,35.667320251464844,24.378999710083008,25.0,24.634294689287064,35.63803420599272,24.32699966430664,24.940000534057617,24.663240977953034,35.63803420599272,24.32699966430664,24.954999923706055,66500.0,200.0,2400.0,21000.0
2024-09-20,24.82727813720703,35.667320251464844,24.382999420166016,24.968000411987305,24.89482193525754,35.67707978422803,24.382999420166016,25.010000228881836,24.740435585304816,35.667320251464844,24.332000732421875,24.934999465942383,24.798331846859934,35.667320251464844,24.332000732421875,25.010000228881836,59600.0,600.0,4900.0,11900.0
2024-09-23,24.788681030273438,35.686851501464844,24.405000686645508,25.003000259399414,24.885172953497513,35.75517941778064,24.40999984741211,25.030000686645508,24.750083524811664,35.66732870771859,24.360000610351562,25.0,24.875523577132068,35.66732870771859,24.360000610351562,25.020000457763672,47400.0,8000.0,70500.0,9900.0
2024-09-24,24.83692741394043,35.69660568237305,24.43000030517578,25.010000228881836,24.856226167714286,35.77469684564509,24.459999084472656,25.030000686645508,24.730786108614684,35.65756010073703,24.43000030517578,24.989999771118164,24.798331746823177,35.65756010073703,24.459999084472656,25.0,36800.0,1500.0,700.0,4400.0
2024-09-25,24.865875244140625,35.54043197631836,24.44099998474121,25.030000686645508,24.88517399768129,35.54043197631836,24.44499969482422,25.059999465942383,24.783856461808025,35.54043197631836,24.440000534057617,25.020000457763672,24.88517399768129,35.54043197631836,24.44499969482422,25.030000686645508,20800.0,100.0,600.0,4300.0
2024-09-26,24.846576690673828,35.55018997192383,24.454999923706055,25.059999465942383,24.90447111133157,35.56971276458641,24.469999313354492,25.100000381469727,24.750084762623956,35.55018997192383,24.454999923706055,25.030000686645508,24.865875444369895,35.5599532300511,24.459999084472656,25.100000381469727,43600.0,5000.0,1400.0,1000.0
2024-09-27,24.885173797607422,35.667320251464844,24.459999084472656,25.040000915527344,24.92376946394801,35.735648151580996,24.459999084472656,25.059999465942383,24.788681871110324,35.628274673229534,24.440000534057617,25.010000228881836,24.894821333869753,35.628274673229534,24.459999084472656,25.049999237060547,29300.0,2200.0,1000.0,50800.0
2024-09-30,24.759733200073242,35.55506896972656,24.46500015258789,25.040000915527344,24.952717048851067,35.55506896972656,24.46500015258789,25.040000915527344,24.62464561018699,35.55506896972656,24.424999237060547,25.010000228881836,24.923768919405276,35.55506896972656,24.459999084472656,25.010000228881836,138400.0,200.0,3400.0,400.0
2024-10-01,24.856225967407227,35.66481018066406,24.405000686645508,25.0,24.914120387831787,35.66481018066406,24.420000076293945,25.030000686645508,24.721138372939777,35.66481018066406,24.360000610351562,24.950000762939453,24.846576590598062,35.66481018066406,24.420000076293945,25.0,59300.0,0.0,4700.0,20300.0
2024-10-02,24.894821166992188,35.60111999511719,24.415000915527344,25.020000457763672,24.981663716214403,35.61581643337734,24.440000534057617,25.030000686645508,24.759733575060032,35.60111999511719,24.3799991607666,24.975000381469727,24.894821166992188,35.61581643337734,24.389999389648438,25.010000228881836,19400.0,1600.0,72400.0,76500.0
2024-10-03,24.894821166992188,35.45904541015625,24.389999389648438,25.0049991607666,24.933418673504463,35.45904541015625,24.40999984741211,25.030000686645508,24.846576124282247,35.42965253594509,24.350000381469727,24.989999771118164,24.914119920248325,35.42965253594509,24.40999984741211,25.020000457763672,29200.0,200.0,2000.0,50400.0
2024-10-04,24.865875244140625,35.23369216918945,24.440000534057617,25.020000457763672,24.88517399768129,35.30227803576804,24.450000762939453,25.02899932861328,24.75008456332708,35.223895790099405,24.399999618530273,24.97800064086914,24.88517399768129,35.27778521921821,24.399999618530273,25.020000457763672,17900.0,2400.0,676300.0,618300.0
2024-10-07,24.66324234008789,35.08673095703125,24.39699935913086,24.959999084472656,24.865875574092787,35.08673095703125,24.434999465942383,25.030000686645508,24.653592963189517,35.08673095703125,24.389999389648438,24.950000762939453,24.865875574092787,35.08673095703125,24.40999984741211,25.010000228881836,53900.0,100.0,1500.0,32800.0
2024-10-08,24.72113800048828,35.14747619628906,24.48200035095215,25.030000686645508,24.788681796704385,35.14747619628906,24.48200035095215,25.030000686645508,24.66324174050555,35.14747619628906,24.3799991607666,25.013999938964844,24.730785536721655,35.14747619628906,24.3799991607666,25.030000686645508,26000.0,100.0,7600.0,3300.0
2024-10-09,24.62464714050293,35.08673095703125,24.5049991607666,25.059999465942383,24.779033492947484,35.09652733804784,24.5049991607666,25.06999969482422,24.62464714050293,35.083789426371176,24.450000762939453,25.010000228881836,24.750085361702695,35.09652733804784,24.469999313354492,25.049999237060547,41300.0,1400.0,1100.0,6400.0
2024-10-10,24.605348587036133,35.0279426574707,24.5,25.075000762939453,24.672892386727742,35.0279426574707,24.520000457763672,25.09000015258789,24.518506033023918,34.978953275409886,24.489999771118164,25.059999465942383,24.653593632407137,34.978953275409886,24.5,25.079999923706055,52700.0,1400.0,5100.0,5800.0
2024-10-11,24.66324234008789,35.081825256347656,24.530000686645508,25.08799934387207,24.682541093884634,35.081825256347656,24.530000686645508,25.100000381469727,24.576399788433,35.081825256347656,24.5,25.06999969482422,24.595698542229748,35.081825256347656,24.530000686645508,25.079999923706055,65900.0,0.0,600.0,19100.0
2024-10-14,24.67289161682129,35.05243682861328,24.54599952697754,25.1200008392334,24.72113850111728,35.05243682861328,24.549999237060547,25.1200008392334,24.605347819237352,35.008343771408164,24.520000457763672,25.083999633789062,24.66324223996209,35.008343771408164,24.520000457763672,25.083999633789062,39500.0,400.0,2800.0,4200.0
2024-10-15,24.76938247680664,35.17588806152344,24.496000289916992,25.059999465942383,24.82727689503469,35.1847051770655,24.549999237060547,25.09000015258789,24.69218930569245,35.17588806152344,24.469999313354492,25.030000686645508,24.711488058578592,35.1847051770655,24.549999237060547,25.09000015258789,33900.0,1300.0,67500.0,58000.0
2024-10-16,24.759733200073242,35.24349594116211,24.510000228881836,25.059999465942383,24.865874500944084,35.26309243902405,24.510000228881836,25.079999923706055,24.750083823591314,35.24349594116211,24.459999084472656,25.020000457763672,24.807978242052506,35.253292321268184,24.459999084472656,25.020000457763672,37800.0,3300.0,1200.0,1900.0
2024-10-17,24.72113800048828,35.075950622558594,24.506999969482422,25.075000762939453,24.855261207383233,35.075950622558594,24.530000686645508,25.10300064086914,24.624646074280815,35.075950622558594,24.450000762939453,25.059999465942383,24.76938304337681,35.075950622558594,24.520000457763672,25.079999923706055,33000.0,0.0,2000.0,5100.0
2024-10-18,24.76938247680664,35.10338592529297,24.540000915527344,25.09000015258789,24.78868122969278,35.10338592529297,24.540000915527344,25.1299991607666,24.66324117636324,35.10338592529297,24.540000915527344,25.07699966430664,24.78868122969278,35.10338592529297,24.540000915527344,25.07699966430664,231200.0,100.0,1100.0,4000.0
2024-10-21,24.740434646606445,34.88684844970703,24.540000915527344,25.094999313354492,24.750084023166185,34.88684844970703,24.549999237060547,25.1200008392334,24.614996432190644,34.88096912611339,24.540000915527344,25.09000015258789,24.750084023166185,34.88096912611339,24.540000915527344,25.094999313354492,33800.0,300.0,2400.0,800.0
2024-10-22,24.701841354370117,34.8809700012207,24.583999633789062,25.1200008392334,24.798333288808905,34.8809700012207,24.583999633789062,25.139999389648438,24.643946929879075,34.8221842391096,24.540000915527344,25.106000900268555,24.769385156348097,34.8221842391096,24.540000915527344,25.1299991607666,91900.0,1200.0,400.0,4700.0
2024-10-23,24.605348587036133,34.753597259521484,24.4950008392334,25.040000915527344,24.721139272529257,34.763393640346905,24.530000686645508,25.06999969482422,24.595699209875832,34.753597259521484,24.4950008392334,25.0,24.653593632407137,34.763393640346905,24.530000686645508,25.059999465942383,70000.0,900.0,1100.0,3000.0
2024-10-24,24.643945693969727,34.85157775878906,24.520000457763672,25.09000015258789,24.721138869563354,34.890770759348094,24.530000686645508,25.110000610351562,24.614997562960685,34.85157775878906,24.510000228881836,25.049999237060547,24.65359323054226,34.890770759348094,24.520000457763672,25.100000381469727,41300.0,1100.0,1500.0,8600.0
2024-10-25,24.701841354370117,34.7780876159668,24.59000015258789,25.1299991607666,24.798333288808905,34.7780876159668,24.6200008392334,25.18000030517578,24.663243844422375,34.7780876159668,24.59000015258789,25.1299991607666,24.730787646400355,34.7780876159668,24.6200008392334,25.18000030517578,28500.0,100.0,8900.0,2200.0
2024-10-28,24.634296417236328,34.7780876159668,24.533000946044922,25.13599967956543,24.788682769051988,34.792784054988545,24.59000015258789,25.170000076293945,24.566750777940303,34.72419818112053,24.533000946044922,25.110000610351562,24.788682769051988,34.792784054988545,24.579999923706055,25.131000518798828,31600.0,1500.0,2600.0,5800.0
2024-10-29,24.566749572753906,34.76829147338867,24.635000228881836,25.170000076293945,24.634295208736305,34.76829147338867,24.635000228881836,25.170000076293945,24.47025948792556,34.76829147338867,24.56999969482422,25.111000061035156,24.605347079029563,34.76829147338867,24.56999969482422,25.111000061035156,43000.0,0.0,5600.0,2900.0
2024-10-30,24.706663131713867,34.743797302246094,24.594999313354492,25.1200008392334,24.740435029981075,34.743797302246094,24.610000610351562,25.170000076293945,24.561926161935762,34.743797302246094,24.59000015258789,25.110000610351562,24.64394494374929,34.743797302246094,24.600000381469727,25.170000076293945,63300.0,100.0,1600.0,7600.0
2024-10-31,24.846576690673828,34.725181579589844,24.479999542236328,25.01799964904785,24.846576690673828,34.73497795983295,24.479999542236328,25.059999465942383,24.605347790764373,34.694805699301504,24.479999542236328,25.014999389648438,24.711489095662277,34.694805699301504,24.479999542236328,25.030000686645508,114700.0,2700.0,200.0,6200.0
2024-11-01,24.740434646606445,34.58060073852539,24.511999130249023,25.05500030517578,24.885173454572122,34.58060073852539,24.511999130249023,25.079999923706055,24.614996432190644,34.58060073852539,24.510000228881836,25.030000686645508,24.856225324892907,34.58060073852539,24.510000228881836,25.070999145507812,25400.0,100.0,300.0,8900.0
2024-11-04,24.788681030273438,34.742881774902344,24.5,25.054000854492188,24.875523577132068,34.742881774902344,24.520000457763672,25.059999465942383,24.701838483414807,34.718292247965536,24.489999771118164,25.041000366210938,24.836926071670295,34.718292247965536,24.489999771118164,25.059999465942383,41800.0,500.0,3900.0,2100.0
2024-11-05,24.846576690673828,34.831398010253906,24.538999557495117,25.091999053955078,24.885174198065958,34.831398010253906,24.540000915527344,25.110000610351562,24.653592834574084,34.69862057081534,24.520000457763672,25.065000534057617,24.72113847251031,34.69862057081534,24.520000457763672,25.07200050354004,136100.0,42300.0,3000.0,4400.0
2024-11-06,24.682540893554688,34.57470703125,24.670000076293945,25.200000762939453,24.788682198144848,34.60027954545447,24.809999465942383,25.209999084472656,24.653592763094522,34.531433354777825,24.6200008392334,25.1299991607666,24.788682198144848,34.531433354777825,24.809999465942383,25.139999389648438,40900.0,3700.0,5200.0,6900.0
2024-11-07,24.759733200073242,34.819602966308594,24.7450008392334,25.309999465942383,24.798330706000957,34.82648758509781,24.7450008392334,25.31999969482422,24.64394436315085,34.819602966308594,24.68000030517578,25.253000259399414,24.730785070627455,34.82648758509781,24.68000030517578,25.253000259399414,59200.0,27700.0,1700.0,4400.0
2024-11-08,24.914119720458984,34.924835205078125,24.774999618530273,25.260000228881836,24.914119720458984,34.924835205078125,24.774999618530273,25.260000228881836,24.779032129610112,34.87664287770025,24.739999771118164,25.260000228881836,24.80797841883179,34.87664287770025,24.739999771118164,25.260000228881836,34800.0,300.0,100.0,0.0
2024-11-11,24.82727813720703,34.84615707397461,24.770000457763672,25.2549991607666,24.943068819886808,34.84615707397461,24.770000457763672,25.260000228881836,24.701839918031865,34.84615707397461,24.729999542236328,25.219999313354492,24.943068819886808,34.84615707397461,24.739999771118164,25.239999771118164,22200.0,2700.0,53300.0,4100.0
2024-11-12,24.62464714050293,34.630760192871094,24.774999618530273,25.25,24.80797978376178,34.630760192871094,24.774999618530273,25.280000686645508,24.614997763421332,34.630760192871094,24.739999771118164,25.231000900268555,24.80797978376178,34.630760192871094,24.75,25.231000900268555,29900.0,100.0,500.0,1800.0
2024-11-13,24.643945693969727,34.60026931762695,24.774999618530273,25.260000228881836,24.76938391414794,34.60026931762695,24.780000686645508,25.299999237060547,24.6246469399637,34.60026931762695,24.739999771118164,25.25,24.750085160141914,34.60026931762695,24.739999771118164,25.25,26800.0,0.0,2900.0,30100.0
2024-11-14,24.66324234008789,34.59830856323242,24.760000228881836,25.2450008392334,24.740435514844407,34.7281333256476,24.763999938964844,25.246999740600586,24.56675041153463,34.59830856323242,24.75,25.200000762939453,24.71148922457975,34.71829601307202,24.75,25.246999740600586,16600.0,1200.0,5100.0,400.0
2024-11-15,24.634296417236328,34.605194091796875,24.639999389648438,25.139999389648438,24.672892084975,34.605194091796875,24.649999618530273,25.18000030517578,24.57640015498259,34.605194091796875,24.639999389648438,25.100000381469727,24.66324270793271,34.605194091796875,24.649999618530273,25.139999389648438,14300.0,100.0,100.0,8400.0
2024-11-18,24.643945693969727,34.64453125,24.68199920654297,25.18400001525879,24.76938391414794,34.64453125,24.68199920654297,25.209999084472656,24.586049431951643,34.64453125,24.65999984741211,25.149999618530273,24.63429631696671,34.64453125,24.65999984741211,25.170000076293945,26800.0,0.0,900.0,3500.0
2024-11-19,24.595699310302734,34.69862365722656,24.71500015258789,25.209999084472656,24.69219124186924,34.72813184185706,24.71500015258789,25.209999084472656,24.518506133135634,34.69862365722656,24.639999389648438,25.170000076293945,24.634296819101543,34.72813184185706,24.639999389648438,25.18000030517578,42000.0,2400.0,800.0,2000.0
2024-11-20,24.595699310302734,34.656333923339844,24.700000762939453,25.19499969482422,24.836928219003738,34.66912017839234,24.700000762939453,25.201000213623047,24.489558001536526,34.64059872566081,24.6299991607666,25.1299991607666,24.634296819101543,34.64059872566081,24.6299991607666,25.201000213623047,39400.0,6200.0,1200.0,3500.0
2024-11-21,24.605348587036133,34.62977981567383,24.725000381469727,25.23200035095215,24.692191141048347,34.71829687186626,24.725000381469727,25.23200035095215,24.547454164504828,34.62977981567383,24.65999984741211,25.190000534057617,24.692191141048347,34.62977981567383,24.660999298095703,25.190000534057617,44800.0,2400.0,900.0,2100.0
2024-11-22,24.67289161682129,34.647483825683594,24.746999740600586,25.219999313354492,24.730786037546025,34.647483825683594,24.746999740600586,25.25,24.61499719609655,34.647483825683594,24.700000762939453,25.198999404907227,24.63429594981495,34.647483825683594,24.700000762939453,25.25,16100.0,100.0,1900.0,2000.0
2024-11-25,24.682540893554688,34.94843673706055,24.760000228881836,25.2450008392334,24.779032821324794,34.95433837350139,24.760000228881836,25.26099967956543,24.60534771942469,34.92483019129716,24.75,25.22100067138672,24.711489024014853,34.95433837350139,24.760000228881836,25.26099967956543,40400.0,400.0,500.0,2300.0
2024-11-26,24.62464714050293,34.89041519165039,24.78499984741211,25.264999389648438,24.68254156256201,34.89041519165039,24.78499984741211,25.264999389648438,24.547453964280653,34.865829411256215,24.760000228881836,25.249000549316406,24.68254156256201,34.865829411256215,24.760000228881836,25.249000549316406,50200.0,5700.0,1100.0,300.0
2024-11-27,24.682540893554688,35.02613830566406,24.770000457763672,25.236000061035156,24.740435314044575,35.0871168881603,24.770000457763672,25.236000061035156,24.595698342604635,34.993684928528,24.73200035095215,25.190000534057617,24.6246464730648,35.003518489392,24.75,25.200000762939453,21400.0,5200.0,700.0,8900.0
2024-11-29,24.943069458007812,35.136287689208984,24.825000762939453,25.280000686645508,24.943069458007812,35.136287689208984,24.825000762939453,25.280000686645508,24.65359366411792,35.1215354738875,24.780000686645508,25.260000228881836,24.65359366411792,35.1215354738875,24.780000686645508,25.260000228881836,73900.0,3200.0,4600.0,1000.0
2024-12-02,24.817628860473633,35.17084503173828,24.8700008392334,25.332000732421875,24.904471412726444,35.17084503173828,24.8799991607666,25.332000732421875,24.798331946974486,35.17084503173828,24.829999923706055,25.309999465942383,24.904471412726444,35.17084503173828,24.850000381469727,25.315000534057617,11900.0,0.0,10200.0,4200.0
2024-12-03,24.798330307006836,35.12148666381836,24.865999221801758,25.334999084472656,24.875523477189887,35.12148666381836,24.865999221801758,25.34600067138672,24.701838384170436,35.12148666381836,24.850000381469727,25.320999145507812,24.817627219229834,35.12148666381836,24.850000381469727,25.320999145507812,29000.0,100.0,200.0,700.0
2024-12-04,24.83692741394043,35.28139877319336,24.940000534057617,25.399999618530273,24.846576790827356,35.28929510603016,24.950000762939453,25.399999618530273,24.711489195271284,35.2300669614474,24.889999389648438,25.399999618530273,24.711489195271284,35.2300669614474,24.899999618530273,25.399999618530273,25400.0,3100.0,6000.0,100.0
2024-12-05,24.875524520874023,35.269554138183594,24.915000915527344,25.389999389648438,24.89482143390665,35.27942737887202,24.915000915527344,25.389999389648438,24.759733840526128,35.185650420022036,24.899999618530273,25.34000015258789,24.836927013947914,35.209339419705834,24.90999984741211,25.389999389648438,28000.0,3700.0,8700.0,8500.0
2024-12-06,24.856225967407227,35.32384490966797,24.94499969482422,25.434999465942383,24.914120387831787,35.348524245323055,24.94499969482422,25.459999084472656,24.7886821701735,35.32384490966797,24.940000534057617,25.40999984741211,24.894821634213454,35.348524245323055,24.940000534057617,25.40999984741211,19500.0,200.0,800.0,1100.0
2024-12-09,24.8079776763916,35.23796463012695,24.934999465942383,25.389999389648438,24.892891451324257,35.23796463012695,24.94099998474121,25.416000366210938,24.79833014056003,35.23796463012695,24.920000076293945,25.389999389648438,24.885172686486868,35.23796463012695,24.940000534057617,25.416000366210938,24700.0,100.0,4900.0,3400.0
2024-12-10,24.750083923339844,35.19058609008789,24.924999237060547,25.399999618530273,24.885173354200916,35.21032503985568,24.93000030517578,25.40999984741211,24.663241375082865,35.19058609008789,24.91200065612793,25.3700008392334,24.885173354200916,35.20045556497178,24.93000030517578,25.389999389648438,123000.0,3000.0,500.0,18900.0
2024-12-11,24.701841354370117,35.11161422729492,24.985000610351562,25.440000534057617,24.87552646827382,35.11161422729492,24.985000610351562,25.450000762939453,24.701841354370117,35.11161422729492,24.93000030517578,25.399999618530273,24.80798082586527,35.11161422729492,24.93000030517578,25.399999618530273,77100.0,100.0,3000.0,9800.0
2024-12-12,24.66324234008789,34.96749496459961,24.969999313354492,25.440000534057617,24.827278066499296,34.96749496459961,25.010000228881836,25.469999313354492,24.605347919128118,34.96749496459961,24.950000762939453,25.420000076293945,24.721138601478124,34.96749496459961,25.010000228881836,25.43000030517578,123400.0,100.0,2700.0,13500.0
2024-12-13,24.725130081176758,34.82535171508789,24.9950008392334,25.459999084472656,24.793892558527784,34.89444933630529,24.9950008392334,25.459999084472656,24.59742860518728,34.815482240144526,24.989999771118164,25.440000534057617,24.793892558527784,34.89444933630529,24.989999771118164,25.450000762939453,88500.0,6000.0,27200.0,2300.0
2024-12-16,24.6563663482666,34.898399353027344,25.030000686645508,25.4950008392334,24.793891295965565,34.92899811430737,25.030000686645508,25.520000457763672,24.58760387441712,34.84509439798427,25.0,25.459999084472656,24.793891295965565,34.90432254420301,25.0,25.459999084472656,28000.0,123800.0,1000.0,2800.0
2024-12-17,24.8037166595459,34.83522415161133,25.014999389648438,25.4950008392334,24.8037166595459,34.83522415161133,25.014999389648438,25.520000457763672,24.65636822243442,34.83522415161133,25.0,25.459999084472656,24.685836785674496,34.83522415161133,25.0,25.459999084472656,278300.0,100.0,1300.0,700.0
2024-12-18,24.626895904541016,34.597328186035156,24.89699935913086,25.378999710083008,24.901947673474325,34.864835756239195,25.02400016784668,25.489999771118164,24.626895904541016,34.597328186035156,24.89699935913086,25.378999710083008,24.80371476502408,34.85002966164534,24.979999542236328,25.489999771118164,68200.0,1100.0,10500.0,500.0
2024-12-19,24.607250213623047,34.52823257446289,24.864999771118164,25.350000381469727,24.715306605839118,34.539092386083084,24.8799991607666,25.3799991607666,24.567958172404374,34.519349670297835,24.850000381469727,25.350000381469727,24.626897171050874,34.519349670297835,24.850000381469727,25.350000381469727,216100.0,1800.0,3300.0,2300.0
2024-12-20,24.636720657348633,34.59831619262695,24.90999984741211,25.395000457763672,24.82336300569649,34.6279321485814,24.940000534057617,25.440000534057617,24.587605137400928,34.58844671766743,24.8700008392334,25.395000457763672,24.685836177296338,34.6279321485814,24.8700008392334,25.40999984741211,41000.0,1700.0,15800.0,2200.0
2024-12-23,24.607250213623047,34.499603271484375,24.95599937438965,25.43199920654297,24.69565964841129,34.57857036065718,24.95599937438965,25.43199920654297,24.587605129832202,34.499603271484375,24.889999389648438,25.3799991607666,24.69565964841129,34.57857036065718,24.889999389648438,25.3799991607666,18700.0,6600.0,3600.0,6800.0
2024-12-24,24.695659637451172,34.51934814453125,25.020000457763672,25.486000061035156,24.705483116160725,34.51934814453125,25.020000457763672,25.489999771118164,24.558134682791373,34.48973218939341,24.969999313354492,25.479999542236328,24.636720638830827,34.48973218939341,24.969999313354492,25.479999542236328,33500.0,700.0,2300.0,2600.0
2024-12-26,24.676013946533203,34.587459564208984,25.03499984741211,25.47800064086914,24.695659029831976,34.587459564208984,25.03499984741211,25.489999771118164,24.607249597258217,34.578572894803344,25.0,25.47800064086914,24.695659029831976,34.578572894803344,25.00200080871582,25.489999771118164,30700.0,600.0,17500.0,1800.0
2024-12-27,24.646543502807617,34.484798431396484,24.989999771118164,25.44499969482422,24.705482499957906,34.568702143423636,24.989999771118164,25.44499969482422,24.587604505657325,34.35153605061195,24.940000534057617,25.410999298095703,24.68583554302883,34.568702143423636,24.940000534057617,25.410999298095703,28200.0,7400.0,400.0,300.0
2024-12-30,24.8037166595459,34.62277603149414,24.95400047302246,25.40999984741211,24.882302617581157,34.62277603149414,24.95400047302246,25.440000534057617,24.62689778555731,34.59299469375294,24.889999389648438,25.398000717163086,24.64654474347538,34.59299469375294,24.90999984741211,25.398000717163086,36700.0,2300.0,6000.0,3000.0
2024-12-31,24.626895904541016,34.57314682006836,24.915000915527344,25.3799991607666,24.8823007170569,34.6624794769615,24.950000762939453,25.420000076293945,24.50901791331023,34.57314682006836,24.899999618530273,25.3799991607666,24.872477238848184,34.6624794769615,24.899999618530273,25.420000076293945,270100.0,500.0,1300.0,700.0
2025-01-02,24.695659637451172,34.60292053222656,24.905000686645508,25.416000366210938,24.79389255090973,34.662475630212725,24.93000030517578,25.416000366210938,24.646544117540383,34.60292053222656,24.899999618530273,25.389999389648438,24.71530659487028,34.662475630212725,24.913999557495117,25.399999618530273,35900.0,3000.0,7800.0,4500.0
2025-01-03,24.744775772094727,34.56917190551758,24.9950008392334,25.454999923706055,24.833185202345856,34.66247666220426,24.9950008392334,25.454999923706055,24.71923435402192,34.568179825396975,24.950000762939453,25.420000076293945,24.754599250304505,34.642627486661404,24.954999923706055,25.420000076293945,19700.0,10100.0,1400.0,500.0
2025-01-06,24.754600524902344,34.49869918823242,25.03499984741211,25.5,24.80371604484328,34.52351255298415,25.040000915527344,25.5,24.666191090099073,34.48381041206826,25.030000686645508,25.5,24.793892566127695,34.49373500065582,25.040000915527344,25.5,45800.0,11000.0,3700.0,400.0
2025-01-07,24.646543502807617,34.39447021484375,24.959999084472656,25.43000030517578,24.784068454037275,34.40439480234818,24.989999771118164,25.469999313354492,24.607249588949465,34.364688879199974,24.93000030517578,25.43000030517578,24.774244975572735,34.364688879199974,24.989999771118164,25.469999313354492,52800.0,18800.0,5800.0,1000.0
2025-01-08,24.636720657348633,34.43913650512695,24.96500015258789,25.450000762939453,24.73200633990225,34.5036557902564,25.100000381469727,25.450000762939453,24.607250221197816,34.344835884382555,24.93400001525879,25.450000762939453,24.626897178631694,34.384541807492326,25.100000381469727,25.450000762939453,31000.0,10700.0,1300.0,100.0
2025-01-10,24.636720657348633,34.25748825073242,24.90999984741211,25.3799991607666,24.65636761478251,34.324987564387314,24.90999984741211,25.399999618530273,24.47954874515159,34.225722754140314,24.8700008392334,25.350000381469727,24.65636761478251,34.275353265981146,24.889999389648438,25.350000381469727,78400.0,2800.0,4100.0,1000.0
2025-01-13,24.646543502807617,34.215797424316406,24.889999389648438,25.381999969482422,24.68583554302883,34.24061078641599,24.889999389648438,25.381999969482422,24.489371594648883,34.18601608860554,24.84000015258789,25.30699920654297,24.62689654587854,34.18601608860554,24.84000015258789,25.334999084472656,95900.0,15500.0,8700.0,640600.0
2025-01-14,24.685836791992188,34.233665466308594,24.905000686645508,25.375,24.73495418679994,34.233665466308594,24.90999984741211,25.389999389648438,24.636721270821468,34.20587207489765,24.860000610351562,25.3700008392334,24.66619170770612,34.20587207489765,24.90999984741211,25.3700008392334,24400.0,400.0,2600.0,6100.0
2025-01-15,24.882301330566406,34.518550872802734,25.035999298095703,25.489999771118164,25.343993575938303,34.518550872802734,25.040000915527344,25.520000457763672,24.79389189814501,34.49373372240502,25.010000228881836,25.459999084472656,24.862654373664554,34.50365831062479,25.010000228881836,25.459999084472656,193300.0,7500.0,1300.0,3200.0
2025-01-16,24.892126083374023,34.592994689941406,25.040000915527344,25.489999771118164,24.951065083460033,34.592994689941406,25.040000915527344,25.489999771118164,24.80371664642649,34.592994689941406,25.040000915527344,25.459999084472656,24.882302604420182,34.592994689941406,25.040000915527344,25.469999313354492,25300.0,100.0,2000.0,1300.0
2025-01-17,24.85283088684082,34.60292053222656,25.094999313354492,25.542999267578125,25.049296708519275,34.60292053222656,25.1200008392334,25.542999267578125,24.85283088684082,34.59299215818538,25.079999923706055,25.542999267578125,24.91177175752652,34.59299215818538,25.079999923706055,25.542999267578125,18500.0,100.0,2600.0,100.0
2025-01-21,24.951065063476562,34.6773681640625,25.125,25.573999404907227,24.951065063476562,34.702181526015515,25.125,25.573999404907227,24.882302584491782,34.65255101554425,25.079999923706055,25.520000457763672,24.9117730213297,34.68332443116949,25.108999252319336,25.520000457763672,29200.0,180000.0,12800.0,4300.0
2025-01-22,24.951065063476562,34.62277603149414,25.187999725341797,25.621999740600586,25.019827542461343,34.69225950861443,25.19499969482422,25.621999740600586,24.90194954238373,34.612847656725236,25.18000030517578,25.600000381469727,24.951065063476562,34.69225950861443,25.187000274658203,25.600000381469727,22500.0,212400.0,1800.0,100.0
2025-01-23,24.93141746520996,34.56321716308594,25.18000030517578,25.625999450683594,24.990358337371873,34.56321716308594,25.198999404907227,25.625999450683594,24.82336294685375,34.54336420010186,25.149999618530273,25.59000015258789,24.941240943903612,34.54932046765364,25.198999404907227,25.59000015258789,180400.0,800.0,2800.0,1100.0
2025-01-24,25.049297332763672,34.60987091064453,25.183000564575195,25.621000289916992,25.147530246050927,34.60987091064453,25.19700050354004,25.670000076293945,24.95106441947642,34.60292256303401,25.18000030517578,25.600000381469727,24.990358334246114,34.60292256303401,25.18000030517578,25.670000076293945,19000.0,200.0,4100.0,24800.0
2025-01-27,25.078767776489258,34.79747772216797,25.03499984741211,25.507999420166016,25.09743107446467,34.79747772216797,25.03499984741211,25.507999420166016,24.93141746969495,34.751815527470896,25.020000457763672,25.5,24.93141746969495,34.751815527470896,25.020000457763672,25.5,34200.0,500.0,1600.0,200.0
2025-01-28,24.93141746520996,34.77166748046875,25.128999710083008,25.579999923706055,25.088591250671413,34.77166748046875,25.128999710083008,25.600000381469727,24.911772381459638,34.74685411674421,25.128999710083008,25.579999923706055,25.078767771977763,34.74685411674421,25.128999710083008,25.600000381469727,28300.0,100.0,100.0,7900.0
2025-01-29,24.901948928833008,34.73196792602539,25.118999481201172,25.575000762939453,25.12788331811257,34.74486875564558,25.139999389648438,25.575000762939453,24.82336297283851,34.73196792602539,25.100000381469727,25.540000915527344,24.990358363531442,34.74486875564558,25.139999389648438,25.559999465942383,35800.0,1200.0,7100.0,31400.0
2025-01-30,24.98053550720215,34.796485900878906,25.142000198364258,25.597000122070312,25.049297986205886,34.796485900878906,25.142000198364258,25.597000122070312,24.970712028253466,34.796485900878906,25.142000198364258,25.579999923706055,24.99035898615083,34.796485900878906,25.142000198364258,25.579999923706055,22600.0,100.0,200.0,37400.0
2025-01-31,24.84300994873047,34.72005081176758,25.1200008392334,25.590999603271484,25.06894433817813,34.771665483139586,25.1200008392334,25.590999603271484,24.84300994873047,34.71508662468162,25.1200008392334,25.590999603271484,25.06894433817813,34.771665483139586,25.1200008392334,25.590999603271484,30900.0,2000.0,700.0,100.0
2025-02-03,24.877391815185547,34.77190399169922,25.1200008392334,25.565000534057617,25.027687483350043,34.87162495792393,25.1299991607666,25.565000534057617,24.833187096687926,34.74198960381476,25.079999923706055,25.565000534057617,24.843010575647067,34.85168076467899,25.079999923706055,25.565000534057617,11800.0,90600.0,4200.0,0.0
2025-02-04,24.882301330566406,34.82674789428711,25.152999877929688,25.615999221801758,25.78604073804528,34.83173489334956,25.152999877929688,25.615999221801758,24.84300929039964,34.82176089522466,25.139999389648438,25.56999969482422,24.85283089521363,34.83173489334956,25.139999389648438,25.56999969482422,262900.0,7500.0,2800.0,5800.0
2025-02-05,25.039474487304688,35.01621627807617,25.197999954223633,25.635000228881836,25.088591882008956,35.0411436657838,25.197999954223633,25.635000228881836,24.980535487296596,35.01621627807617,25.149999618530273,25.59000015258789,24.980535487296596,35.0411436657838,25.155000686645508,25.606000900268555,13700.0,2300.0,1000.0,3900.0
2025-02-06,25.000181198120117,34.99128723144531,25.20400047302246,25.618999481201172,25.098412235354637,35.001257426346406,25.204999923706055,25.6299991607666,24.882301330346984,34.97134303767712,25.18600082397461,25.618999481201172,25.0296497598357,35.0002607872529,25.204999923706055,25.6200008392334,16100.0,1600.0,5300.0,3900.0
2025-02-07,25.0100040435791,34.857666015625,25.179000854492188,25.61400032043457,25.068944917207954,34.961373542916846,25.209999084472656,25.6200008392334,24.96088852252542,34.857666015625,25.170000076293945,25.611000061035156,25.019827522517243,34.91649815504824,25.209999084472656,25.6200008392334,11300.0,5000.0,600.0,300.0
2025-02-10,25.10823631286621,34.881595611572266,25.233999252319336,25.639999389648438,25.10823631286621,34.89156961030894,25.233999252319336,25.639999389648438,25.000181794602764,34.612354705171455,25.233999252319336,25.639999389648438,25.10823631286621,34.89156961030894,25.233999252319336,25.639999389648438,18000.0,2900.0,100.0,200.0
2025-02-11,25.10823631286621,34.78187942504883,25.23900032043457,25.659000396728516,25.10823631286621,34.84170820328567,25.23900032043457,25.659000396728516,25.03947383570666,34.712076647795136,25.190000534057617,25.639999389648438,25.10823631286621,34.84170820328567,25.190000534057617,25.639999389648438,13200.0,45200.0,900.0,1900.0
2025-02-12,25.039474487304688,34.66221237182617,25.233999252319336,25.65399932861328,25.08171563411406,34.66221237182617,25.233999252319336,25.65399932861328,24.980535487296596,34.5126366304187,25.209999084472656,25.65399932861328,25.010004050482127,34.57246540539534,25.209999084472656,25.65399932861328,22600.0,32600.0,1000.0,100.0
2025-02-13,25.088590621948242,34.81678009033203,25.270000457763672,25.694000244140625,25.147529618996153,34.841707479424144,25.270000457763672,25.694000244140625,25.059120186605817,34.74199031512373,25.243999481201172,25.660999298095703,25.098412226758782,34.78187870243029,25.243999481201172,25.670000076293945,15600.0,19600.0,100.0,3300.0
2025-02-14,25.039474487304688,34.96137237548828,25.31999969482422,25.733999252319336,25.12788392413534,35.01123095725935,25.31999969482422,25.739999771118164,25.039474487304688,34.91150998975125,25.290000915527344,25.709999084472656,25.12788392413534,34.97134257025611,25.290000915527344,25.739999771118164,35300.0,30400.0,3700.0,4000.0
2025-02-18,25.078767776489258,34.82176208496094,25.323999404907227,25.75,25.127883296329372,34.93145324428834,25.323999404907227,25.75,25.01982690431674,34.722044924099215,25.25,25.719999313354492,25.098412860243116,34.901538856822995,25.25,25.719999313354492,65000.0,16500.0,1000.0,10600.0
2025-02-19,25.176998138427734,34.87162399291992,25.32900047302246,25.763999938964844,25.235939009013617,34.87162399291992,25.33799934387207,25.763999938964844,25.049296666098854,34.72204444970513,25.309999465942383,25.763999938964844,25.049296666098854,34.72204444970513,25.309999465942383,25.763999938964844,28400.0,8500.0,7100.0,100.0
2025-02-20,25.195663452148438,34.9115104675293,25.31399917602539,25.7549991607666,25.226115673365758,34.933451743457525,25.31399917602539,25.7549991607666,25.118059283650293,34.84170769130132,25.299999237060547,25.7549991607666,25.216292194879177,34.933451743457525,25.309999465942383,25.7549991607666,20200.0,5600.0,9000.0,0.0
2025-02-21,25.098413467407227,35.081031799316406,25.243999481201172,25.690000534057617,25.196646383100823,35.081031799316406,25.334999084472656,25.690000534057617,25.049297946378942,34.98629783639572,25.190000534057617,25.690000534057617,25.196646383100823,34.98629783639572,25.309999465942383,25.690000534057617,18800.0,2600.0,109600.0,100.0
2025-02-24,25.078767776489258,35.09100341796875,25.215999603271484,25.645000457763672,25.098412860243116,35.11094761118089,25.2549991607666,25.660999298095703,25.049297340403,34.951397869449686,25.200000762939453,25.6299991607666,25.05912081909842,35.07105922475661,25.25,25.648000717163086,34700.0,6800.0,8100.0,3000.0
2025-02-25,25.196645736694336,35.290443420410156,25.1299991607666,25.579999923706055,25.216292694056428,35.34030200410555,25.139999389648438,25.579999923706055,25.098412823520853,35.21067044729074,25.100000381469727,25.549999237060547,25.137706738245036,35.290443420410156,25.100000381469727,25.579999923706055,23000.0,503200.0,6800.0,10900.0
2025-02-26,25.343994140625,35.37520217895508,25.15999984741211,25.586999893188477,25.363641097964603,35.37520217895508,25.15999984741211,25.591999053955078,25.146548402364015,35.31038640277225,25.15999984741211,25.549999237060547,25.235939622531138,35.31038640277225,25.15999984741211,25.59000015258789,125600.0,7600.0,200.0,5900.0
2025-02-27,25.33417320251465,35.29542922973633,24.993999481201172,25.474000930786133,25.402935681376455,35.350274811141595,25.190000534057617,25.600000381469727,25.29487928680103,35.2804720355287,24.993999481201172,25.469999313354492,25.383288723519648,35.340300812359196,25.190000534057617,25.600000381469727,17500.0,5100.0,16300.0,2800.0
2025-02-28,25.432403564453125,35.44700241088867,25.079999923706055,25.541000366210938,25.437316240604474,35.44999232817358,25.079999923706055,25.541000366210938,25.343994130098608,35.361241997163155,24.969999313354492,25.43000030517578,25.402935002092935,35.39315346803223,25.030000686645508,25.5,42500.0,6600.0,5200.0,1900.0
2025-03-03,25.44222640991211,35.474998474121094,24.952999114990234,25.437999725341797,25.53554851809537,35.47999954223633,25.100000381469727,25.579999923706055,25.304701459288687,35.369998931884766,24.952999114990234,25.437999725341797,25.422579453069638,35.369998931884766,25.100000381469727,25.579999923706055,28300.0,3600.0,1800.0,700.0
2025-03-04,25.294878005981445,35.39500045776367,24.941999435424805,25.430999755859375,25.491343827327334,35.540000915527344,24.979999542236328,25.440000534057617,25.255584092257493,35.38999938964844,24.85099983215332,25.350000381469727,25.491343827327334,35.40999984741211,24.899999618530273,25.350000381469727,32200.0,4000.0,10500.0,8600.0
2025-03-05,25.235939025878906,35.345001220703125,25.047000885009766,25.4950008392334,25.412757890480858,35.47999954223633,25.047000885009766,25.4950008392334,25.196645112128724,35.340999603271484,24.920000076293945,25.399999618530273,25.412757890480858,35.470001220703125,24.920000076293945,25.399999618530273,49200.0,2600.0,600.0,10300.0
2025-03-06,25.235939025878906,35.29499816894531,24.829999923706055,25.3700008392334,25.285054544429702,35.33000183105469,24.959999084472656,25.375,25.147529593577932,35.130001068115234,24.829999923706055,25.360000610351562,25.147529593577932,35.33000183105469,24.920000076293945,25.375,21300.0,9400.0,3800.0,1100.0
2025-03-07,25.098413467407227,35.22999954223633,24.94099998474121,25.3799991607666,25.35381829875577,35.36000061035156,24.94099998474121,25.3799991607666,25.07876838317813,35.130001068115234,24.809999465942383,25.31999969482422,25.167177819938665,35.36000061035156,24.8799991607666,25.350000381469727,36500.0,24700.0,1000.0,3100.0
2025-03-10,24.911771774291992,35.38199996948242,24.610000610351562,25.209999084472656,25.049296725377303,35.459999084472656,24.790000915527344,25.209999084472656,24.911771774291992,35.310001373291016,24.600000381469727,25.170000076293945,25.0001812067431,35.439998626708984,24.760000228881836,25.17099952697754,54100.0,25400.0,2700.0,4300.0
2025-03-11,24.92159652709961,35.220001220703125,24.635000228881836,25.20599937438965,25.08859192208683,35.36000061035156,24.641000747680664,25.209999084472656,24.87247913231688,35.220001220703125,24.579999923706055,25.121000289916992,24.960888569288763,35.36000061035156,24.610000610351562,25.190000534057617,35100.0,2600.0,1800.0,7900.0
2025-03-12,25.14752960205078,35.14099884033203,24.69300079345703,25.25,25.14752960205078,35.20000076293945,24.709999084472656,25.2549991607666,24.951063780507543,35.14099884033203,24.649999618530273,25.170000076293945,24.970710737389254,35.20000076293945,24.709999084472656,25.2549991607666,69600.0,8600.0,6100.0,5100.0
2025-03-13,25.176998138427734,35.19499969482422,24.540000915527344,25.135000228881836,25.196645095289696,35.19499969482422,24.649999618530273,25.208999633789062,25.098412184616823,35.08000183105469,24.510000228881836,25.135000228881836,25.147529576771724,35.08000183105469,24.649999618530273,25.208999633789062,44000.0,4200.0,2800.0,100.0
2025-03-14,25.200000762939453,35.17499923706055,24.74799919128418,25.27199935913086,25.389999389648438,35.220001220703125,24.74799919128418,25.27199935913086,25.1299991607666,35.130001068115234,24.6200008392334,25.229999542236328,25.299999237060547,35.189998626708984,24.621000289916992,25.239999771118164,608900.0,8800.0,3400.0,600.0
2025-03-17,25.229999542236328,35.220001220703125,24.812000274658203,25.31100082397461,25.270000457763672,35.310001373291016,24.812000274658203,25.31100082397461,25.15999984741211,35.20000076293945,24.719999313354492,25.25,25.200000762939453,35.220001220703125,24.770000457763672,25.25,420700.0,5500.0,700.0,600.0
2025-03-18,25.290000915527344,35.25,24.665000915527344,25.209999084472656,25.290000915527344,35.26900100708008,24.75,25.21299934387207,25.229999542236328,35.20000076293945,24.649999618530273,25.190000534057617,25.229999542236328,35.202999114990234,24.709999084472656,25.21299934387207,38500.0,7100.0,1600.0,500.0
2025-03-19,25.290000915527344,35.3650016784668,24.790000915527344,25.288999557495117,25.31999969482422,35.375,24.790000915527344,25.290000915527344,25.239999771118164,35.20000076293945,24.700000762939453,25.288999557495117,25.270000457763672,35.2400016784668,24.700000762939453,25.290000915527344,23200.0,7100.0,900.0,100.0
2025-03-20,25.280000686645508,35.3849983215332,24.771799087524414,25.275100708007812,25.350000381469727,35.4900016784668,24.771799087524414,25.275100708007812,25.274999618530273,35.29999923706055,24.754899978637695,25.24690055847168,25.299999237060547,35.4900016784668,24.690000534057617,25.25,2104.0,9200.0,202.0,774.0
2025-03-21,,35.45000076293945,,,,35.45000076293945,,,,35.45000076293945,,,,35.45000076293945,,,,852.0,,
