Price,Adj Close,Adj Close,Adj Close,Close,Close,Close,Close,High,High,High,High,Low,Low,Low,Low,Open,Open,Open,Open,Volume,Volume,Volume,Volume
Ticker,DSX$B,DSX.W,DTSQR,DSX$B,DSX.W,DTG,DTSQR,DSX$B,DSX.W,DTG,DTSQR,DSX$B,DSX.W,DTG,DTSQR,DSX$B,DSX.W,DTG,DTSQR,DSX$B,DSX.W,DTG,DTSQR
Date,,,,,,,,,,,,,,,,,,,,,,,
2021-12-01,,,,,,21.003835678100586,,,,21.254876896547227,,,,21.003835678100586,,,,21.1209880338982,,,,342200,
2021-12-02,,,,,,21.0875186920166,,,,21.196302805096618,,,,20.961996474356418,,,,21.01220599985301,,,,96600,
2021-12-03,,,,,,21.10425567626953,,,,21.19630488596859,,,,21.037311231783338,,,,21.19630488596859,,,,42800,
2021-12-06,,,,,,21.129356384277344,,,,21.196300815909037,,,,21.003835774478063,,,,21.087516713037967,,,,126200,
2021-12-07,,,,,,21.17119789123535,,,,21.187934399614758,,,,21.087518541500906,,,,21.12935821636813,,,,137200,
2021-12-08,,,,,,21.120988845825195,,,,21.171196772228374,,,,21.1126205920778,,,,21.171196772228374,,,,106400,
2021-12-09,,,,,,21.14609718322754,,,,21.179568607796504,,,,21.112624162577102,,,,21.161995750779464,,,,82000,
2021-12-10,,,,,,21.129356384277344,,,,21.22475255847076,,,,21.120988130813238,,,,21.22475255847076,,,,51900,
2021-12-13,,,,,,21.10425567626953,,,,21.18793663089763,,,,21.095887421198576,,,,21.129360441482397,,,,90400,
2021-12-14,,,,,,21.413869857788086,,,,21.422238110955213,,,,21.112619128095808,,,,21.129355634430066,,,,228300,
2021-12-15,,,,,,21.464078903198242,,,,21.54775984316463,,,,21.196301172170738,,,,21.38876621683661,,,,91300,
2021-12-16,,,,,,21.38039779663086,,,,21.464078735945186,,,,21.37788875704204,,,,21.464078735945186,,,,91000,
2021-12-17,,,,,,21.49755096435547,,,,21.539390634442785,,,,21.3218208386103,,,,21.380397015164988,,,,126900,
2021-12-20,,,,,,21.589601516723633,,,,21.614706279865416,,,,21.447344384416173,,,,21.49755391069974,,,,66900,
2021-12-21,,,,,,21.74859046936035,,,,21.790431732243434,,,,21.480812771232547,,,,21.656541287098552,,,,46800,
2021-12-22,,,,,,21.798803329467773,,,,21.899220787065946,,,,21.673282704531065,,,,21.74859539870936,,,,36600,
2021-12-23,,,,,,21.773700714111328,,,,21.94942927426132,,,,21.589602303194514,,,,21.88248483285922,,,,46300,
2021-12-27,,,,,,21.807170867919922,,,,22.033108943036304,,,,21.782067701405627,,,,21.798802613721396,,,,68900,
2021-12-28,,,,,,21.915956497192383,,,,22.033108863385685,,,,21.78206762266253,,,,21.832275551590904,,,,35100,
2021-12-29,,,,,,21.92432403564453,,,,21.96616370903878,,,,21.88248276616905,,,,21.94942720124859,,,,56800,
2021-12-30,,,,,,22.00800323486328,,,,22.137708775245706,,,,21.941058800232625,,,,21.982900069427547,,,,144100,
2021-12-31,,,,,,22.00800323486328,,,,22.233941300272196,,,,21.941058800232625,,,,22.074947669493934,,,,438300,
2022-01-03,,,,,,21.798803329467773,,,,22.00800490305607,,,,21.69001921347765,,,,22.00800490305607,,,,38400,
2022-01-04,,,,,,21.589601516723633,,,,21.815539596755713,,,,21.46408089317736,,,,21.815539596755713,,,,49700,
2022-01-05,,,,,,21.447343826293945,,,,21.715123171260604,,,,21.422240659886743,,,,21.589600954899463,,,,181600,
2022-01-06,,,,,,21.6649112701416,,,,21.673279523386626,,,,21.346925627236242,,,,21.48918274023943,,,,64000,
2022-01-07,,,,,,21.489181518554688,,,,21.740222717308985,,,,21.47244501301613,,,,21.581230702935738,,,,47400,
2022-01-10,,,,,,21.423913955688477,,,,21.589601562177908,,,,21.271615875452454,,,,21.455712683969157,,,,23100,
2022-01-11,,,,,,21.614707946777344,,,,21.614707946777344,,,,21.464082548473158,,,,21.5310269925993,,,,14500,
2022-01-12,,,,,,21.63144302368164,,,,21.706755717844043,,,,21.589601751324004,,,,21.614706514738586,,,,11800,
2022-01-13,,,,,,21.690017700195312,,,,21.722652773107313,,,,21.60633675738203,,,,21.60633675738203,,,,18400,
2022-01-14,,,,,,21.556129455566406,,,,21.719306420942125,,,,21.50006390856972,,,,21.6481786549399,,,,18300,
2022-01-18,,,,,,21.355295181274414,,,,21.52265546812581,,,,21.355295181274414,,,,21.48081579543326,,,,17800,
2022-01-19,,,,,,21.38039779663086,,,,21.51428666110132,,,,21.34776272508343,,,,21.438975571407703,,,,23400,
2022-01-20,,,,,,21.39713478088379,,,,21.514287140887745,,,,21.372031615786483,,,,21.43897604951463,,,,25000,
2022-01-21,,,,,,21.355295181274414,,,,21.48918404918801,,,,21.263245986053363,,,,21.355295181274414,,,,32000,
2022-01-24,,,,,,21.346925735473633,,,,21.346925735473633,,,,21.120987684955722,,,,21.26324479868021,,,,25300,
2022-01-25,,,,,,21.447343826293945,,,,21.447343826293945,,,,21.257389404649718,,,,21.321823206014088,,,,24600,
2022-01-26,,,,,,21.238143920898438,,,,21.531026455170313,,,,21.154464564890535,,,,21.489186777166363,,,,24400,
2022-01-27,,,,,,20.694217681884766,,,,21.321822354295126,,,,20.694217681884766,,,,21.321822354295126,,,,104600,
2022-01-28,,,,,,20.685850143432617,,,,20.832292196374823,,,,20.167031156769944,,,,20.694218397550568,,,,34300,
2022-01-31,,,,,,21.054044723510742,,,,21.054044723510742,,,,20.769530476213472,,,,20.853211418844648,,,,27500,
2022-02-01,,,,,,21.003835678100586,,,,21.062411855999393,,,,20.83647380174873,,,,21.003835678100586,,,,19000,
2022-02-02,,,,,,20.836477279663086,,,,21.12099155930217,,,,20.803005856454526,,,,20.987102674305117,,,,43600,
2022-02-03,,,,,,20.627273559570312,,,,20.77789893860179,,,,20.41807199893353,,,,20.702586249086053,,,,38300,
2022-02-04,,,,,,20.32602310180664,,,,20.630619226736226,,,,20.27581358127617,,,,20.543591306447446,,,,36000,
2022-02-07,,,,,,20.25071144104004,,,,20.376232056550702,,,,20.15866224482765,,,,20.359495548860956,,,,25400,
2022-02-08,,,,,,20.01640510559082,,,,20.35112727871149,,,,19.957828924804854,,,,20.158662228677258,,,,37100,
2022-02-09,,,,,,20.108455657958984,,,,20.167031842695664,,,,19.915988998862474,,,,20.15866358829309,,,,44200,
2022-02-10,,,,,,19.82394027709961,,,,19.95782914784416,,,,19.72352282600058,,,,19.874148204608506,,,,46800,
2022-02-11,,,,,,19.785810470581055,,,,19.90528697104378,,,,19.472287286023093,,,,19.82817772591261,,,,33000,
2022-02-14,,,,,,19.2689208984375,,,,19.743440930144626,,,,19.26044712441684,,,,19.743440930144626,,,,54000,
2022-02-15,,,,,,19.28586769104004,,,,19.52143310448295,,,,19.251972596285082,,,,19.40280350525474,,,,57700,
2022-02-16,,,,,,19.429920196533203,,,,19.65531645345585,,,,19.15029210681951,,,,19.22655446003299,,,,10500,
2022-02-17,,,,,,19.455333709716797,,,,19.77563516800163,,,,19.412966467511545,,,,19.616332139268792,,,,22900,
2022-02-18,,,,,,19.429920196533203,,,,19.531602256679705,,,,19.429920196533203,,,,19.531602256679705,,,,15400,
2022-02-22,,,,,,19.41297149658203,,,,19.51465516690589,,,,19.260446799199798,,,,19.51465516690589,,,,30400,
2022-02-23,,,,,,19.37907600402832,,,,19.60786141012653,,,,19.347723205559156,,,,19.60786141012653,,,,15000,
2022-02-24,,,,,,19.362131118774414,,,,19.650232975444343,,,,19.06555548794276,,,,19.06555548794276,,,,24900,
2022-02-25,,,,,,19.582443237304688,,,,19.692599062461564,,,,19.429918543851265,,,,19.429918543851265,,,,6400,
2022-02-28,,,,,,19.497709274291992,,,,19.828178402535283,,,,19.446868242917773,,,,19.582445404053853,,,,49300,
2022-03-01,,,,,,19.8197021484375,,,,19.912912041135453,,,,19.616336432175004,,,,19.616336432175004,,,,24700,
2022-03-02,,,,,,19.836650848388672,,,,19.870545944505878,,,,19.696837617423043,,,,19.870545944505878,,,,16700,
2022-03-03,,,,,,19.85359764099121,,,,19.938333761852764,,,,19.80275661495711,,,,19.80275661495711,,,,20000,
2022-03-04,,,,,,19.68412971496582,,,,19.86885414337883,,,,19.658710004479097,,,,19.82818066715116,,,,19400,
2022-03-07,,,,,,19.40449333190918,,,,19.76038367320213,,,,19.268916212960125,,,,19.684121341767444,,,,15100,
2022-03-08,,,,,,19.46381187438965,,,,19.607862793089218,,,,19.192657584180353,,,,19.46381187438965,,,,12500,
2022-03-09,,,,,,19.56549072265625,,,,19.64429534309437,,,,19.463807080767282,,,,19.514649709815096,,,,6200,
2022-03-10,,,,,,19.37907600402832,,,,19.489231820578798,,,,19.3621284580338,,,,19.489231820578798,,,,18800,
2022-03-11,,,,,,19.277395248413086,,,,19.5570233346209,,,,19.277395248413086,,,,19.421446178653913,,,,48600,
2022-03-14,,,,,,19.04860496520996,,,,19.268918210391707,,,,18.929975377883988,,,,19.268918210391707,,,,21800,
2022-03-15,,,,,,19.065555572509766,,,,19.201132727284374,,,,19.00624076932177,,,,19.074029346709075,,,,32200,
2022-03-16,,,,,,19.20960807800293,,,,19.226555627792422,,,,19.023189878940425,,,,19.141819495052264,,,,34300,
2022-03-17,,,,,,19.54007339477539,,,,19.624809510936622,,,,19.243497796314582,,,,19.243497796314582,,,,20500,
2022-03-18,,,,,,19.667179107666016,,,,19.895966163738862,,,,19.573970823353033,,,,19.679890577141517,,,,17600,
2022-03-21,,,,,,19.54007339477539,,,,19.836648993236203,,,,19.446865121584327,,,,19.633283284173444,,,,24700,
2022-03-22,,,,,,19.438390731811523,,,,19.58244163985459,,,,19.429916958843467,,,,19.429916958843467,,,,27900,
2022-03-23,,,,,,19.28586769104004,,,,19.497707184637306,,,,19.24349882259634,,,,19.497707184637306,,,,44400,
2022-03-24,,,,,,19.192659378051758,,,,19.446867761038245,,,,19.141818347937345,,,,19.446867761038245,,,,37500,
2022-03-25,,,,,,18.929975509643555,,,,19.36212823017643,,,,18.73508358162096,,,,19.32823313858628,,,,25200,
2022-03-28,,,,,,18.938451766967773,,,,19.238416578822186,,,,18.785927067217106,,,,18.921504218949448,,,,12200,
2022-03-29,,,,,,19.082500457763672,,,,19.31975963740387,,,,18.992679756752064,,,,19.209603820600485,,,,23100,
2022-03-30,,,,,,19.15876579284668,,,,19.421446332588836,,,,19.09097721432589,,,,19.120634616415785,,,,29400,
2022-03-31,,,,,,19.718021392822266,,,,19.777336195266734,,,,19.218080034780087,,,,19.421445764392764,,,,196900,
2022-04-01,,,,,,19.607864379882812,,,,19.64175947700551,,,,19.48923477236774,,,,19.616338154163486,,,,27800,
2022-04-04,,,,,,19.548545837402344,,,,19.61633440247577,,,,19.447710690299584,,,,19.55871501107714,,,,18800,
2022-04-05,,,,,,19.141815185546875,,,,19.546852806807884,,,,19.141815185546875,,,,19.54007281869412,,,,25000,
2022-04-06,,,,,,19.014713287353516,,,,19.074028086623,,,,18.938450940805016,,,,19.014713287353516,,,,24800,
2022-04-07,,,,,,18.938451766967773,,,,19.107922398529634,,,,18.913030444940283,,,,19.107922398529634,,,,13600,
2022-04-08,,,,,,18.743558883666992,,,,18.891845880954232,,,,18.72661133648929,,,,18.853714707907933,,,,19700,
2022-04-11,,,,,,18.404613494873047,,,,18.684241544649883,,,,18.404613494873047,,,,18.650348068177493,,,,30400,
2022-04-12,,,,,,18.311405181884766,,,,18.523244662040927,,,,18.17582804388138,,,,18.523244662040927,,,,11900,
2022-04-13,,,,,,18.108043670654297,,,,18.54019488804353,,,,18.108043670654297,,,,18.43851281908395,,,,7200,
2022-04-14,,,,,,17.735198974609375,,,,18.16735164562864,,,,17.735198974609375,,,,18.09956308642209,,,,21600,
2022-04-18,,,,,,17.50641632080078,,,,17.989410126900548,,,,17.489468772746402,,,,17.73520337091345,,,,29300,
2022-04-19,,,,,,17.387784957885742,,,,17.574203119004405,,,,17.19882450319539,,,,17.574203119004405,,,,39400,
2022-04-20,,,,,,17.438627243041992,,,,17.65300903276091,,,,17.38778621654881,,,,17.38778621654881,,,,15800,
2022-04-21,,,,,,17.22678565979004,,,,17.63860164176331,,,,17.22678565979004,,,,17.455572675598944,,,,29900,
2022-04-22,,,,,,17.023418426513672,,,,17.24373164969076,,,,17.00647088252926,,,,17.175943089959866,,,,11600,
2022-04-25,,,,,,17.11663055419922,,,,17.20814504106584,,,,16.997999346907182,,,,17.20814504106584,,,,8600,
2022-04-26,,,,,,16.964107513427734,,,,17.286102841642478,,,,16.964107513427734,,,,17.168320131600378,,,,9200,
2022-04-27,,,,,,16.71837043762207,,,,17.209837939055742,,,,16.48958342414255,,,,17.209837939055742,,,,25800,
2022-04-28,,,,,,16.608217239379883,,,,16.890387610508935,,,,16.472640087728383,,,,16.7607419390396,,,,22300,
2022-04-29,,,,,,16.8031063079834,,,,17.001387413774527,,,,16.50653073358615,,,,17.001387413774527,,,,48500,
2022-05-02,,,,,,16.23537826538086,,,,16.692952336208556,,,,16.226904491898082,,,,16.692952336208556,,,,16400,
2022-05-03,,,,,,16.226903915405273,,,,16.451454864203637,,,,16.209956369041816,,,,16.4217958499641,,,,11000,
2022-05-04,,,,,,16.91326332092285,,,,17.277627485406846,,,,16.270119615923946,,,,16.277744880415504,,,,23500,
2022-05-05,,,,,,16.328588485717773,,,,16.52348043111819,,,,16.235378591740588,,,,16.447218084447233,,,,19900,
2022-05-06,,,,,,16.139625549316406,,,,16.421794249351127,,,,16.09979898086483,,,,16.311638441139365,,,,24100,
2022-05-09,,,,,,16.015064239501953,,,,16.14216760326646,,,,15.921855968051691,,,,16.04048555873764,,,,25000,
2022-05-10,,,,,,16.337059020996094,,,,16.337059020996094,,,,15.964221135199328,,,,16.142165498020915,,,,25900,
2022-05-11,,,,,,16.39637565612793,,,,16.430269131633942,,,,16.109120733826387,,,,16.15064108982989,,,,19500,
2022-05-12,,,,,,16.46416473388672,,,,16.493822131951728,,,,16.10827434089962,,,,16.396376164565698,,,,16400,
2022-05-13,,,,,,16.387903213500977,,,,16.557375453408874,,,,16.362481892652674,,,,16.362481892652674,,,,20600,
2022-05-16,,,,,,16.803035736083984,,,,16.803035736083984,,,,16.262416553527927,,,,16.545189286066208,,,,34700,
2022-05-17,,,,,,16.450641632080078,,,,16.85460306859971,,,,16.450641632080078,,,,16.83741287143985,,,,29200,
2022-05-18,,,,,,16.218584060668945,,,,16.433456653930154,,,,16.175608558408033,,,,16.433456653930154,,,,20200,
2022-05-19,,,,,,16.261558532714844,,,,16.5795707039667,,,,16.227178129618277,,,,16.28734383503727,,,,17700,
2022-05-20,,,,,,16.11544418334961,,,,16.527999160999897,,,,16.072470321266447,,,,16.442049797485815,,,,19800,
2022-05-23,,,,,,16.089658737182617,,,,16.227177061824094,,,,16.089658737182617,,,,16.199673724765347,,,,15700,
2022-05-24,,,,,,16.57956886291504,,,,16.57956886291504,,,,16.09825310909712,,,,16.227176327697478,,,,22400,
2022-05-25,,,,,,16.648330688476562,,,,16.7875670655517,,,,16.373292368239362,,,,16.570976417057963,,,,48800,
2022-05-26,,,,,,16.88898468017578,,,,17.146832763143877,,,,16.760061458365588,,,,16.794441858500416,,,,33800,
2022-05-27,,,,,,17.086666107177734,,,,17.275755018647327,,,,17.06088244786651,,,,17.16402036380664,,,,88900,
2022-05-31,,,,,,17.069477081298828,,,,17.22160689660174,,,,16.708491106670685,,,,17.069477081298828,,,,82800,
2022-06-01,,,,,,17.060884475708008,,,,17.198402806205227,,,,16.79444291528812,,,,17.146833842105725,,,,24200,
2022-06-02,,,,,,16.79444122314453,,,,17.215591272777278,,,,16.79444122314453,,,,17.09526151620532,,,,32400,
2022-06-03,,,,,,16.957744598388672,,,,17.0368185386214,,,,16.717088344088587,,,,16.717088344088587,,,,12500,
2022-06-06,,,,,,16.93195915222168,,,,17.01790686864452,,,,16.897578754174457,,,,17.000718308968516,,,,9300,
2022-06-07,,,,,,17.086666107177734,,,,17.129641604942467,,,,16.79444091911563,,,,16.79444091911563,,,,42800,
2022-06-08,,,,,,17.060884475708008,,,,17.109015727447254,,,,16.992125310459397,,,,17.060884475708008,,,,12100,
2022-06-09,,,,,,16.897581100463867,,,,17.079792973111136,,,,16.811631732759043,,,,17.01790923164192,,,,20100,
2022-06-10,,,,,,16.399076461791992,,,,16.809052758581366,,,,16.34750749776735,,,,16.734277186973898,,,,30100,
2022-06-13,,,,,,15.883384704589844,,,,16.192801822000067,,,,15.694297376921428,,,,16.165298478959805,,,,44400,
2022-06-14,,,,,,15.909165382385254,,,,15.929793293501216,,,,15.72867156995748,,,,15.753597850535899,,,,68100,
2022-06-15,,,,,,16.20139503479004,,,,16.522844929754502,,,,15.900573054537318,,,,15.909168155612871,,,,70900,
2022-06-16,,,,,,16.106847763061523,,,,16.201392219113604,,,,15.912603102686386,,,,16.115442862643313,,,,57000,
2022-06-17,,,,,,16.01230239868164,,,,16.25983567881352,,,,15.977923641652298,,,,16.115441948464728,,,,27900,
2022-06-21,,,,,,16.055278778076172,,,,16.40766966360235,,,,16.055278778076172,,,,16.353522011740452,,,,23200,
2022-06-22,,,,,,16.2271785736084,,,,16.429159348957487,,,,16.106850438173822,,,,16.124040640192447,,,,19500,
2022-06-23,,,,,,16.20998764038086,,,,16.33031575821859,,,,16.149823581461995,,,,16.149823581461995,,,,22400,
2022-06-24,,,,,,16.184202194213867,,,,16.43345516672678,,,,16.133492253678615,,,,16.330315609982353,,,,44700,
2022-06-27,,,,,,16.347509384155273,,,,16.5022179334293,,,,16.211709074691008,,,,16.28734531262604,,,,51100,
2022-06-28,,,,,,16.167011260986328,,,,16.39047892433222,,,,16.115442304628832,,,,16.347505067258904,,,,27000,
2022-06-29,,,,,,16.373291015625,,,,16.481587970273274,,,,16.170451234323775,,,,16.287343289458278,,,,114500,
2022-06-30,,,,,,16.31312370300293,,,,16.43345344650012,,,,16.08965605290526,,,,16.32171880177755,,,,51700,
2022-07-01,,,,,,16.347509384155273,,,,16.77725462576179,,,,16.30109616363387,,,,16.373293049468945,,,,14400,
2022-07-05,,,,,,16.373291015625,,,,16.612229235359717,,,,16.261557987999584,,,,16.373291015625,,,,15500,
2022-07-06,,,,,,16.4162654876709,,,,16.751466188855684,,,,16.37328998793715,,,,16.497916478143484,,,,16900,
2022-07-07,,,,,,16.321718215942383,,,,16.49361690656986,,,,16.246942662569335,,,,16.47642670963763,,,,155600,
2022-07-08,,,,,,16.4162654876709,,,,16.450644248110205,,,,16.31742429730481,,,,16.450644248110205,,,,14500,
2022-07-11,,,,,,16.45923614501953,,,,16.48502143984185,,,,16.3646933426991,,,,16.3646933426991,,,,8000,
2022-07-12,,,,,,16.450641632080078,,,,16.613945226403917,,,,16.356098826395694,,,,16.45923673066001,,,,42200,
2022-07-13,,,,,,16.553783416748047,,,,16.596757276118087,,,,16.34750594094607,,,,16.34750594094607,,,,7000,
2022-07-14,,,,,,16.73427963256836,,,,16.73427963256836,,,,16.30453437774726,,,,16.33031968320182,,,,26700,
2022-07-15,,,,,,17.017906188964844,,,,17.017906188964844,,,,16.545187210128752,,,,16.76865487046778,,,,15600,
2022-07-18,,,,,,16.966337203979492,,,,17.10385551174315,,,,16.84600909452318,,,,17.10385551174315,,,,12900,
2022-07-19,,,,,,16.803035736083984,,,,17.08666748684264,,,,16.76006187419694,,,,17.08666748684264,,,,58100,
2022-07-20,,,,,,16.79444122314453,,,,16.880388941534672,,,,16.79444122314453,,,,16.846010182048143,,,,47000,
2022-07-21,,,,,,16.88898468017578,,,,16.92336508031061,,,,16.82022551925383,,,,16.896720762010432,,,,20200,
2022-07-22,,,,,,16.992128372192383,,,,17.09526631897534,,,,16.886410091489527,,,,16.931964296677638,,,,12100,
2022-07-25,,,,,,16.93195915222168,,,,17.095261124903164,,,,16.92164437706847,,,,16.92164437706847,,,,18100,
2022-07-26,,,,,,16.93195915222168,,,,17.095261124903164,,,,16.89671973602756,,,,16.89671973602756,,,,14600,
2022-07-27,,,,,,17.00931167602539,,,,17.043690431223414,,,,16.931957427645536,,,,16.98352638011629,,,,19000,
2022-07-28,,,,,,17.146835327148438,,,,17.27575856823681,,,,17.060885953306872,,,,17.103859820553676,,,,31600,
2022-07-29,,,,,,17.430463790893555,,,,17.473437649949194,,,,17.06947780104421,,,,17.23277977693375,,,,65000,
2022-08-01,,,,,,17.335918426513672,,,,17.808637408777468,,,,17.318728228051974,,,,17.404677581012905,,,,46300,
2022-08-02,,,,,,17.671119689941406,,,,17.688309888977205,,,,17.327323905963482,,,,17.327323905963482,,,,70100,
2022-08-03,,,,,,18.08367919921875,,,,18.08367919921875,,,,17.66252745136246,,,,18.014918391937826,,,,27800,
2022-08-04,,,,,,17.954755783081055,,,,18.178223506849,,,,17.602364813886833,,,,18.09227413011548,,,,54200,
2022-08-05,,,,,,17.714096069335938,,,,18.049296770482204,,,,17.662525469661364,,,,18.049296770482204,,,,13800,
2022-08-08,,,,,,17.757070541381836,,,,17.860210104936062,,,,17.67112117831127,,,,17.739880340898175,,,,38000,
2022-08-09,,,,,,17.301542282104492,,,,17.790592564913936,,,,17.267163516078757,,,,17.790592564913936,,,,42500,
2022-08-10,,,,,,17.559389114379883,,,,17.999447451138156,,,,17.456249545183816,,,,17.48203484731979,,,,25700,
2022-08-11,,,,,,17.473440170288086,,,,17.709799707881476,,,,17.473440170288086,,,,17.593768304477912,,,,32300,
2022-08-12,,,,,,17.757070541381836,,,,17.78285584210733,,,,17.593766915482536,,,,17.60236201572437,,,,26900,
2022-08-15,,,,,,17.808639526367188,,,,17.860210127884436,,,,17.662526100763813,,,,17.71409670228106,,,,25500,
2022-08-16,,,,,,17.637062072753906,,,,17.915770936007092,,,,17.612675130281044,,,,17.854803579824942,,,,49800,
2022-08-17,,,,,,17.35835075378418,,,,17.663189152804776,,,,17.28867354782824,,,,17.663189152804776,,,,16600,
2022-08-18,,,,,,17.4193172454834,,,,17.497704305986918,,,,17.29738255636039,,,,17.45415667736743,,,,18200,
2022-08-19,,,,,,17.070932388305664,,,,17.36706093442186,,,,16.96641574681468,,,,17.288673868612534,,,,26000,
2022-08-22,,,,,,16.835769653320312,,,,17.079640687036875,,,,16.818349937790092,,,,17.070930829271767,,,,25600,
2022-08-23,,,,,,16.443836212158203,,,,17.09706066699541,,,,16.07803045099994,,,,16.896738899541898,,,,88000,
2022-08-24,,,,,,16.78351593017578,,,,16.82706356752751,,,,16.469967625288525,,,,16.504807064158612,,,,149900,
2022-08-25,,,,,,16.922868728637695,,,,17.131900357960617,,,,16.818352083358374,,,,16.861901377739642,,,,19700,
2022-08-26,,,,,,16.79222297668457,,,,17.099672833150056,,,,16.766093401909504,,,,17.009964449436644,,,,18500,
2022-08-29,,,,,,16.635448455810547,,,,16.853189923396453,,,,16.54835153652907,,,,16.853189923396453,,,,26100,
2022-08-30,,,,,,16.504804611206055,,,,16.731254285263027,,,,16.461255319090764,,,,16.731254285263027,,,,27400,
2022-08-31,,,,,,16.16512680053711,,,,16.609319613328186,,,,16.16512680053711,,,,16.487384917704,,,,44300,
2022-09-01,,,,,,16.173839569091797,,,,16.375033514307678,,,,16.05974256266532,,,,16.112872210309995,,,,19200,
2022-09-02,,,,,,16.25222396850586,,,,16.405514489054003,,,,16.04319234661421,,,,16.27835354420569,,,,30200,
2022-09-06,,,,,,15.990937232971191,,,,16.313193741650164,,,,15.990937232971191,,,,16.252226383858787,,,,9700,
2022-09-07,,,,,,16.04319190979004,,,,16.260933384319635,,,,16.021418094584202,,,,16.025772193131125,,,,25400,
2022-09-08,,,,,,15.990937232971191,,,,16.191259026067407,,,,15.990937232971191,,,,16.095452228831867,,,,18100,
2022-09-09,,,,,,16.278352737426758,,,,16.289674057890156,,,,16.03448169335527,,,,16.03448169335527,,,,9300,
2022-09-12,,,,,,16.356740951538086,,,,16.50480522779017,,,,16.278353884037823,,,,16.37415900779927,,,,19900,
2022-09-13,,,,,,16.31319236755371,,,,16.3219022266811,,,,16.05103275113307,,,,16.234805296642968,,,,25200,
2022-09-14,,,,,,16.443836212158203,,,,16.46125592965043,,,,16.266160409691725,,,,16.269644020943034,,,,26100,
2022-09-15,,,,,,16.086734771728516,,,,16.478669974197548,,,,16.086734771728516,,,,16.348025460452913,,,,15500,
2022-09-16,,,,,,16.07802963256836,,,,16.19125612926848,,,,15.949127716653146,,,,16.19125612926848,,,,24500,
2022-09-19,,,,,,15.999643325805664,,,,16.138997728300286,,,,15.96915799285167,,,,16.138997728300286,,,,10200,
2022-09-20,,,,,,16.04319190979004,,,,16.060611626448953,,,,15.877707924001575,,,,15.938675271072162,,,,21500,
2022-09-21,,,,,,16.23480224609375,,,,16.287061391038502,,,,15.894255622751707,,,,15.894255622751707,,,,22300,
2022-09-22,,,,,,15.973517417907715,,,,16.191258929426375,,,,15.869000761434963,,,,16.191258929426375,,,,33100,
2022-09-23,,,,,,15.720932960510254,,,,16.02577134088764,,,,15.720932960510254,,,,16.008351625155097,,,,42300,
2022-09-26,,,,,,15.70351791381836,,,,15.886419980335994,,,,15.590291401105292,,,,15.808032905761051,,,,56500,
2022-09-27,,,,,,15.877708435058594,,,,15.886418293668397,,,,15.634709526417078,,,,15.738354019773091,,,,22000,
2022-09-28,,,,,,15.938676834106445,,,,16.191257766723346,,,,15.729645197407516,,,,15.895129199424252,,,,42400,
2022-09-29,,,,,,15.616421699523926,,,,15.92126015234022,,,,15.503195181591854,,,,15.92126015234022,,,,39100,
2022-09-30,,,,,,15.8602876663208,,,,15.86899752435315,,,,15.513644287305313,,,,15.694805347412839,,,,114900,
2022-10-03,,,,,,15.825448989868164,,,,16.076287238645538,,,,15.722674996697124,,,,15.842868704936077,,,,15500,
2022-10-04,,,,,,15.738356590270996,,,,16.047549145857957,,,,15.738356590270996,,,,15.921260328478624,,,,21100,
2022-10-05,,,,,,15.38996696472168,,,,15.808030182956141,,,,15.355127532584362,,,,15.808030182956141,,,,31800,
2022-10-06,,,,,,15.38996696472168,,,,15.60422482090662,,,,15.241902700609197,,,,15.503191796696845,,,,44600,
2022-10-07,,,,,,15.224482536315918,,,,15.35512708051343,,,,15.11996756545211,,,,15.35512708051343,,,,36800,
2022-10-10,,,,,,15.128682136535645,,,,15.311584223147777,,,,15.067713113095571,,,,15.311584223147777,,,,12200,
2022-10-11,,,,,,14.82383918762207,,,,15.172225195890254,,,,14.719322554523853,,,,15.172225195890254,,,,88300,
2022-10-12,,,,,,14.56254768371582,,,,14.740225120192589,,,,14.536419772716739,,,,14.728031652063567,,,,46500,
2022-10-13,,,,,,14.405776023864746,,,,14.781162094334778,,,,14.161904986677749,,,,14.449323652074499,,,,48500,
2022-10-14,,,,,,14.47545337677002,,,,14.588678208038017,,,,14.240292195018547,,,,14.553838776118296,,,,85700,
2022-10-17,,,,,,14.45803451538086,,,,14.579969211835978,,,,14.405777025648044,,,,14.553839636351746,,,,19400,
2022-10-18,,,,,,14.501582145690918,,,,14.759387644423375,,,,14.475454231444004,,,,14.588679069397134,,,,19700,
2022-10-19,,,,,,14.37529182434082,,,,14.527711857566603,,,,14.249003028078574,,,,14.527711857566603,,,,41300,
2022-10-20,,,,,,14.22287368774414,,,,14.362228104794518,,,,14.170616196659171,,,,14.362228104794518,,,,15200,
2022-10-21,,,,,,14.22287368774414,,,,14.24900326390447,,,,14.033002754611402,,,,14.170616196659171,,,,17900,
2022-10-24,,,,,,14.283841133117676,,,,14.362228200887435,,,,14.222873782904683,,,,14.27513127433929,,,,22100,
2022-10-25,,,,,,14.675776481628418,,,,14.815130899702915,,,,14.379647927911185,,,,14.431905419380197,,,,49200,
2022-10-26,,,,,,14.762873649597168,,,,14.928355985493846,,,,14.489389395258796,,,,14.649647144788146,,,,26800,
2022-10-27,,,,,,14.806422233581543,,,,14.893519167202719,,,,14.736745018931769,,,,14.736745018931769,,,,7000,
2022-10-28,,,,,,14.987578392028809,,,,15.03286864970951,,,,14.69232039919524,,,,14.83254693116478,,,,18900,
2022-10-31,,,,,,14.963196754455566,,,,15.067711748414869,,,,14.775938923939616,,,,14.971906614158154,,,,54300,
2022-11-01,,,,,,14.998031616210938,,,,15.119967967105225,,,,14.980613561427942,,,,15.119967967105225,,,,47800,
2022-11-02,,,,,,14.980612754821777,,,,15.154804921921517,,,,14.806418926486574,,,,14.954483182200857,,,,22400,
2022-11-03,,,,,,14.850838661193848,,,,14.928353568991534,,,,14.771579456163193,,,,14.910935515193742,,,,19100,
2022-11-04,,,,,,14.851712226867676,,,,14.954486241136035,,,,14.771582517847628,,,,14.954486241136035,,,,12100,
2022-11-07,,,,,,14.963196754455566,,,,15.015454251435218,,,,14.803809478246372,,,,14.902229397773327,,,,24200,
2022-11-08,,,,,,15.38996696472168,,,,15.38996696472168,,,,14.942290561417611,,,,15.067708862393726,,,,27100,
2022-11-09,,,,,,15.4857759475708,,,,15.57287121784834,,,,15.085130727103783,,,,15.468356229020976,,,,58600,
2022-11-10,,,,,,16.25222396850586,,,,16.25222396850586,,,,15.625129102830902,,,,15.633838961397512,,,,55400,
2022-11-11,,,,,,16.452545166015625,,,,16.468223907637714,,,,16.208675779480043,,,,16.252223409579795,,,,46900,
2022-11-14,,,,,,16.269641876220703,,,,16.418576620304023,,,,16.173835103878748,,,,16.348028933366763,,,,46800,
2022-11-15,,,,,,16.62584686279297,,,,16.846817720512767,,,,16.351843471265095,,,,16.351843471265095,,,,32100,
2022-11-16,,,,,,16.661203384399414,,,,16.79378556484181,,,,16.537458554895807,,,,16.696557845776237,,,,24200,
2022-11-17,,,,,,16.572816848754883,,,,16.652366504498836,,,,16.510945268926058,,,,16.581655886712447,,,,14800,
2022-11-18,,,,,,16.48442840576172,,,,16.708934578501122,,,,16.48442840576172,,,,16.57281710080752,,,,15100,
2022-11-21,,,,,,16.55513572692871,,,,16.77610657758993,,,,16.493264158483377,,,,16.634685368036653,,,,29600,
2022-11-22,,,,,,16.466751098632812,,,,16.687722003630363,,,,16.45791374600222,,,,16.652367535485347,,,,35200,
2022-11-23,,,,,,16.767269134521484,,,,16.767269134521484,,,,16.62584791153005,,,,16.62584791153005,,,,17300,
2022-11-25,,,,,,16.72307586669922,,,,16.740753941287057,,,,16.67004332880969,,,,16.740753941287057,,,,6000,
2022-11-28,,,,,,16.670042037963867,,,,16.885709136438532,,,,16.528620823960104,,,,16.75842903231083,,,,31900,
2022-11-29,,,,,,16.201583862304688,,,,16.77610777795755,,,,16.201583862304688,,,,16.723075242048925,,,,27600,
2022-11-30,,,,,,16.72307586669922,,,,16.72307586669922,,,,16.25461700536545,,,,16.325327617842813,,,,28500,
2022-12-01,,,,,,16.873336791992188,,,,17.050997571071033,,,,16.69302413303356,,,,16.829143289659978,,,,30600,
2022-12-02,,,,,,17.182693481445312,,,,17.191532517602738,,,,16.793784319887475,,,,16.793784319887475,,,,23900,
2022-12-05,,,,,,16.91752815246582,,,,17.20037057768016,,,,16.90868911594364,,,,17.138499007898755,,,,49000,
2022-12-06,,,,,,16.731914520263672,,,,17.050113112051235,,,,16.62584776104317,,,,17.050113112051235,,,,38500,
2022-12-07,,,,,,16.899852752685547,,,,16.988239751323746,,,,16.652364773226353,,,,16.837979493415297,,,,39200,
2022-12-08,,,,,,16.537458419799805,,,,17.058949786370484,,,,16.528621068933212,,,,16.988239178320587,,,,86300,
2022-12-09,,,,,,16.166229248046875,,,,16.60817097682838,,,,16.13971213740538,,,,16.422554574085716,,,,49200,
2022-12-12,,,,,,16.192745208740234,,,,16.431394154790464,,,,16.192745208740234,,,,16.31648835741489,,,,49800,
2022-12-13,,,,,,16.351844787597656,,,,16.95288583871946,,,,16.298812249520434,,,,16.51978312502851,,,,45600,
2022-12-14,,,,,,16.396038055419922,,,,16.555137353265337,,,,16.320908768034013,,,,16.466748667142998,,,,43200,
2022-12-15,,,,,,16.44023323059082,,,,16.5462983051686,,,,16.213075200919217,,,,16.3606835817205,,,,23300,
2022-12-16,,,,,,16.351844787597656,,,,16.502105050378105,,,,16.113195837439175,,,,16.42255540032528,,,,24900,
2022-12-19,,,,,,16.298812866210938,,,,16.634687867907,,,,16.175068024850027,,,,16.254617677912737,,,,38300,
2022-12-20,,,,,,16.413715362548828,,,,16.531271348648144,,,,16.272294145713506,,,,16.422554399335272,,,,18400,
2022-12-21,,,,,,16.281131744384766,,,,16.519780658917178,,,,16.266105551762465,,,,16.5021025869058,,,,22600,
2022-12-22,,,,,,16.175065994262695,,,,16.493264566567483,,,,16.175065994262695,,,,16.360682390065104,,,,34100,
2022-12-23,,,,,,15.998292922973633,,,,16.289974433069805,,,,15.945260380921814,,,,16.263457319106838,,,,16700,
2022-12-27,,,,,,15.64473819732666,,,,16.06900186113663,,,,15.55634951256443,,,,16.06900186113663,,,,28900,
2022-12-28,,,,,,15.379571914672852,,,,15.64473796502216,,,,15.353056489749662,,,,15.64473796502216,,,,56900,
2022-12-29,,,,,,15.485641479492188,,,,15.62706272430154,,,,15.379574702948062,,,,15.406091818552648,,,,31700,
2022-12-30,,,,,,15.423766136169434,,,,15.750802052875137,,,,15.300021312717664,,,,15.512153128225803,,,,68500,
2023-01-03,,,,,,15.84803295135498,,,,16.095519276235585,,,,15.688933636289367,,,,15.688933636289367,,,,52900,
2023-01-04,,,,,,16.175065994262695,,,,16.192744067362703,,,,15.90106260470793,,,,16.015968393984142,,,,22600,
2023-01-05,,,,,,16.714237213134766,,,,16.802625902229213,,,,15.937303856013946,,,,16.06900264873113,,,,18800,
2023-01-06,,,,,,17.120824813842773,,,,17.120824813842773,,,,16.72307654876387,,,,16.82914331474293,,,,25400,
2023-01-09,,,,,,17.129663467407227,,,,17.235730241446923,,,,16.908692566875853,,,,17.19153673569032,,,,32100,
2023-01-10,,,,,,17.235727310180664,,,,17.235727310180664,,,,16.935206801697348,,,,17.129660554179654,,,,27300,
2023-01-11,,,,,,17.191532135009766,,,,17.341792374594444,,,,17.076626353394214,,,,17.341792374594444,,,,13300,
2023-01-12,,,,,,17.359472274780273,,,,17.562766771282845,,,,17.218051042527918,,,,17.288761658654096,,,,13000,
2023-01-13,,,,,,17.332956314086914,,,,17.536249118460304,,,,17.244567625180306,,,,17.43018235459757,,,,19000,
2023-01-17,,,,,,17.483213424682617,,,,17.659989084723286,,,,17.356816728840766,,,,17.421340173500983,,,,26100,
2023-01-18,,,,,,17.721860885620117,,,,17.97818787201613,,,,17.458465030646863,,,,17.633473897361654,,,,17500,
2023-01-19,,,,,,17.880964279174805,,,,17.889803317210685,,,,17.45670056869727,,,,17.71302761411544,,,,21100,
2023-01-20,,,,,,17.898639678955078,,,,17.97818932350923,,,,17.73954038984677,,,,17.93399582581198,,,,10400,
2023-01-23,,,,,,17.942832946777344,,,,18.022382590312347,,,,17.753682958312616,,,,17.995867166383245,,,,12500,
2023-01-24,,,,,,17.942832946777344,,,,18.031221626913332,,,,17.85444595251521,,,,17.942832946777344,,,,14000,
2023-01-25,,,,,,17.880964279174805,,,,18.02238551600065,,,,17.810253660761884,,,,17.942835859551845,,,,19500,
2023-01-26,,,,,,18.013545989990234,,,,18.013545989990234,,,,17.766059675186302,,,,17.969352486882126,,,,15900,
2023-01-27,,,,,,18.16380500793457,,,,18.190322119494866,,,,17.916318710200983,,,,17.916318710200983,,,,21200,
2023-01-30,,,,,,18.075416564941406,,,,18.20799874041157,,,,17.889800170584117,,,,18.14612717091708,,,,36400,
2023-01-31,,,,,,18.11077308654785,,,,18.208000813034555,,,,17.99586897096049,,,,18.1726446630852,,,,21000,
2023-02-01,,,,,,18.119613647460938,,,,18.199163305661187,,,,17.93399890224313,,,,18.199163305661187,,,,22300,
2023-02-02,,,,,,18.19916343688965,,,,18.296391172251955,,,,18.190324398595422,,,,18.296391172251955,,,,11900,
2023-02-03,,,,,,17.916318893432617,,,,18.190322305528756,,,,17.90305949457988,,,,18.190322305528756,,,,6700,
2023-02-06,,,,,,17.86328125,,,,17.86328125,,,,17.67766656033583,,,,17.845604864703645,,,,26500,
2023-02-07,,,,,,17.677671432495117,,,,17.863286173316737,,,,17.677671432495117,,,,17.863286173316737,,,,27600,
2023-02-08,,,,,,17.951671600341797,,,,18.03122124217944,,,,17.783734966127938,,,,17.792572316666508,,,,30800,
2023-02-09,,,,,,17.86328125,,,,18.110769188759217,,,,17.774894265897245,,,,18.110769188759217,,,,11700,
2023-02-10,,,,,,17.810251235961914,,,,17.933996065742722,,,,17.772244894868763,,,,17.933996065742722,,,,9700,
2023-02-13,,,,,,17.90254020690918,,,,17.91150064253166,,,,17.69645531467721,,,,17.91150064253166,,,,31400,
2023-02-14,,,,,,17.75021743774414,,,,17.983183652834157,,,,17.687496093109996,,,,17.857740963565867,,,,21100,
2023-02-15,,,,,,17.768136978149414,,,,17.848779189212877,,,,17.696455202651705,,,,17.812937446949856,,,,14100,
2023-02-16,,,,,,17.606853485107422,,,,17.69645613646483,,,,17.517250833750015,,,,17.69645613646483,,,,21900,
2023-02-17,,,,,,17.633737564086914,,,,17.633737564086914,,,,17.50829485789226,,,,17.588935376854042,,,,19500,
2023-02-21,,,,,,17.239484786987305,,,,17.59789369657601,,,,17.051320750338917,,,,17.59789369657601,,,,43600,
2023-02-22,,,,,,17.696456909179688,,,,17.810252571907306,,,,17.20364486873798,,,,17.338047997128584,,,,50300,
2023-02-23,,,,,,17.85774040222168,,,,17.884620001060824,,,,17.497538738327144,,,,17.812938222442423,,,,9100,
2023-02-24,,,,,,17.66957664489746,,,,17.795021053305707,,,,17.373889061339295,,,,17.76813974242638,,,,10800,
2023-02-27,,,,,,17.929424285888672,,,,17.97422476189943,,,,17.628360096732838,,,,17.812940313814924,,,,21200,
2023-02-28,,,,,,18.135507583618164,,,,18.180309764639738,,,,17.652551522696257,,,,17.929422678004293,,,,41900,
2023-03-01,,,,,,18.09070587158203,,,,18.141778474514506,,,,17.839818802143856,,,,18.081745435991916,,,,12600,
2023-03-02,,,,,,17.97422218322754,,,,18.001103490394634,,,,17.76724175783452,,,,17.920461277921717,,,,36400,
2023-03-03,,,,,,18.207191467285156,,,,18.207191467285156,,,,18.054867452274202,,,,18.054867452274202,,,,18600,
2023-03-06,,,,,,17.947341918945312,,,,18.359511692705574,,,,17.893579306606608,,,,18.296790354005385,,,,31000,
2023-03-07,,,,,,17.8667049407959,,,,18.269018866132487,,,,17.75022095565076,,,,18.269018866132487,,,,12400,
2023-03-08,,,,,,17.80398178100586,,,,17.920464045327893,,,,17.696458244761295,,,,17.78606090679366,,,,15200,
2023-03-09,,,,,,17.35597038269043,,,,18.010066917821643,,,,17.311168196636384,,,,17.884622505898967,,,,25500,
2023-03-10,,,,,,17.248445510864258,,,,17.93838374146567,,,,17.082681707859262,,,,17.463490860202,,,,14900,
2023-03-13,,,,,,16.916915893554688,,,,17.380160028165342,,,,16.782512766248676,,,,17.024439420816588,,,,18700,
2023-03-14,,,,,,17.454530715942383,,,,18.032466063293036,,,,16.863155568104496,,,,17.185724452026452,,,,31600,
2023-03-15,,,,,,17.212604522705078,,,,17.606855201698313,,,,17.1230035716404,,,,17.29324674588616,,,,17600,
2023-03-16,,,,,,17.56205177307129,,,,17.786057531123145,,,,17.212601628371143,,,,17.212601628371143,,,,15400,
2023-03-17,,,,,,17.26636505126953,,,,17.669574409272126,,,,17.25292354301624,,,,17.669574409272126,,,,9000,
2023-03-20,,,,,,17.25740623474121,,,,17.678536503911452,,,,17.25740623474121,,,,17.43660984099239,,,,10200,
2023-03-21,,,,,,17.642698287963867,,,,17.831757881361295,,,,17.24844757905737,,,,17.43661164140421,,,,5900,
2023-03-22,,,,,,17.642698287963867,,,,17.78606187137919,,,,17.427652912840884,,,,17.517253870703918,,,,15800,
2023-03-23,,,,,,17.499330520629883,,,,17.88103515842269,,,,17.49037008518019,,,,17.642694069768382,,,,14100,
2023-03-24,,,,,,17.651657104492188,,,,17.741258054126597,,,,17.553094009060057,,,,17.63373623095388,,,,19700,
2023-03-27,,,,,,17.6875,,,,18.063829859958673,,,,17.66241145660468,,,,17.786063111355247,,,,25500,
2023-03-28,,,,,,17.821901321411133,,,,17.821901321411133,,,,17.734091428562692,,,,17.821901321411133,,,,3800,
2023-03-29,,,,,,17.759180068969727,,,,18.27976900280503,,,,17.64269780154205,,,,17.821901421356067,,,,32100,
2023-03-30,,,,,,17.786062240600586,,,,18.054868537827293,,,,17.71438044740488,,,,17.91150495143588,,,,41400,
2023-03-31,,,,,,17.786062240600586,,,,17.812941844906003,,,,17.63373821643112,,,,17.786062240600586,,,,43400,
2023-04-03,,,,,,17.85774040222168,,,,18.234070167225383,,,,17.562052851792227,,,,17.86670083817753,,,,22200,
2023-04-04,,,,,,17.786062240600586,,,,18.144471206579116,,,,17.606856903096944,,,,17.992147182409646,,,,17600,
2023-04-05,,,,,,17.723337173461914,,,,18.045904320774383,,,,17.675846692281056,,,,17.83085898622327,,,,17300,
2023-04-06,,,,,,17.965261459350586,,,,18.189267221731658,,,,17.798602142867164,,,,17.812937472570322,,,,29800,
2023-04-10,,,,,,17.947341918945312,,,,18.18926683835628,,,,17.687494419726477,,,,18.05486372556612,,,,17900,
2023-04-11,,,,,,18.26095199584961,,,,18.454494359877685,,,,17.741258610151046,,,,18.081748381935846,,,,68300,
2023-04-12,,,,,,18.71792221069336,,,,18.888167080027486,,,,18.278871092118784,,,,18.39535505341051,,,,31600,
2023-04-13,,,,,,19.058412551879883,,,,19.085292152236637,,,,18.620256950362638,,,,18.807525458036313,,,,15100,
2023-04-14,,,,,,19.058412551879883,,,,19.210736553672675,,,,18.90608855008709,,,,19.058412551879883,,,,40800,
2023-04-17,,,,,,19.19281578063965,,,,19.300339309711795,,,,18.91504908499367,,,,19.139054870617834,,,,30200,
2023-04-18,,,,,,19.309297561645508,,,,19.372020615659494,,,,19.21969661682533,,,,19.309297561645508,,,,25900,
2023-04-19,,,,,,19.372024536132812,,,,19.452665060985154,,,,19.17489831596606,,,,19.363064098031703,,,,23600,
2023-04-20,,,,,,19.452661514282227,,,,19.569145479329904,,,,19.22865572968278,,,,19.443702786843335,,,,20400,
2023-04-21,,,,,,19.3809814453125,,,,19.640828998758263,,,,19.273459616253238,,,,19.542265897930054,,,,22800,
2023-04-24,,,,,,19.3809814453125,,,,19.66771031053741,,,,19.273459616253238,,,,19.47954454614071,,,,10100,
2023-04-25,,,,,,18.932968139648438,,,,19.452661490934254,,,,18.897128102850367,,,,19.452661490934254,,,,25500,
2023-04-26,,,,,,18.91504669189453,,,,19.425779545056024,,,,18.816483611800805,,,,19.20177378777268,,,,14500,
2023-04-27,,,,,,19.112171173095703,,,,19.251950888910265,,,,18.852325382933294,,,,19.228653415093685,,,,8800,
2023-04-28,,,,,,19.372024536132812,,,,19.443706331912864,,,,18.9508924905248,,,,19.156977439763843,,,,39100,
2023-05-01,,,,,,19.139055252075195,,,,19.434742826631254,,,,18.995691683140656,,,,19.282418821009735,,,,17000,
2023-05-02,,,,,,18.86128807067871,,,,19.139056498985994,,,,18.816487593353617,,,,19.139056498985994,,,,12700,
2023-05-03,,,,,,18.735843658447266,,,,19.09425257145112,,,,18.735843658447266,,,,18.959849442703238,,,,18800,
2023-05-04,,,,,,18.32367515563965,,,,18.861287709356446,,,,18.027987567483958,,,,18.861287709356446,,,,34300,
2023-05-05,,,,,,18.6014404296875,,,,19.134573578100024,,,,18.37743464663591,,,,18.37743464663591,,,,14000,
2023-05-08,,,,,,18.610401153564453,,,,19.044971217257885,,,,18.556638534301094,,,,18.556638534301094,,,,15200,
2023-05-09,,,,,,18.6014404296875,,,,19.139054650817016,,,,18.31202499900153,,,,18.691043084713833,,,,25600,
2023-05-10,,,,,,18.941926956176758,,,,19.192814028421218,,,,18.735842062384002,,,,18.798563403188027,,,,50800,
2023-05-11,,,,,,18.63728141784668,,,,18.86128721233536,,,,18.565599631971445,,,,18.86128721233536,,,,17200,
2023-05-12,,,,,,18.74480438232422,,,,18.81648616602412,,,,18.55663863196914,,,,18.717923072551056,,,,14300,
2023-05-15,,,,,,18.90608787536621,,,,18.910567238922976,,,,18.691042535044197,,,,18.74480344286759,,,,14000,
2023-05-16,,,,,,18.527549743652344,,,,18.89973458562239,,,,18.345995402063313,,,,18.79080336581339,,,,18200,
2023-05-17,,,,,,18.754491806030273,,,,18.790803366922432,,,,18.3913848542613,,,,18.6637146352304,,,,25800,
2023-05-18,,,,,,18.745412826538086,,,,18.908811378196898,,,,18.382305895868736,,,,18.754490716233622,,,,9600,
2023-05-19,,,,,,18.600170135498047,,,,18.874316172350934,,,,18.4313262344289,,,,18.781724467340787,,,,12500,
2023-05-22,,,,,,18.681873321533203,,,,18.827116124832465,,,,18.5638641931391,,,,18.609251919883572,,,,19600,
2023-05-23,,,,,,18.591093063354492,,,,18.890656512067793,,,,18.50031589344096,,,,18.50031589344096,,,,21100,
2023-05-24,,,,,,18.627403259277344,,,,18.93604457551446,,,,18.518470317075263,,,,18.65463519625508,,,,25600,
2023-05-25,,,,,,18.563861846923828,,,,18.77264813384997,,,,18.518472394485162,,,,18.70002674137868,,,,9300,
2023-05-26,,,,,,18.527549743652344,,,,18.9269682562899,,,,18.49123991419285,,,,18.51847185342984,,,,14500,
2023-05-30,,,,,,18.618328094482422,,,,18.963279287648074,,,,18.618328094482422,,,,18.709105271030424,,,,15600,
2023-05-31,,,,,,19.226530075073242,,,,19.244685853976346,,,,18.763568101626305,,,,18.763568101626305,,,,97300,
2023-06-01,,,,,,19.29915428161621,,,,19.380853567197736,,,,19.08129009720902,,,,19.19929921447643,,,,15700,
2023-06-02,,,,,,19.716726303100586,,,,19.807503476856386,,,,19.321847588408016,,,,19.362697230026598,,,,24300,
2023-06-05,,,,,,19.625951766967773,,,,19.843815955182826,,,,19.38085390593934,,,,19.716727213484386,,,,22700,
2023-06-06,,,,,,19.589637756347656,,,,19.83473558676183,,,,19.526094259150746,,,,19.716724750741477,,,,15100,
2023-06-07,,,,,,19.37177276611328,,,,19.68949196992792,,,,19.37177276611328,,,,19.68949196992792,,,,13500,
2023-06-08,,,,,,19.362693786621094,,,,19.489780768420086,,,,19.208373138109344,,,,19.371771675525345,,,,10000,
2023-06-09,,,,,,19.244686126708984,,,,19.453472392762457,,,,19.244686126708984,,,,19.417160834441646,,,,6900,
2023-06-12,,,,,,19.153907775878906,,,,19.358155950205646,,,,19.063130617130323,,,,19.34453825096367,,,,10100,
2023-06-13,,,,,,18.926969528198242,,,,19.27282972376649,,,,18.877041994334558,,,,19.253764941016698,,,,20100,
2023-06-14,,,,,,18.545703887939453,,,,19.026819907272998,,,,18.50031444083133,,,,19.026819907272998,,,,27100,
2023-06-15,,,,,,18.654638290405273,,,,18.836192647045447,,,,18.524827739179962,,,,18.57293900306026,,,,13000,
2023-06-16,,,,,,18.690948486328125,,,,18.94512422073529,,,,18.600171314651956,,,,18.781725658004294,,,,11200,
2023-06-20,,,,,,18.582014083862305,,,,18.90881118382056,,,,18.509392698474958,,,,18.827111908830997,,,,13200,
2023-06-21,,,,,,18.4095401763916,,,,18.67279206058386,,,,18.4095401763916,,,,18.663714170586818,,,,16300,
2023-06-22,,,,,,18.47308349609375,,,,18.645559941506733,,,,18.427694046547984,,,,18.427694046547984,,,,7200,
2023-06-23,,,,,,18.709104537963867,,,,18.709104537963867,,,,18.554783863308096,,,,18.554783863308096,,,,8000,
2023-06-26,,,,,,18.9088134765625,,,,19.217454834739872,,,,18.837099352010735,,,,18.86342575447843,,,,9800,
2023-06-27,,,,,,18.718183517456055,,,,19.054056826205116,,,,18.681871953574717,,,,19.054056826205116,,,,22500,
2023-06-28,,,,,,18.763566970825195,,,,19.226528916371365,,,,18.627402100118736,,,,18.84526623953512,,,,18900,
2023-06-29,,,,,,18.827112197875977,,,,18.917889363861423,,,,18.65463575564667,,,,18.917889363861423,,,,13100,
2023-06-30,,,,,,19.217453002929688,,,,19.226530892767318,,,,18.79987872755093,,,,18.97235517160501,,,,59300,
2023-07-03,,,,,,19.380849838256836,,,,19.380849838256836,,,,18.963275599912777,,,,19.063130647840108,,,,15000,
2023-07-05,,,,,,19.117599487304688,,,,19.380853119526723,,,,18.945124760777066,,,,19.172066830721334,,,,9100,
2023-07-06,,,,,,18.500316619873047,,,,18.963278646323236,,,,18.3096861138568,,,,18.963278646323236,,,,15000,
2023-07-07,,,,,,18.5366268157959,,,,18.81349639535632,,,,18.345994592397556,,,,18.572936643652927,,,,13400,
2023-07-10,,,,,,18.40045928955078,,,,19.199294433450486,,,,18.40045928955078,,,,18.536624154468548,,,,20400,
2023-07-11,,,,,,18.718183517456055,,,,18.718183517456055,,,,18.518473378970018,,,,18.56386283382169,,,,8700,
2023-07-12,,,,,,18.67279052734375,,,,18.90881045359555,,,,18.527547762178077,,,,18.90881045359555,,,,13300,
2023-07-13,,,,,,18.72726058959961,,,,19.00867002910144,,,,18.600173572683136,,,,18.836193555121408,,,,16400,
2023-07-14,,,,,,18.70002555847168,,,,18.872502003967124,,,,18.56386067263021,,,,18.85434622414014,,,,11400,
2023-07-17,,,,,,18.86342430114746,,,,19.0631326869337,,,,18.445850018137445,,,,18.700025743944867,,,,30900,
2023-07-18,,,,,,18.763566970825195,,,,19.080377155868806,,,,18.609246322309804,,,,18.89973184153165,,,,23500,
2023-07-19,,,,,,18.79987907409668,,,,19.29915263578697,,,,18.77264713551226,,,,18.77264713551226,,,,17800,
2023-07-20,,,,,,18.754491806030273,,,,19.05405525766849,,,,18.718181976568637,,,,18.772647586476353,,,,14800,
2023-07-21,,,,,,18.745412826538086,,,,19.054054150464637,,,,18.68186933009975,,,,18.936045047283507,,,,10100,
2023-07-24,,,,,,18.763566970825195,,,,18.950566634252446,,,,18.52754705359988,,,,18.92696550824505,,,,10800,
2023-07-25,,,,,,18.763566970825195,,,,18.85434412843959,,,,18.663711924306334,,,,18.6727898132108,,,,7900,
2023-07-26,,,,,,19.054054260253906,,,,19.21745281285422,,,,18.884301357973147,,,,18.899733597401436,,,,16800,
2023-07-27,,,,,,18.818035125732422,,,,19.1811420740199,,,,18.70910390696143,,,,19.1811420740199,,,,5700,
2023-07-28,,,,,,18.7363338470459,,,,19.08945559794,,,,18.489421494838453,,,,18.99050954944555,,,,6400,
2023-07-31,,,,,,19.117599487304688,,,,19.117599487304688,,,,18.754492521679975,,,,18.754492521679975,,,,15300,
2023-08-01,,,,,,18.805326461791992,,,,19.035899331109732,,,,18.654636601821117,,,,19.035899331109732,,,,15600,
2023-08-02,,,,,,18.47308349609375,,,,18.66371398989458,,,,18.35507265870522,,,,18.66371398989458,,,,5400,
2023-08-03,,,,,,18.345993041992188,,,,18.545703138335057,,,,18.273371660984864,,,,18.47308175732773,,,,5500,
2023-08-04,,,,,,18.336917877197266,,,,18.692761451398656,,,,18.336917877197266,,,,18.409539262136587,,,,7000,
2023-08-07,,,,,,18.47308349609375,,,,18.899733933241173,,,,18.400462108250988,,,,18.545704883936512,,,,8700,
2023-08-08,,,,,,18.609249114990234,,,,18.8997346778051,,,,18.509394053486176,,,,18.645560676057357,,,,12400,
2023-08-09,,,,,,18.763566970825195,,,,18.890653952627186,,,,18.355070627275555,,,,18.736333304111795,,,,8900,
2023-08-10,,,,,,18.7363338470459,,,,18.92696605670322,,,,18.627402639896275,,,,18.88157661086561,,,,4800,
2023-08-11,,,,,,18.818035125732422,,,,18.818035125732422,,,,18.53662745723844,,,,18.790803186754925,,,,11500,
2023-08-14,,,,,,18.709104537963867,,,,18.845269431735293,,,,18.572937912761876,,,,18.845269431735293,,,,6100,
2023-08-15,,,,,,18.427692413330078,,,,18.781723162688,,,,18.427692413330078,,,,18.781723162688,,,,8500,
2023-08-16,,,,,,18.172815322875977,,,,18.61264405050794,,,,18.05319756385115,,,,18.421254232042113,,,,9600,
2023-08-17,,,,,,18.07160186767578,,,,18.23722783265984,,,,17.979589002713883,,,,18.17281812517335,,,,6000,
2023-08-18,,,,,,18.0347957611084,,,,18.27403305368307,,,,17.841564897668835,,,,18.0347957611084,,,,10000,
2023-08-21,,,,,,17.933578491210938,,,,18.200420679112835,,,,17.772554243361636,,,,18.01639146297134,,,,10600,
2023-08-22,,,,,,17.8875732421875,,,,18.23262672889233,,,,17.767953717311464,,,,18.062399078494337,,,,13900,
2023-08-23,,,,,,18.402849197387695,,,,18.402849197387695,,,,17.85628470258762,,,,17.997986023636077,,,,9900,
2023-08-24,,,,,,18.255626678466797,,,,18.43045423853679,,,,17.961181369948378,,,,18.43045423853679,,,,5100,
2023-08-25,,,,,,18.066997528076172,,,,18.347641260973504,,,,17.749549009160695,,,,18.347641260973504,,,,5800,
2023-08-28,,,,,,18.113004684448242,,,,18.237224132986654,,,,18.009949173376096,,,,18.237224132986654,,,,6300,
2023-08-29,,,,,,18.237224578857422,,,,18.301634274852226,,,,17.970384159017144,,,,18.172814882862617,,,,6700,
2023-08-30,,,,,,18.172815322875977,,,,18.271270898437308,,,,18.0439959277673,,,,18.237225020430316,,,,7600,
2023-08-31,,,,,,18.605281829833984,,,,18.605281829833984,,,,18.126809035070476,,,,18.228023522695807,,,,70000,
2023-09-01,,,,,,18.402849197387695,,,,18.556512819702768,,,,17.80475694947909,,,,18.44885561836818,,,,7200,
2023-09-05,,,,,,18.14521026611328,,,,18.5013063840101,,,,18.14521026611328,,,,18.43965735328875,,,,16400,
2023-09-06,,,,,,18.10840606689453,,,,18.527070866239498,,,,17.991547216315894,,,,18.347643345810607,,,,7300,
2023-09-07,,,,,,18.15441131591797,,,,18.40285021502867,,,,18.008108291661717,,,,18.10840489239342,,,,20400,
2023-09-08,,,,,,18.320037841796875,,,,18.32923947780621,,,,18.007189237609843,,,,18.218821600726773,,,,20400,
2023-09-11,,,,,,18.191219329833984,,,,18.347643639512604,,,,18.080801447400315,,,,18.347643639512604,,,,8400,
2023-09-12,,,,,,18.126808166503906,,,,18.264829192130573,,,,17.98878538584468,,,,18.264829192130573,,,,21100,
2023-09-13,,,,,,17.83236312866211,,,,18.18201830561529,,,,17.72194699754314,,,,18.18201830561529,,,,32000,
2023-09-14,,,,,,17.979585647583008,,,,18.09000176694594,,,,17.83236123004481,,,,17.905972561297624,,,,9600,
2023-09-15,,,,,,18.053199768066406,,,,18.053199768066406,,,,17.81856240686156,,,,18.053199768066406,,,,15600,
2023-09-18,,,,,,18.080801010131836,,,,18.145210708730158,,,,17.878370278103876,,,,17.9335783404692,,,,5300,
2023-09-19,,,,,,18.218820571899414,,,,18.36604322966984,,,,17.915173620868842,,,,18.126807727067284,,,,38400,
2023-09-20,,,,,,18.264833450317383,,,,18.41205614597972,,,,18.2188252610273,,,,18.347646436006567,,,,9100,
2023-09-21,,,,,,17.804759979248047,,,,18.08080206216892,,,,17.758751795406063,,,,18.08080206216892,,,,10300,
2023-09-22,,,,,,18.090002059936523,,,,18.136008484577445,,,,17.804758366091068,,,,17.859966426666695,,,,25800,
2023-09-25,,,,,,17.988786697387695,,,,18.053198152073367,,,,17.71458565529824,,,,17.93357863411838,,,,29200,
2023-09-26,,,,,,17.905975341796875,,,,18.071601301592793,,,,17.767954293644557,,,,18.016393233338434,,,,83400,
2023-09-27,,,,,,17.786354064941406,,,,18.043994591105925,,,,17.685137830549543,,,,18.043994591105925,,,,17500,
2023-09-28,,,,,,17.639131546020508,,,,17.887570438718722,,,,17.619808638035035,,,,17.878368803244804,,,,34200,
2023-09-29,,,,,,17.041040420532227,,,,18.07159909210074,,,,16.930622542490713,,,,17.804758665635415,,,,253700,
2023-10-02,,,,,,16.741992950439453,,,,17.087046397085057,,,,16.56256543898895,,,,17.05944324457426,,,,13700,
2023-10-03,,,,,,16.019681930541992,,,,16.709788854907785,,,,15.821851138487851,,,,16.709788854907785,,,,29500,
2023-10-04,,,,,,16.111696243286133,,,,16.265359880483064,,,,15.955271939757816,,,,16.16690430481594,,,,44400,
2023-10-05,,,,,,16.194509506225586,,,,16.350933812585257,,,,16.10249489865531,,,,16.20371114248588,,,,19900,
2023-10-06,,,,,,16.13930320739746,,,,16.31412905035,,,,15.85773802115451,,,,16.010482040708446,,,,27700,
2023-10-09,,,,,,16.295724868774414,,,,16.415344391539385,,,,16.14850219078119,,,,16.14850219078119,,,,17000,
2023-10-10,,,,,,16.534961700439453,,,,16.55336497343612,,,,16.212913198161342,,,,16.37853739003321,,,,18500,
2023-10-11,,,,,,16.7189884185791,,,,16.7189884185791,,,,16.562564131579553,,,,16.617772187275733,,,,19200,
2023-10-12,,,,,,16.571767807006836,,,,16.746595385773926,,,,16.333450166607683,,,,16.700587204502238,,,,40900,
2023-10-13,,,,,,16.4521484375,,,,16.755795416471273,,,,16.323329038855423,,,,16.755795416471273,,,,12600,
2023-10-16,,,,,,16.4521484375,,,,16.57176795484083,,,,16.323329038855423,,,,16.49815661918212,,,,9300,
2023-10-17,,,,,,16.102495193481445,,,,16.54416321186623,,,,16.04728712994152,,,,16.350934111960147,,,,13200,
2023-10-18,,,,,,16.102495193481445,,,,16.249717866276374,,,,15.937788884962043,,,,16.065688647766365,,,,26800,
2023-10-19,,,,,,15.936868667602539,,,,16.277322182941084,,,,15.93686866760254,,,,16.17610594094237,,,,12600,
2023-10-20,,,,,,16.120899200439453,,,,16.176107266493396,,,,15.881661907495324,,,,16.047287860689934,,,,14600,
2023-10-23,,,,,,16.120899200439453,,,,16.282843094868728,,,,15.927668336701483,,,,15.992078039603214,,,,9600,
2023-10-24,,,,,,16.350933074951172,,,,16.424544406680056,,,,16.139300715609696,,,,16.2681201073771,,,,5500,
2023-10-25,,,,,,16.157703399658203,,,,16.415343956840076,,,,16.047287271603626,,,,16.415343956840076,,,,9100,
2023-10-26,,,,,,16.433746337890625,,,,16.49815603493197,,,,16.178866460999064,,,,16.23131385572341,,,,23500,
2023-10-27,,,,,,16.010480880737305,,,,16.479753817099244,,,,16.010480880737305,,,,16.479753817099244,,,,52200,
2023-10-30,,,,,,16.13930320739746,,,,16.31412905035,,,,15.97367724667791,,,,16.13010157013161,,,,13200,
2023-10-31,,,,,,16.479753494262695,,,,16.479753494262695,,,,16.21291305824469,,,,16.21291305824469,,,,31100,
2023-11-01,,,,,,17.096248626708984,,,,17.169859961015366,,,,16.424544981784177,,,,16.56256601422956,,,,30400,
2023-11-02,,,,,,17.694339752197266,,,,17.859965682051506,,,,17.175380143351013,,,,17.473505764069124,,,,20900,
2023-11-03,,,,,,18.182018280029297,,,,18.21882307200624,,,,17.703543699099715,,,,17.86916965057786,,,,29600,
2023-11-06,,,,,,18.237224578857422,,,,18.274031122301647,,,,17.9795857948782,,,,18.108405186867813,,,,24400,
2023-11-07,,,,,,18.09920310974121,,,,18.23722413422687,,,,18.01454911490294,,,,18.23722413422687,,,,3800,
2023-11-08,,,,,,18.090002059936523,,,,18.291513148318543,,,,18.053197271230303,,,,18.17281502831627,,,,20000,
2023-11-09,,,,,,17.712745666503906,,,,18.126810552928802,,,,17.666739236915713,,,,18.126810552928802,,,,16000,
2023-11-10,,,,,,17.850767135620117,,,,18.025594731279778,,,,17.721947725677648,,,,17.961185026308545,,,,18400,
2023-11-13,,,,,,17.565523147583008,,,,17.961184763804052,,,,17.519516717571037,,,,17.832363600711485,,,,34100,
2023-11-14,,,,,,17.915176391601562,,,,17.99062876126707,,,,17.878371598983044,,,,17.97958784999135,,,,15600,
2023-11-15,,,,,,17.852649688720703,,,,17.992635303554486,,,,17.805989003770133,,,,17.992635303554486,,,,9100,
2023-11-16,,,,,,18.05796241760254,,,,18.1419530812186,,,,17.777992945551954,,,,17.97397175398648,,,,41800,
2023-11-17,,,,,,18.00196647644043,,,,18.337927299428475,,,,17.973968999528548,,,,18.19794347485088,,,,17200,
2023-11-20,,,,,,18.216609954833984,,,,18.235274940974087,,,,17.936640502705604,,,,17.936640502705604,,,,31300,
2023-11-21,,,,,,18.309932708740234,,,,18.39392158456843,,,,18.123286411366212,,,,18.123286411366212,,,,30000,
2023-11-22,,,,,,18.30059814453125,,,,18.33792633178648,,,,18.00663088243651,,,,18.32859383997497,,,,17300,
2023-11-24,,,,,,18.202608108520508,,,,18.393919743181005,,,,18.02062896579355,,,,18.300598383827264,,,,18600,
2023-11-27,,,,,,18.31926155090332,,,,18.38458899430687,,,,18.12794991662713,,,,18.281933363234977,,,,20300,
2023-11-28,,,,,,18.38459014892578,,,,18.53390646895842,,,,18.197943858889513,,,,18.31926270141943,,,,27800,
2023-11-29,,,,,,18.683223724365234,,,,18.860535750786767,,,,18.281935426690445,,,,18.524574903888947,,,,35300,
2023-11-30,,,,,,19.056514739990234,,,,19.12184041145099,,,,18.697221766965043,,,,18.776547068018132,,,,88900,
2023-12-01,,,,,,19.280487060546875,,,,19.39247518470865,,,,19.0005194201287,,,,19.08451006825232,,,,56000,
2023-12-04,,,,,,19.187164306640625,,,,19.33648062186811,,,,19.04718048361372,,,,19.224494275442936,,,,39000,
2023-12-05,,,,,,19.084510803222656,,,,19.2991527878088,,,,19.084510803222656,,,,19.28048780306455,,,,25000,
2023-12-06,,,,,,19.065845489501953,,,,19.224494297108812,,,,19.065845489501953,,,,19.16850112383312,,,,10900,
2023-12-07,,,,,,18.97252082824707,,,,19.243157740726225,,,,18.93519264238245,,,,19.14050211461472,,,,47600,
2023-12-08,,,,,,18.94452476501465,,,,19.028515414454855,,,,18.85120340340631,,,,18.963189749332667,,,,19400,
2023-12-11,,,,,,18.925859451293945,,,,19.009850091372922,,,,18.767210662254843,,,,18.972520126897518,,,,19700,
2023-12-12,,,,,,18.85120391845703,,,,19.02851593435008,,,,18.841871426043042,,,,18.92586207777803,,,,17100,
2023-12-13,,,,,,19.30848503112793,,,,19.75643397926654,,,,18.84187109848582,,,,18.92586174876067,,,,26100,
2023-12-14,,,,,,19.364479064941406,,,,19.793763047648053,,,,19.30848588893423,,,,19.56045607096201,,,,30800,
2023-12-15,,,,,,19.289819717407227,,,,19.59778483649538,,,,19.177831592288417,,,,19.53245917183893,,,,30600,
2023-12-18,,,,,,19.345813751220703,,,,19.90575084176067,,,,19.1218392710029,,,,19.289820576163986,,,,42700,
2023-12-19,,,,,,19.50446319580078,,,,19.551125659852318,,,,19.18530012964688,,,,19.44847001892994,,,,30100,
2023-12-20,,,,,,19.607118606567383,,,,19.709774246284752,,,,19.41113981983341,,,,19.56045614306359,,,,25000,
2023-12-21,,,,,,19.523128509521484,,,,19.860023851674036,,,,19.42980535984105,,,,19.793763685604606,,,,29200,
2023-12-22,,,,,,19.58845329284668,,,,19.8497577441153,,,,19.47646694229652,,,,19.69110893084345,,,,25000,
2023-12-26,,,,,,19.215164184570312,,,,19.686443529654767,,,,19.168503497727098,,,,19.62578499275681,,,,50200,
2023-12-27,,,,,,19.457801818847656,,,,19.61645063099139,,,,19.159169179516145,,,,19.383143659014777,,,,17200,
2023-12-28,,,,,,19.383142471313477,,,,19.597784445181958,,,,19.215161176984815,,,,19.58845195327583,,,,15400,
2023-12-29,,,,,,19.541791915893555,,,,20.064399019874227,,,,19.168501127335933,,,,19.457801265969227,,,,262400,
2024-01-02,,,,,,19.3271484375,,,,19.569787898607014,,,,19.31781772514169,,,,19.40180837629377,,,,23400,
2024-01-03,,,,,,19.140506744384766,,,,19.327151278835558,,,,18.944527936221583,,,,19.252493109057006,,,,24400,
2024-01-04,,,,,,19.233827590942383,,,,19.49513026378003,,,,19.065846284123346,,,,19.140504444932812,,,,11000,
2024-01-05,,,,,,19.15917205810547,,,,19.271158424684824,,,,19.075181393175352,,,,19.224497735275293,,,,8600,
2024-01-08,,,,,,19.345813751220703,,,,19.345813751220703,,,,19.103174285987016,,,,19.243159893615218,,,,8400,
2024-01-09,,,,,,19.457801818847656,,,,19.47646680380361,,,,19.243159831826997,,,,19.345813689102872,,,,8700,
2024-01-10,,,,,,19.50446319580078,,,,19.51379568861109,,,,19.364479363628174,,,,19.364479363628174,,,,7200,
2024-01-11,,,,,,19.439136505126953,,,,19.653778488517474,,,,19.301018110776138,,,,19.383143331197015,,,,14300,
2024-01-12,,,,,,19.480199813842773,,,,19.59778601730923,,,,19.4578021874695,,,,19.59778601730923,,,,8600,
2024-01-16,,,,,,19.33648109436035,,,,19.495129905665042,,,,19.294485768427023,,,,19.457801715941486,,,,10800,
2024-01-17,,,,,,19.233827590942383,,,,19.355146434761153,,,,19.096641907711657,,,,19.33648144956105,,,,18000,
2024-01-18,,,,,,19.22449493408203,,,,19.32714879182359,,,,19.04718113617797,,,,19.205829949041405,,,,21100,
2024-01-19,,,,,,19.448469161987305,,,,19.504462336390965,,,,19.08451085837714,,,,19.289820351184503,,,,14700,
2024-01-22,,,,,,19.700439453125,,,,19.700439453125,,,,19.490462841854757,,,,19.597783825394934,,,,9600,
2024-01-23,,,,,,19.625782012939453,,,,19.70044016854778,,,,19.36727750389894,,,,19.70044016854778,,,,6100,
2024-01-24,,,,,,19.737768173217773,,,,19.803093836270076,,,,19.504461216607655,,,,19.78443063253429,,,,13600,
2024-01-25,,,,,,20.008403778076172,,,,20.01773626932416,,,,19.569785589374238,,,,19.79376003935385,,,,19100,
2024-01-26,,,,,,19.943078994750977,,,,20.055065334661176,,,,19.814293101862546,,,,20.027067859688238,,,,18000,
2024-01-29,,,,,,19.9710750579834,,,,20.049465853364154,,,,19.84975622417853,,,,19.93374687065529,,,,15200,
2024-01-30,,,,,,20.045734405517578,,,,20.109194641739826,,,,19.887085594952875,,,,20.0270694207474,,,,13400,
2024-01-31,,,,,,20.017736434936523,,,,20.111057788207074,,,,19.929078657342497,,,,20.0457321289214,,,,9400,
2024-02-01,,,,,,20.288373947143555,,,,20.288373947143555,,,,19.937480776044087,,,,20.11106015111311,,,,14100,
2024-02-02,,,,,,20.167055130004883,,,,20.269708986785734,,,,19.989741333760247,,,,20.204383319745848,,,,14700,
2024-02-05,,,,,,19.98040771484375,,,,20.10172832964149,,,,19.963609941407817,,,,20.064398362014238,,,,8100,
2024-02-06,,,,,,20.045734405517578,,,,20.08306437505794,,,,19.877753102567787,,,,19.971076246427774,,,,18500,
2024-02-07,,,,,,20.167055130004883,,,,20.232380797044765,,,,19.86842249211345,,,,20.111060175407044,,,,14200,
2024-02-08,,,,,,20.111059188842773,,,,20.157721648718574,,,,19.905749705361767,,,,20.139056664768255,,,,14100,
2024-02-09,,,,,,20.512348175048828,,,,20.68966196891611,,,,20.06906458037607,,,,20.17638735192086,,,,26800,
2024-02-12,,,,,,20.72698974609375,,,,20.764319714583,,,,20.54967773574242,,,,20.605670908485425,,,,17100,
2024-02-13,,,,,,19.98973846435547,,,,20.493680523461727,,,,19.971073482168766,,,,20.475017321265696,,,,49500,
2024-02-14,,,,,,19.860240936279297,,,,20.228897850084195,,,,19.860240936279297,,,,20.077653895550384,,,,21100,
2024-02-15,,,,,,20.02093505859375,,,,20.361234810107042,,,,19.93586012071543,,,,20.03038802979911,,,,7200,
2024-02-16,,,,,,19.983123779296875,,,,20.124916548703926,,,,19.79406975837074,,,,20.039841608247677,,,,9700,
2024-02-20,,,,,,19.898048400878906,,,,20.087104220613828,,,,19.879144261281347,,,,20.058745306762614,,,,15600,
2024-02-21,,,,,,20.18163299560547,,,,20.36123585175567,,,,19.973671224388394,,,,20.039842026211097,,,,19400,
2024-02-22,,,,,,20.08710289001465,,,,20.361233630174468,,,,19.96799870507504,,,,20.361233630174468,,,,12400,
2024-02-23,,,,,,20.10601043701172,,,,20.465214335836283,,,,20.00202955444437,,,,20.25725437367153,,,,21700,
2024-02-26,,,,,,20.115463256835938,,,,20.2478012496735,,,,19.9736704896872,,,,20.209989364308523,,,,8700,
2024-02-27,,,,,,19.850786209106445,,,,20.226059990214015,,,,19.841333237412375,,,,20.181633006518886,,,,13500,
2024-02-28,,,,,,19.916954040527344,,,,20.06819797282703,,,,19.803521992787527,,,,19.945312953947244,,,,11600,
2024-02-29,,,,,,20.25725555419922,,,,20.25725555419922,,,,19.756258857960905,,,,20.039842607951854,,,,33200,
2024-03-01,,,,,,20.23834800720215,,,,20.32342294516368,,,,19.90750122657062,,,,20.32342294516368,,,,12200,
2024-03-04,,,,,,20.039840698242188,,,,20.21755222709029,,,,19.898047935273922,,,,20.200537600365664,,,,19100,
2024-03-05,,,,,,19.898048400878906,,,,20.134367274062598,,,,19.86969128999761,,,,20.134367274062598,,,,8700,
2024-03-06,,,,,,20.10601043701172,,,,20.162726462516662,,,,19.935860557526947,,,,20.058745579949314,,,,13500,
2024-03-07,,,,,,20.1627254486084,,,,20.32342234859984,,,,20.020934490491207,,,,20.247800384072683,,,,12100,
2024-03-08,,,,,,20.1995906829834,,,,20.388646494941998,,,,20.087103394382655,,,,20.26670623544634,,,,11800,
2024-03-11,,,,,,20.21944236755371,,,,20.34232919221386,,,,20.115463288575818,,,,20.2856113640769,,,,10100,
2024-03-12,,,,,,20.15327262878418,,,,20.26954254950978,,,,19.975561100961336,,,,20.257253506902384,,,,6100,
2024-03-13,,,,,,20.07765007019043,,,,20.304515958766785,,,,20.049291158004706,,,,20.304515958766785,,,,13800,
2024-03-14,,,,,,19.88859748840332,,,,20.153273475872982,,,,19.73735174888787,,,,20.153273475872982,,,,26900,
2024-03-15,,,,,,19.850786209106445,,,,19.973671235189354,,,,19.651332653192576,,,,19.96422006646528,,,,13900,
2024-03-18,,,,,,19.66172981262207,,,,19.895214420477096,,,,19.623919729909115,,,,19.888597520779584,,,,18900,
2024-03-19,,,,,,19.699541091918945,,,,19.76571008685728,,,,19.66172920739996,,,,19.76571008685728,,,,24400,
2024-03-20,,,,,,19.718446731567383,,,,19.926406684320657,,,,19.642824766659842,,,,19.794068696474923,,,,17500,
2024-03-21,,,,,,19.78461456298828,,,,20.134365454021342,,,,19.737349710842086,,,,19.83187761216472,,,,23600,
2024-03-22,,,,,,20.10601043701172,,,,20.11735292092473,,,,19.784616620867137,,,,20.00202955444437,,,,9400,
2024-03-25,,,,,,19.765708923339844,,,,20.039839661055986,,,,19.765708923339844,,,,20.039839661055986,,,,17500,
2024-03-26,,,,,,19.81297492980957,,,,19.916955818662462,,,,19.75247807267665,,,,19.765711872860102,,,,6600,
2024-03-27,,,,,,19.756258010864258,,,,19.964219779201443,,,,19.671183069811768,,,,19.964219779201443,,,,12000,
2024-03-28,,,,,,19.245811462402344,,,,19.89805031706161,,,,19.15128354343184,,,,19.756259340090903,,,,39800,
2024-04-01,,,,,,19.472673416137695,,,,19.540733720277,,,,19.226901598109418,,,,19.368692546172344,,,,11400,
2024-04-02,,,,,,19.255264282226562,,,,19.451879972208836,,,,19.255264282226562,,,,19.41596120231377,,,,10000,
2024-04-03,,,,,,19.113468170166016,,,,19.3781459344372,,,,19.085111061723584,,,,19.236354983315756,,,,12500,
2024-04-04,,,,,,19.368694305419922,,,,19.42541032920263,,,,19.17018732069549,,,,19.179640291820924,,,,17000,
2024-04-05,,,,,,19.293073654174805,,,,19.463223540088237,,,,19.20799871121809,,,,19.415960484210064,,,,23900,
2024-04-08,,,,,,19.245811462402344,,,,19.38760243937305,,,,19.17964246001402,,,,19.38760243937305,,,,19200,
2024-04-09,,,,,,19.328994750976562,,,,19.378149123732435,,,,19.226905177248224,,,,19.359243179679392,,,,10400,
2024-04-10,,,,,,18.9385929107666,,,,19.189090320318698,,,,18.603020569108175,,,,19.189090320318698,,,,16000,
2024-04-11,,,,,,18.366703033447266,,,,19.037847764981574,,,,18.2532691814994,,,,19.037847764981574,,,,27700,
2024-04-12,,,,,,18.32889175415039,,,,18.503769023472557,,,,18.32889175415039,,,,18.376156611927993,,,,9900,
2024-04-15,,,,,,17.733367919921875,,,,18.423418575887297,,,,17.723914948926065,,,,18.423418575887297,,,,30900,
2024-04-16,,,,,,17.960235595703125,,,,17.9885945115024,,,,17.72391670628598,,,,17.72391670628598,,,,22800,
2024-04-17,,,,,,17.960235595703125,,,,18.262723485681864,,,,17.960235595703125,,,,18.073669455930172,,,,29700,
2024-04-18,,,,,,18.083120346069336,,,,18.11147926143134,,,,17.89406631923267,,,,18.007498374740667,,,,48500,
2024-04-19,,,,,,18.253271102905273,,,,18.309988936334488,,,,17.998048064354215,,,,18.10202715303424,,,,33100,
2024-04-22,,,,,,18.300535202026367,,,,18.41396725822106,,,,18.05476334297783,,,,18.291082230181804,,,,17500,
2024-04-23,,,,,,18.89605712890625,,,,18.89605712890625,,,,18.243816525613873,,,,18.40451343358533,,,,22600,
2024-04-24,,,,,,18.9716796875,,,,19.075660573237506,,,,18.61247577772406,,,,18.886604745163858,,,,71100,
2024-04-25,,,,,,18.77317237854004,,,,18.820435433287575,,,,18.621928439783964,,,,18.754266435453037,,,,9600,
2024-04-26,,,,,,18.56521224975586,,,,18.982078775891033,,,,18.5557592773777,,,,18.83934303981211,,,,21600,
2024-04-29,,,,,,18.707002639770508,,,,18.896056654242688,,,,18.55103131993531,,,,18.716453807969703,,,,38200,
2024-04-30,,,,,,18.640832901000977,,,,18.71645487168165,,,,18.461231847490627,,,,18.71645487168165,,,,44100,
2024-05-01,,,,,,18.489587783813477,,,,18.66919062887217,,,,18.319437909859968,,,,18.621927576316143,,,,29300,
2024-05-02,,,,,,18.489587783813477,,,,18.63137874445144,,,,18.423418789047087,,,,18.527399668234207,,,,13100,
2024-05-03,,,,,,18.79207420349121,,,,18.8866021043105,,,,18.49053292236199,,,,18.65973622412605,,,,10900,
2024-05-06,,,,,,18.79207420349121,,,,18.93386695620502,,,,18.735358184187536,,,,18.867696163552694,,,,11100,
2024-05-07,,,,,,18.8204345703125,,,,19.145609204024797,,,,18.669190638491425,,,,18.981131473243625,,,,20200,
2024-05-08,,,,,,18.79207420349121,,,,18.91496101544721,,,,18.45177628469941,,,,18.858244996143537,,,,22400,
2024-05-09,,,,,,18.517948150634766,,,,18.73536109420942,,,,18.48202757880356,,,,18.73536109420942,,,,15300,
2024-05-10,,,,,,18.40451431274414,,,,18.650286172144792,,,,18.234366228208334,,,,18.48958925649706,,,,16400,
2024-05-13,,,,,,18.413965225219727,,,,18.55575618129362,,,,18.300533181548545,,,,18.499040159458026,,,,8700,
2024-05-14,,,,,,18.659738540649414,,,,18.669191512201863,,,,18.42720048877511,,,,18.499041630197738,,,,24100,
2024-05-15,,,,,,18.69754981994629,,,,18.858246725181825,,,,18.41396609148774,,,,18.820434840199386,,,,39000,
2024-05-16,,,,,,18.70042610168457,,,,18.757935869282374,,,,18.60265931394805,,,,18.757935869282374,,,,13000,
2024-05-17,,,,,,18.4991397857666,,,,18.676464469722937,,,,18.40329077932844,,,,18.60457588669171,,,,15300,
2024-05-20,,,,,,18.403287887573242,,,,18.63907845394767,,,,18.403287887573242,,,,18.499136878950406,,,,14200,
2024-05-21,,,,,,18.43204116821289,,,,18.614157535820727,,,,18.345775616619825,,,,18.4703822258997,,,,21100,
2024-05-22,,,,,,18.326608657836914,,,,18.518308479884368,,,,18.24992836337745,,,,18.364947890965436,,,,12400,
2024-05-23,,,,,,18.28826904296875,,,,18.505848915803263,,,,18.03905760921415,,,,18.4512149101082,,,,37000,
2024-05-24,,,,,,18.403287887573242,,,,18.52310095499702,,,,18.211586248414267,,,,18.307437067993753,,,,11700,
2024-05-28,,,,,,18.43204116821289,,,,18.52789198422766,,,,18.31893760751996,,,,18.499136190962552,,,,20700,
2024-05-29,,,,,,18.26909637451172,,,,18.460798017507337,,,,18.211586612893978,,,,18.38411772594956,,,,25100,
2024-05-30,,,,,,18.43204116821289,,,,18.58540174255562,,,,18.240341364385607,,,,18.37453140988493,,,,13800,
2024-05-31,,,,,,19.342622756958008,,,,19.390547254776266,,,,18.489554264016643,,,,18.594988524857293,,,,98000,
2024-06-03,,,,,,19.352209091186523,,,,19.400133591652153,,,,19.189263230119877,,,,19.218017199118254,,,,49100,
2024-06-04,,,,,,19.486398696899414,,,,19.56307899276306,,,,19.323452839663855,,,,19.380962604510973,,,,23500,
2024-06-05,,,,,,19.495983123779297,,,,19.563078151248558,,,,19.237186450795814,,,,19.553492886152608,,,,14400,
2024-06-06,,,,,,19.572664260864258,,,,19.630174025718997,,,,19.160506984966627,,,,19.49598396499045,,,,17100,
2024-06-07,,,,,,19.515155792236328,,,,19.563080294764752,,,,19.40971969283069,,,,19.45764419535912,,,,19100,
2024-06-10,,,,,,19.38096046447754,,,,19.54294832573641,,,,19.32345070598061,,,,19.476811280773926,,,,12700,
2024-06-11,,,,,,19.083826065063477,,,,19.428888299313513,,,,19.045486832481476,,,,19.428888299313513,,,,28100,
2024-06-12,,,,,,19.313867568969727,,,,19.61100348683627,,,,19.189262773800678,,,,19.189262773800678,,,,14500,
2024-06-13,,,,,,19.208433151245117,,,,19.486398535878013,,,,19.13175102781265,,,,19.361793741705153,,,,15400,
2024-06-14,,,,,,19.03590202331543,,,,19.2371871126484,,,,18.978390430761056,,,,18.997560961612514,,,,14300,
2024-06-17,,,,,,18.940052032470703,,,,19.160507662376688,,,,18.853786468037487,,,,18.87295699973432,,,,27300,
2024-06-18,,,,,,19.03590202331543,,,,19.141336286593557,,,,18.940051197260587,,,,18.940051197260587,,,,24500,
2024-06-20,,,,,,18.91129493713379,,,,19.179676877864082,,,,18.825029378620567,,,,18.940050732705664,,,,25800,
2024-06-21,,,,,,18.863372802734375,,,,19.007148142202247,,,,18.786692499804666,,,,18.920882572881,,,,31300,
2024-06-24,,,,,,18.901710510253906,,,,19.055071103700804,,,,18.786690979269974,,,,18.805861510501455,,,,11400,
2024-06-25,,,,,,18.930465698242188,,,,19.03590178842173,,,,18.920880432934737,,,,19.007145992499375,,,,14700,
2024-06-26,,,,,,18.920881271362305,,,,19.026317366213963,,,,18.84420097370724,,,,18.91129600563011,,,,10600,
2024-06-27,,,,,,19.03590202331543,,,,19.05507072596444,,,,18.884457389072338,,,,18.940051197260587,,,,10700,
2024-06-28,,,,,,19.026317596435547,,,,19.102997895018458,,,,18.844201201725184,,,,18.940052032004456,,,,25100,
2024-07-01,,,,,,18.95922088623047,,,,18.987974853028394,,,,18.71959474583515,,,,18.911294561229983,,,,15600,
2024-07-02,,,,,,19.03590202331543,,,,19.0742412568159,,,,18.796275872279544,,,,19.04548728874116,,,,6800,
2024-07-03,,,,,,19.208433151245117,,,,19.361793741705153,,,,18.954428187881195,,,,19.112582325156982,,,,10500,
2024-07-05,,,,,,19.333036422729492,,,,19.39054618257187,,,,19.064654496461227,,,,19.208431638370623,,,,5300,
2024-07-08,,,,,,19.352209091186523,,,,19.3809630601849,,,,19.15092216718537,,,,19.218017199118254,,,,9800,
2024-07-09,,,,,,19.179677963256836,,,,19.35220909004695,,,,19.179677963256836,,,,19.35220909004695,,,,6600,
2024-07-10,,,,,,19.313867568969727,,,,19.380962599307093,,,,19.122167743463308,,,,19.17967750829499,,,,11200,
2024-07-11,,,,,,19.563079833984375,,,,19.65893066498618,,,,19.33303893650157,,,,19.33303893650157,,,,10400,
2024-07-12,,,,,,19.71643829345703,,,,19.812289114060892,,,,19.668513797256274,,,,19.668513797256274,,,,11400,
2024-07-15,,,,,,19.73560905456543,,,,19.8218746112999,,,,19.630172967844995,,,,19.716438524579466,,,,13700,
2024-07-16,,,,,,19.754779815673828,,,,19.888969870740812,,,,19.726024020358455,,,,19.879384605635686,,,,10900,
2024-07-17,,,,,,19.697267532348633,,,,19.867882685736493,,,,19.620587242406636,,,,19.79311835182671,,,,16200,
2024-07-18,,,,,,19.745193481445312,,,,19.817080223537793,,,,19.62058687002802,,,,19.745193481445312,,,,17700,
2024-07-19,,,,,,19.697267532348633,,,,19.82187414613083,,,,19.630172507174674,,,,19.74519385618883,,,,14800,
2024-07-22,,,,,,19.6589298248291,,,,19.898555977991517,,,,19.591834794456016,,,,19.783534620064476,,,,7700,
2024-07-23,,,,,,19.467227935791016,,,,19.745195147637858,,,,19.467227935791016,,,,19.745195147637858,,,,9800,
2024-07-24,,,,,,19.17009162902832,,,,19.6090869028405,,,,19.17009162902832,,,,19.572663626366012,,,,9600,
2024-07-25,,,,,,19.285114288330078,,,,19.41930435378981,,,,19.208433989752727,,,,19.409719087942324,,,,16800,
2024-07-26,,,,,,19.419301986694336,,,,19.438472516052535,,,,19.309074185188155,,,,19.438472516052535,,,,9200,
2024-07-29,,,,,,19.275527954101562,,,,19.45764251050216,,,,19.237186892836746,,,,19.390547481491158,,,,14500,
2024-07-30,,,,,,19.40013313293457,,,,19.40971839844155,,,,19.24677254122777,,,,19.390547867427586,,,,16300,
2024-07-31,,,,,,18.89212417602539,,,,19.428888050930546,,,,18.863370209007087,,,,19.333037228397313,,,,176300,
2024-08-01,,,,,,18.98797607421875,,,,19.06561617725216,,,,18.920881043105297,,,,18.97839080860219,,,,52300,
2024-08-02,,,,,,19.045486450195312,,,,19.08382568200776,,,,18.834614276518572,,,,18.901709303342127,,,,30500,
2024-08-05,,,,,,18.748348236083984,,,,18.8729548497156,,,,18.230756736651564,,,,18.230756736651564,,,,27100,
2024-08-06,,,,,,18.88254165649414,,,,19.01673171763838,,,,18.73876450160821,,,,18.75793503268666,,,,35200,
2024-08-07,,,,,,18.901710510253906,,,,19.064656369316545,,,,18.853786010377682,,,,18.863371275993423,,,,18500,
2024-08-08,,,,,,19.045486450195312,,,,19.13175017882391,,,,18.901709303342127,,,,18.901709303342127,,,,14900,
2024-08-09,,,,,,18.930465698242188,,,,19.102996817371466,,,,18.8729559345999,,,,18.95922149416454,,,,16400,
2024-08-12,,,,,,18.805862426757812,,,,19.024400277555845,,,,18.729182126298358,,,,18.882542727217267,,,,17900,
2024-08-13,,,,,,18.98797607421875,,,,18.98797607421875,,,,18.791482699585433,,,,18.901710511872174,,,,28000,
2024-08-14,,,,,,19.17009162902832,,,,19.25635718761514,,,,18.901709688069058,,,,19.045486837848696,,,,39500,
2024-08-15,,,,,,19.102994918823242,,,,19.15091941239511,,,,18.911293288131297,,,,19.112580183178064,,,,26000,
2024-08-16,,,,,,19.251684188842773,,,,19.280839350898216,,,,19.10591208575128,,,,19.154502168917492,,,,15800,
2024-08-19,,,,,,19.329429626464844,,,,19.42661164735745,,,,19.19337590937092,,,,19.19337590937092,,,,26700,
2024-08-20,,,,,,19.309993743896484,,,,19.41592101070464,,,,19.27112019603744,,,,19.32942866423322,,,,12600,
2024-08-21,,,,,,19.426610946655273,,,,19.514074576944587,,,,19.27112046027267,,,,19.280838847370685,,,,22200,
2024-08-22,,,,,,19.387739181518555,,,,19.455766037365045,,,,19.222530308637307,,,,19.455766037365045,,,,11300,
2024-08-23,,,,,,19.40717315673828,,,,19.562663634982915,,,,19.335259320288134,,,,19.446046703095796,,,,14900,
2024-08-26,,,,,,19.650127410888672,,,,19.698719344206975,,,,19.455765238393646,,,,19.52379209144654,,,,48400,
2024-08-27,,,,,,19.786184310913086,,,,19.795902698235075,,,,19.528651680862517,,,,19.62097543362498,,,,18100,
2024-08-28,,,,,,19.795902252197266,,,,19.848379318242177,,,,19.757028703785203,,,,19.80561878570747,,,,11600,
2024-08-29,,,,,,19.863927841186523,,,,19.931954692975324,,,,19.82019602880905,,,,19.863927841186523,,,,10400,
2024-08-30,,,,,,19.893081665039062,,,,19.970826905335343,,,,19.65595896017432,,,,19.922236825247445,,,,24500,
2024-09-03,,,,,,19.902799606323242,,,,19.91251799284186,,,,19.85420952732286,,,,19.91251799284186,,,,28500,
2024-09-04,,,,,,20.068008422851562,,,,20.106881968834788,,,,19.92223633259986,,,,19.92223633259986,,,,24700,
2024-09-05,,,,,,20.136035919189453,,,,20.19434624003053,,,,19.970827050658578,,,,20.1457543059963,,,,17900,
2024-09-06,,,,,,19.931955337524414,,,,20.17490944667962,,,,19.89308179033506,,,,20.17490944667962,,,,11400,
2024-09-09,,,,,,20.252655029296875,,,,20.301245110510937,,,,20.048572610293697,,,,20.09716454510054,,,,10700,
2024-09-10,,,,,,20.349836349487305,,,,20.89405302556585,,,,20.126317164204274,,,,20.330399576229176,,,,15300,
2024-09-11,,,,,,20.291526794433594,,,,20.456735666168417,,,,20.220584237601283,,,,20.43730074577057,,,,17300,
2024-09-12,,,,,,20.437299728393555,,,,20.47617142084699,,,,20.349836103382458,,,,20.41786295537049,,,,14400,
2024-09-13,,,,,,20.398426055908203,,,,20.592790077748703,,,,20.34983597724442,,,,20.573353304846115,,,,8900,
2024-09-16,,,,,,20.641380310058594,,,,20.718154266080408,,,,20.476171446342228,,,,20.553916684938596,,,,15600,
2024-09-17,,,,,,20.612224578857422,,,,20.821165249339323,,,,20.447017573315375,,,,20.76771690533065,,,,15900,
2024-09-18,,,,,,21.00095558166504,,,,21.098135750750522,,,,20.641382653832856,,,,20.78715476105399,,,,31000,
2024-09-19,,,,,,21.17588233947754,,,,21.195317260668716,,,,20.903773053279526,,,,21.059263544366143,,,,17900,
2024-09-20,,,,,,21.098134994506836,,,,21.185598626423044,,,,20.962081279789555,,,,21.175882092737105,,,,14400,
2024-09-23,,,,,,21.07870101928711,,,,21.146727879697934,,,,21.030109080713004,,,,21.146727879697934,,,,16700,
2024-09-24,,,,,,21.137008666992188,,,,21.137008666992188,,,,20.860041115505236,,,,21.12729027965668,,,,16500,
2024-09-25,,,,,,21.059263229370117,,,,21.263343800771423,,,,21.059263229370117,,,,21.175882022737177,,,,20900,
2024-09-26,,,,,,21.146726608276367,,,,21.261400981386505,,,,21.122431567246487,,,,21.21475346459716,,,,12200,
2024-09-27,,,,,,21.08841896057129,,,,21.253627841040018,,,,21.06898218555311,,,,21.23419106602184,,,,21500,
2024-09-30,,,,,,20.592790603637695,,,,21.205034136962887,,,,20.58307221693822,,,,21.185597363563932,,,,42900,
2024-10-01,,,,,,21.049545288085938,,,,21.078700450443602,,,,20.69969075416547,,,,20.69969075416547,,,,13400,
2024-10-02,,,,,,20.8454647064209,,,,21.068982056987338,,,,20.790070083316408,,,,20.903773177526737,,,,12400,
2024-10-03,,,,,,20.91349220275879,,,,21.16616472338014,,,,20.90377381501263,,,,20.981519063388973,,,,16300,
2024-10-04,,,,,,20.806589126586914,,,,21.06898000135183,,,,20.592790184329964,,,,21.030106455345457,,,,19200,
2024-10-07,,,,,,20.515045166015625,,,,20.78715257660887,,,,20.47617161959218,,,,20.738562497172282,,,,15800,
2024-10-08,,,,,,20.864900588989258,,,,20.894055752681815,,,,20.524766280540902,,,,20.544201202742975,,,,12600,
2024-10-09,,,,,,20.855180740356445,,,,21.03982639029046,,,,20.719127026506555,,,,20.86489912757327,,,,16800,
2024-10-10,,,,,,20.748281478881836,,,,20.855180027426947,,,,20.699689544458813,,,,20.855180027426947,,,,9200,
2024-10-11,,,,,,20.99123764038086,,,,20.99123764038086,,,,20.748283505315325,,,,20.748283505315325,,,,18100,
2024-10-14,,,,,,21.08841896057129,,,,21.117572269505665,,,,20.962081776546025,,,,21.02039024800767,,,,8700,
2024-10-15,,,,,,21.273061752319336,,,,21.360525382155057,,,,21.010672716404972,,,,21.010672716404972,,,,15400,
2024-10-16,,,,,,21.428552627563477,,,,21.428552627563477,,,,21.137008425204684,,,,21.35080738336161,,,,17800,
2024-10-17,,,,,,21.311935424804688,,,,21.418835829359097,,,,21.117571389904455,,,,21.418835829359097,,,,15000,
2024-10-18,,,,,,21.28278160095215,,,,21.370245236794393,,,,21.27306321323713,,,,21.350808461364355,,,,6400,
2024-10-21,,,,,,20.8211669921875,,,,21.28278018313811,,,,20.719126708366897,,,,21.28278018313811,,,,30100,
2024-10-22,,,,,,20.971799850463867,,,,21.0689818705087,,,,20.592792011241155,,,,20.884336217782803,,,,11700,
2024-10-23,,,,,,20.466453552246094,,,,20.864898141338227,,,,20.40814508529408,,,,20.864898141338227,,,,19500,
2024-10-24,,,,,,20.359554290771484,,,,20.597648270400963,,,,20.330399131522032,,,,20.476171220583932,,,,14400,
2024-10-25,,,,,,20.417863845825195,,,,20.573354329605507,,,,20.388708685019097,,,,20.544199168799405,,,,14000,
2024-10-28,,,,,,20.340118408203125,,,,20.5247640510127,,,,20.223499619693722,,,,20.5247640510127,,,,16600,
2024-10-29,,,,,,20.17976951599121,,,,20.476173852213947,,,,19.941675505761513,,,,20.31096496908617,,,,10800,
2024-10-30,,,,,,20.213781356811523,,,,20.4373005483592,,,,20.213781356811523,,,,20.340118532937527,,,,6400,
2024-10-31,,,,,,19.893081665039062,,,,20.26237294664095,,,,19.873646745159547,,,,20.26237294664095,,,,54800,
2024-11-01,,,,,,19.611255645751953,,,,20.077727082336924,,,,19.611255645751953,,,,20.077727082336924,,,,7800,
2024-11-04,,,,,,19.766746520996094,,,,19.90280022933015,,,,19.71621202167305,,,,19.747309747350442,,,,11000,
2024-11-05,,,,,,19.97860336303711,,,,20.02233517794582,,,,19.70843850538551,,,,19.89308229847313,,,,28300,
2024-11-06,,,,,,19.640409469604492,,,,19.825055113215736,,,,19.620974549429178,,,,19.825055113215736,,,,11600,
2024-11-07,,,,,,19.737590789794922,,,,19.837688502942125,,,,19.60056580281863,,,,19.76674594942035,,,,13600,
2024-11-08,,,,,,19.883363723754883,,,,20.029137674469865,,,,19.776465174448084,,,,19.85421041648611,,,,37300,
2024-11-11,,,,,,19.650127410888672,,,,20.0097003030732,,,,19.591818944499437,,,,20.0097003030732,,,,27600,
2024-11-12,,,,,,19.339147567749023,,,,19.727873788758448,,,,19.329429180524684,,,,19.504356443377134,,,,29200,
2024-11-13,,,,,,19.15450096130371,,,,19.426610229220532,,,,19.135066041418234,,,,19.426610229220532,,,,26400,
2024-11-14,,,,,,19.115629196166992,,,,19.348864916251657,,,,19.086474036059137,,,,19.280838062926055,,,,19300,
2024-11-15,,,,,,19.079166412353516,,,,19.187569485368595,,,,18.9510511264982,,,,19.187569485368595,,,,23800,
2024-11-18,,,,,,19.138296127319336,,,,19.345248992886503,,,,19.021022836831275,,,,19.049601505024583,,,,55500,
2024-11-19,,,,,,18.960906982421875,,,,19.217135683767143,,,,18.94119664854588,,,,19.18757018295315,,,,24300,
2024-11-20,,,,,,18.832794189453125,,,,18.960907604488437,,,,18.792388567585977,,,,18.960907604488437,,,,34000,
2024-11-21,,,,,,18.960906982421875,,,,19.118585894068058,,,,18.815053143292754,,,,18.90177786047478,,,,27800,
2024-11-22,,,,,,19.049602508544922,,,,19.131398706296405,,,,18.980618216388486,,,,19.05945767595027,,,,11200,
2024-11-25,,,,,,19.226991653442383,,,,19.45365486343697,,,,19.138297026978247,,,,19.335396614605436,,,,13600,
2024-11-26,,,,,,18.970762252807617,,,,19.246701289533583,,,,18.891922796554613,,,,19.226990955550104,,,,22900,
2024-11-27,,,,,,19.128440856933594,,,,19.23684581241416,,,,18.901777658820485,,,,19.02003590145303,,,,7800,
2024-11-29,,,,,,19.11858558654785,,,,19.286119662437265,,,,19.006238940878827,,,,19.128440753327332,,,,112100,
2024-12-02,,,,,,18.951051712036133,,,,19.305830201143866,,,,18.874184041892597,,,,19.226990745751138,,,,34700,
2024-12-03,,,,,,18.842649459838867,,,,19.0397471671012,,,,18.822939125208343,,,,18.95105254094481,,,,36900,
2024-12-04,,,,,,18.832794189453125,,,,18.941197269965787,,,,18.724389229259504,,,,18.832794189453125,,,,21300,
2024-12-05,,,,,,18.872211456298828,,,,18.941195741881828,,,,18.7845036702065,,,,18.872211456298828,,,,23800,
2024-12-06,,,,,,18.92148780822754,,,,18.975688405759136,,,,18.842648354013292,,,,18.91163264149065,,,,57100,
2024-12-09,,,,,,18.94119644165039,,,,19.029891063442665,,,,18.842648532708644,,,,19.01018260946284,,,,65700,
2024-12-10,,,,,,19.2072811126709,,,,19.34919326536335,,,,18.85250261062072,,,,18.941197236133267,,,,61100,
2024-12-11,,,,,,19.128440856933594,,,,19.493074511025842,,,,19.09887535643502,,,,19.305830100563288,,,,32900,
2024-12-12,,,,,,18.970762252807617,,,,19.183628596722635,,,,18.882067629562876,,,,19.128441165313625,,,,40600,
2024-12-13,,,,,,18.891921997070312,,,,19.02299214111998,,,,18.753953424386452,,,,18.88206683049563,,,,44800,
2024-12-16,,,,,,18.773662567138672,,,,19.03974643538193,,,,18.694823111327437,,,,19.03974643538193,,,,66900,
2024-12-17,,,,,,18.8032283782959,,,,18.97076245962004,,,,18.701721848887217,,,,18.72438892118342,,,,27700,
2024-12-18,,,,,,18.546998977661133,,,,18.951051415179762,,,,18.46815952350337,,,,18.82293800705372,,,,65900,
2024-12-19,,,,,,18.290771484375,,,,18.487871072569437,,,,18.073963441105903,,,,18.458305570435975,,,,37300,
2024-12-20,,,,,,18.40903091430664,,,,18.596275328014297,,,,18.292742575216767,,,,18.38932058029933,,,,33200,
2024-12-23,,,,,,18.379465103149414,,,,18.517435559191497,,,,18.27106202730027,,,,18.438594224492665,,,,89900,
2024-12-24,,,,,,18.31048011779785,,,,18.36960923688976,,,,18.18236671315191,,,,18.36960923688976,,,,23600,
2024-12-26,,,,,,18.152801513671875,,,,18.382421444958517,,,,18.08381722697814,,,,18.192220300490792,,,,49100,
2024-12-27,,,,,,17.9951229095459,,,,18.211930939896742,,,,17.729039045242,,,,18.093672697771144,,,,65500,
2024-12-30,,,,,,18.11338233947754,,,,18.19222179929155,,,,17.847300337405873,,,,17.847300337405873,,,,39800,
2024-12-31,,,,,,18.073963165283203,,,,18.338075256062886,,,,17.886718747324082,,,,18.083818332510624,,,,157700,
2025-01-02,,,,,,18.546998977661133,,,,18.546998977661133,,,,18.20207566084061,,,,18.20207566084061,,,,35400,
2025-01-03,,,,,,18.744098663330078,,,,18.96090669362107,,,,18.60612820798048,,,,18.60612820798048,,,,31800,
2025-01-06,,,,,,18.606128692626953,,,,18.844618847935763,,,,18.515464163306145,,,,18.66525969489452,,,,23900,
2025-01-07,,,,,,18.1823673248291,,,,18.62583855245855,,,,18.123236324067147,,,,18.62583855245855,,,,20800,
2025-01-08,,,,,,17.965557098388672,,,,18.261206457949978,,,,17.916283144968872,,,,18.16265667142954,,,,26000,
2025-01-10,,,,,,17.689620971679688,,,,17.8670083420271,,,,17.551650510723775,,,,17.8670083420271,,,,63400,
2025-01-13,,,,,,17.610780715942383,,,,17.74382076775491,,,,17.453099927754,,,,17.689620170196147,,,,45400,
2025-01-14,,,,,,17.78816795349121,,,,17.78816795349121,,,,17.6304890460896,,,,17.650199379435016,,,,31700,
2025-01-15,,,,,,18.27106285095215,,,,18.27106285095215,,,,17.94880470785412,,,,18.00497897339126,,,,26000,
2025-01-16,,,,,,18.369609832763672,,,,18.52728874191076,,,,18.15280180260664,,,,18.27106192430739,,,,22300,
2025-01-17,,,,,,18.428741455078125,,,,18.64554949254835,,,,18.192221203698512,,,,18.44844990962565,,,,25400,
2025-01-21,,,,,,18.734243392944336,,,,18.793372513663837,,,,18.438594029985122,,,,18.576564484571765,,,,35900,
2025-01-22,,,,,,18.67511558532715,,,,18.811112384576248,,,,18.59627612559743,,,,18.803229002507575,,,,19800,
2025-01-23,,,,,,18.70467758178711,,,,18.70467758178711,,,,18.382421341654048,,,,18.625838128911496,,,,18100,
2025-01-24,,,,,,18.783517837524414,,,,18.85250212677906,,,,18.47998696480397,,,,18.704678381278974,,,,14000,
2025-01-27,,,,,,19.098875045776367,,,,19.098875045776367,,,,18.714532943950914,,,,18.763808777313695,,,,30900,
2025-01-28,,,,,,19.010183334350586,,,,19.098876079843976,,,,18.86235770593939,,,,19.098876079843976,,,,17600,
2025-01-29,,,,,,18.81308364868164,,,,19.029891687011045,,,,18.763809692596165,,,,19.010183232385415,,,,9900,
2025-01-30,,,,,,18.891921997070312,,,,18.960906283412243,,,,18.742126472624506,,,,18.94119595026288,,,,25400,
2025-01-31,,,,,,18.487871170043945,,,,18.91163397111952,,,,18.487871170043945,,,,18.783518674213376,,,,39100,
2025-02-03,,,,,,18.389320373535156,,,,18.76479414952484,,,,18.27106213018276,,,,18.487870162782745,,,,55000,
2025-02-04,,,,,,18.46816062927246,,,,18.537144920830784,,,,18.310481711516015,,,,18.448450294632664,,,,10300,
2025-02-05,,,,,,18.63569450378418,,,,18.70467879456305,,,,18.52728954417113,,,,18.606129002158543,,,,12000,
2025-02-06,,,,,,18.53714370727539,,,,18.72438811473336,,,,18.48786975358264,,,,18.635693494341734,,,,26200,
2025-02-07,,,,,,18.52728843688965,,,,18.675114056502096,,,,18.428740530055794,,,,18.428740530055794,,,,32400,
2025-02-10,,,,,,18.57656478881836,,,,18.645549077401075,,,,18.430710950328557,,,,18.615983576716676,,,,8000,
2025-02-11,,,,,,18.615983963012695,,,,18.625839130112,,,,18.49378402627938,,,,18.56671000719711,,,,9300,
2025-02-12,,,,,,18.40903091430664,,,,18.507580704662296,,,,18.244453572675486,,,,18.369610246292016,,,,35200,
2025-02-13,,,,,,18.546998977661133,,,,18.722416434218,,,,18.418885569535092,,,,18.418885569535092,,,,15000,
2025-02-14,,,,,,18.610000610351562,,,,18.75,,,,18.4950008392334,,,,18.75,,,,22800,
2025-02-18,,,,,,18.479999542236328,,,,18.636999130249023,,,,18.440000534057617,,,,18.610000610351562,,,,30500,
2025-02-19,,,,,,18.440000534057617,,,,18.582000732421875,,,,18.280000686645508,,,,18.420000076293945,,,,16400,
2025-02-20,,,,,,18.40999984741211,,,,18.489999771118164,,,,18.2810001373291,,,,18.440000534057617,,,,18300,
2025-02-21,,,,,,18.420000076293945,,,,18.530000686645508,,,,18.3700008392334,,,,18.479999542236328,,,,35100,
2025-02-24,,,,,,18.440000534057617,,,,18.54800033569336,,,,18.34000015258789,,,,18.3799991607666,,,,15700,
2025-02-25,,,,,,18.610000610351562,,,,18.704999923706055,,,,18.459999084472656,,,,18.540000915527344,,,,48000,
2025-02-26,,,,,,18.549999237060547,,,,18.68000030517578,,,,18.44499969482422,,,,18.68000030517578,,,,13500,
2025-02-27,,,,,,18.520000457763672,,,,18.590999603271484,,,,18.469999313354492,,,,18.549999237060547,,,,8400,
2025-02-28,,,,,,18.440000534057617,,,,18.6200008392334,,,,18.392000198364258,,,,18.6200008392334,,,,17100,
2025-03-03,,,,,,18.389999389648438,,,,18.56100082397461,,,,18.309999465942383,,,,18.520000457763672,,,,25100,
2025-03-04,,,,,,18.280000686645508,,,,18.420000076293945,,,,18.229999542236328,,,,18.420000076293945,,,,19000,
2025-03-05,,,,,,18.299999237060547,,,,18.410999298095703,,,,18.239999771118164,,,,18.329999923706055,,,,29000,
2025-03-06,,,,,,18.25,,,,18.347999572753906,,,,18.15999984741211,,,,18.299999237060547,,,,25500,
2025-03-07,,,,,,18.110000610351562,,,,18.350000381469727,,,,18.030000686645508,,,,18.350000381469727,,,,27000,
2025-03-10,,,,,,18.0,,,,18.170000076293945,,,,18.0,,,,18.110000610351562,,,,18500,
2025-03-11,,,,,,17.940000534057617,,,,18.02400016784668,,,,17.90999984741211,,,,17.950000762939453,,,,29300,
2025-03-12,,,,,,18.040000915527344,,,,18.08799934387207,,,,17.860000610351562,,,,18.040000915527344,,,,48500,
2025-03-13,,,,,,17.959999084472656,,,,18.040000915527344,,,,17.8799991607666,,,,18.040000915527344,,,,40200,
2025-03-14,,,,,,17.979999542236328,,,,18.1299991607666,,,,17.920000076293945,,,,17.959999084472656,,,,50300,
2025-03-17,,,,,,18.079999923706055,,,,18.1299991607666,,,,18.010000228881836,,,,18.010000228881836,,,,39100,
2025-03-18,,,,,,18.030000686645508,,,,18.145000457763672,,,,17.959999084472656,,,,18.010000228881836,,,,116100,
2025-03-19,,,,,,18.260000228881836,,,,18.260000228881836,,,,18.049999237060547,,,,18.049999237060547,,,,65800,
2025-03-20,,,,,,18.270000457763672,,,,18.337499618530273,,,,18.149999618530273,,,,18.239999771118164,,,,1268,
