Price,Close,High,Low,Open,Volume
Ticker,FOCT,FOCT,FOCT,FOCT,FOCT
Date,,,,,
2020-10-19,29.68000030517578,30.100000381469727,29.638999938964844,30.09000015258789,349700
2020-10-20,29.790000915527344,29.93000030517578,29.510000228881836,29.770000457763672,168900
2020-10-21,29.770000457763672,29.899999618530273,29.56999969482422,29.780000686645508,151700
2020-10-22,29.79400062561035,29.889999389648438,29.6299991607666,29.780000686645508,59500
2020-10-23,29.940000534057617,30.0,29.756999969482422,30.0,145600
2020-10-26,29.549999237060547,29.809999465942383,29.290000915527344,29.809999465942383,50700
2020-10-27,29.5,29.584999084472656,29.40999984741211,29.489999771118164,29200
2020-10-28,28.760000228881836,29.1200008392334,28.68000030517578,29.1200008392334,121700
2020-10-29,29.0,29.170000076293945,28.690000534057617,28.84000015258789,110200
2020-10-30,28.625,28.790000915527344,28.510000228881836,28.670000076293945,58600
2020-11-02,28.989999771118164,29.06999969482422,28.736000061035156,29.06999969482422,7300
2020-11-03,29.3700008392334,29.49799919128418,29.239999771118164,29.389999389648438,38000
2020-11-04,29.909000396728516,30.030000686645508,29.559999465942383,29.700000762939453,17700
2020-11-05,30.18000030517578,30.270000457763672,30.059999465942383,30.229000091552734,103700
2020-11-06,30.17300033569336,30.239999771118164,30.069000244140625,30.209999084472656,25200
2020-11-09,30.520000457763672,31.299999237060547,30.520000457763672,31.299999237060547,17700
2020-11-10,30.399999618530273,30.479999542236328,30.290000915527344,30.459999084472656,142000
2020-11-11,30.594999313354492,30.614999771118164,30.459999084472656,30.540000915527344,14000
2020-11-12,30.36199951171875,30.56999969482422,30.299999237060547,30.56999969482422,27900
2020-11-13,30.59000015258789,30.645000457763672,30.469999313354492,30.57900047302246,11200
2020-11-16,30.843000411987305,30.888999938964844,30.764999389648438,30.764999389648438,12900
2020-11-17,30.812999725341797,30.90999984741211,30.649999618530273,30.65999984741211,67700
2020-11-18,30.459999084472656,30.860000610351562,30.459999084472656,30.81999969482422,61700
2020-11-19,30.68899917602539,30.704999923706055,30.482999801635742,30.579999923706055,30600
2020-11-20,30.52199935913086,30.670000076293945,30.52199935913086,30.565000534057617,19800
2020-11-23,30.618999481201172,30.709999084472656,30.510000228881836,30.68000030517578,30800
2020-11-24,30.899999618530273,30.950000762939453,30.68000030517578,30.81999969482422,31700
2020-11-25,30.924999237060547,30.94099998474121,30.829999923706055,30.889999389648438,46900
2020-11-27,30.954999923706055,31.0,30.954999923706055,31.0,2100
2020-11-30,30.88800048828125,30.989999771118164,30.718000411987305,30.989999771118164,9600
2020-12-01,31.139999389648438,31.190000534057617,31.108999252319336,31.108999252319336,40600
2020-12-02,31.11199951171875,31.15999984741211,30.90999984741211,30.90999984741211,18300
2020-12-03,31.18000030517578,31.25,31.079999923706055,31.09000015258789,21300
2020-12-04,31.268999099731445,31.280000686645508,31.06999969482422,31.06999969482422,5600
2020-12-07,31.165000915527344,31.309999465942383,31.165000915527344,31.260000228881836,17800
2020-12-08,31.229999542236328,31.34000015258789,31.20199966430664,31.216999053955078,20500
2020-12-09,31.229999542236328,31.3700008392334,31.045000076293945,31.34000015258789,55500
2020-12-10,31.145999908447266,31.200000762939453,30.969999313354492,30.969999313354492,22900
2020-12-11,31.049999237060547,31.110000610351562,30.86199951171875,31.100000381469727,8300
2020-12-14,31.079999923706055,31.299999237060547,31.020000457763672,31.299999237060547,10900
2020-12-15,31.225000381469727,31.29800033569336,31.010000228881836,31.25,14100
2020-12-16,31.288000106811523,31.3799991607666,31.200000762939453,31.3799991607666,8800
2020-12-17,31.309999465942383,31.440000534057617,31.30699920654297,31.399999618530273,6700
2020-12-18,31.399999618530273,31.399999618530273,31.19499969482422,31.28499984741211,14800
2020-12-21,31.18600082397461,31.280000686645508,30.979999542236328,30.979999542236328,15200
2020-12-22,31.187999725341797,31.187999725341797,31.13599967956543,31.170000076293945,2100
2020-12-23,31.200000762939453,31.389999389648438,31.200000762939453,31.260000228881836,19800
2020-12-24,31.260000228881836,31.40999984741211,31.209999084472656,31.40999984741211,20400
2020-12-28,31.47599983215332,31.47599983215332,31.47599983215332,31.47599983215332,100
2020-12-29,31.42300033569336,31.520000457763672,31.34000015258789,31.5,9600
2020-12-30,31.47800064086914,31.549999237060547,31.3700008392334,31.549999237060547,2500
2020-12-31,31.575000762939453,31.575000762939453,31.3799991607666,31.399999618530273,5700
2021-01-04,31.28499984741211,31.440000534057617,31.09000015258789,31.360000610351562,28300
2021-01-05,31.360000610351562,31.420000076293945,31.200000762939453,31.229999542236328,50100
2021-01-06,31.469999313354492,31.75,31.3799991607666,31.5,22100
2021-01-07,31.739999771118164,31.82900047302246,31.719999313354492,31.809999465942383,8600
2021-01-08,31.885000228881836,31.899999618530273,31.700000762939453,31.78700065612793,14600
2021-01-11,31.716999053955078,31.8799991607666,31.697999954223633,31.719999313354492,6900
2021-01-12,31.768999099731445,31.829999923706055,31.57200050354004,31.799999237060547,16600
2021-01-13,31.815000534057617,31.850000381469727,31.719999313354492,31.719999313354492,3100
2021-01-14,31.690000534057617,31.820999145507812,31.690000534057617,31.79599952697754,5700
2021-01-15,31.530000686645508,31.729999542236328,31.530000686645508,31.59000015258789,8700
2021-01-19,31.690000534057617,31.729999542236328,31.6299991607666,31.65999984741211,7600
2021-01-20,31.93000030517578,31.940000534057617,31.8700008392334,31.8700008392334,24200
2021-01-21,31.93000030517578,32.040000915527344,31.899999618530273,32.02000045776367,4800
2021-01-22,31.930999755859375,31.930999755859375,31.809999465942383,31.809999465942383,200
2021-01-25,31.969999313354492,32.0,31.489999771118164,31.899999618530273,21600
2021-01-26,31.829999923706055,31.966999053955078,31.829999923706055,31.93000030517578,8500
2021-01-27,31.25,31.65999984741211,31.209999084472656,31.65999984741211,4500
2021-01-28,31.584999084472656,31.790000915527344,31.530000686645508,31.790000915527344,5300
2021-01-29,31.268999099731445,31.360000610351562,31.219999313354492,31.219999313354492,900
2021-02-01,31.50200080871582,31.50200080871582,31.489999771118164,31.489999771118164,100
2021-02-02,31.76799964904785,31.780000686645508,31.719999313354492,31.7549991607666,900
2021-02-03,31.825000762939453,31.920000076293945,31.750999450683594,31.920000076293945,6200
2021-02-04,31.920000076293945,32.0,31.860000610351562,31.860000610351562,2600
2021-02-05,32.03200149536133,32.060001373291016,31.972999572753906,32.060001373291016,1500
2021-02-08,32.13199996948242,32.13199996948242,32.0099983215332,32.0099983215332,300
2021-02-09,32.11899948120117,32.119998931884766,32.06999969482422,32.119998931884766,3900
2021-02-10,32.06100082397461,32.11000061035156,32.0099983215332,32.06999969482422,8500
2021-02-11,32.09299850463867,32.154998779296875,32.00699996948242,32.0099983215332,5300
2021-02-12,32.194000244140625,32.194000244140625,32.159000396728516,32.159000396728516,3800
2021-02-16,32.16299819946289,32.400001525878906,32.11000061035156,32.400001525878906,2100
2021-02-17,32.185001373291016,32.185001373291016,32.10499954223633,32.10499954223633,300
2021-02-18,32.150001525878906,32.18000030517578,32.119998931884766,32.119998931884766,1000
2021-02-19,32.08300018310547,32.08300018310547,32.08300018310547,32.08300018310547,1000
2021-02-22,31.985000610351562,32.15999984741211,31.985000610351562,32.15999984741211,23900
2021-02-23,32.034000396728516,32.034000396728516,31.709999084472656,31.709999084472656,3900
2021-02-24,32.2239990234375,32.25,32.06999969482422,32.06999969482422,1300
2021-02-25,31.77400016784668,32.1150016784668,31.77400016784668,32.1150016784668,700
2021-02-26,31.80299949645996,31.84000015258789,31.76300048828125,31.84000015258789,1100
2021-03-01,32.16299819946289,32.16299819946289,32.16299819946289,32.16299819946289,100
2021-03-02,32.11899948120117,32.220001220703125,32.11899948120117,32.13999938964844,2000
2021-03-03,31.84000015258789,31.905000686645508,31.84000015258789,31.905000686645508,1100
2021-03-04,31.573999404907227,31.809999465942383,31.479999542236328,31.790000915527344,4900
2021-03-05,31.9689998626709,31.9689998626709,31.3799991607666,31.649999618530273,3400
2021-03-08,31.908000946044922,32.119998931884766,31.908000946044922,32.119998931884766,1600
2021-03-09,32.1349983215332,32.26900100708008,32.0,32.0,1100
2021-03-10,32.222999572753906,32.222999572753906,32.16999816894531,32.16999816894531,300
2021-03-11,32.3650016784668,32.404998779296875,32.35300064086914,32.37699890136719,1800
2021-03-12,32.388999938964844,32.388999938964844,32.388999938964844,32.388999938964844,1500
2021-03-15,32.51499938964844,32.51499938964844,32.349998474121094,32.459999084472656,3300
2021-03-16,32.54100036621094,32.54499816894531,32.4900016784668,32.5099983215332,6100
2021-03-17,32.52799987792969,32.52799987792969,32.380001068115234,32.45500183105469,13400
2021-03-18,32.361000061035156,32.45000076293945,32.29999923706055,32.40999984741211,7700
2021-03-19,32.37900161743164,32.38999938964844,32.349998474121094,32.38999938964844,700
2021-03-22,32.516998291015625,32.516998291015625,32.4900016784668,32.4900016784668,400
2021-03-23,32.42599868774414,32.42599868774414,32.42599868774414,32.42599868774414,100
2021-03-24,32.362998962402344,32.43299865722656,32.33000183105469,32.43299865722656,2000
2021-03-25,32.465999603271484,32.465999603271484,32.380001068115234,32.380001068115234,1700
2021-03-26,32.71900177001953,32.71900177001953,32.71900177001953,32.71900177001953,500
2021-03-29,32.694000244140625,32.694000244140625,32.63999938964844,32.63999938964844,200
2021-03-30,32.678001403808594,32.678001403808594,32.630001068115234,32.63999938964844,2700
2021-03-31,32.79499816894531,32.834999084472656,32.79499816894531,32.834999084472656,400
2021-04-01,32.957000732421875,32.957000732421875,32.957000732421875,32.957000732421875,700
2021-04-05,33.13100051879883,33.13100051879883,33.13100051879883,33.13100051879883,700
2021-04-06,33.09400177001953,33.16999816894531,33.06999969482422,33.12099838256836,3600
2021-04-07,33.13399887084961,33.13399887084961,33.13399887084961,33.13399887084961,700
2021-04-08,33.16999816894531,33.16999816894531,33.10200119018555,33.119998931884766,3600
2021-04-09,33.21099853515625,33.22999954223633,33.11199951171875,33.119998931884766,1300
2021-04-12,33.20899963378906,33.20899963378906,33.150001525878906,33.189998626708984,4900
2021-04-13,33.28900146484375,33.349998474121094,33.209999084472656,33.21500015258789,13900
2021-04-14,33.22700119018555,33.290000915527344,33.22700119018555,33.27000045776367,122900
2021-04-15,33.35599899291992,33.35599899291992,33.25,33.25,600
2021-04-16,33.40399932861328,33.40399932861328,33.38999938964844,33.38999938964844,3700
2021-04-19,33.297000885009766,33.36000061035156,33.222999572753906,33.36000061035156,4300
2021-04-20,33.21900177001953,33.27000045776367,33.15999984741211,33.2400016784668,9000
2021-04-21,33.35100173950195,33.35100173950195,33.27000045776367,33.27000045776367,700
2021-04-22,33.26499938964844,33.34000015258789,33.26499938964844,33.34000015258789,200
2021-04-23,33.374000549316406,33.374000549316406,33.310001373291016,33.310001373291016,2700
2021-04-26,33.38100051879883,33.47999954223633,33.33100128173828,33.47999954223633,4300
2021-04-27,33.36000061035156,33.36000061035156,33.34000015258789,33.340999603271484,2200
2021-04-28,33.3849983215332,33.45000076293945,33.349998474121094,33.380001068115234,11700
2021-04-29,33.426998138427734,33.470001220703125,33.34000015258789,33.459999084472656,2300
2021-04-30,33.340999603271484,33.36000061035156,33.33000183105469,33.36000061035156,700
2021-05-03,33.388999938964844,33.38999938964844,33.369998931884766,33.369998931884766,32000
2021-05-04,33.27199935913086,33.27199935913086,33.189998626708984,33.189998626708984,200
2021-05-05,33.33000183105469,33.347999572753906,33.33000183105469,33.34000015258789,3700
2021-05-06,33.4119987487793,33.4119987487793,33.29499816894531,33.310001373291016,3300
2021-05-07,33.5260009765625,33.52799987792969,33.470001220703125,33.52799987792969,3900
2021-05-10,33.422000885009766,33.5099983215332,33.422000885009766,33.5,2800
2021-05-11,33.25,33.31999969482422,33.209999084472656,33.209999084472656,2800
2021-05-12,32.88600158691406,33.13999938964844,32.880001068115234,32.970001220703125,14800
2021-05-13,33.16999816894531,33.16999816894531,33.099998474121094,33.13999938964844,1000
2021-05-14,33.41400146484375,33.41400146484375,33.29999923706055,33.29999923706055,3400
2021-05-17,33.3380012512207,33.349998474121094,33.25,33.279998779296875,4000
2021-05-18,33.24700164794922,33.43000030517578,33.220001220703125,33.400001525878906,7800
2021-05-19,33.154998779296875,33.209999084472656,33.025001525878906,33.029998779296875,1100
2021-05-20,33.34400177001953,33.400001525878906,33.321998596191406,33.380001068115234,1500
2021-05-21,33.361000061035156,33.361000061035156,33.349998474121094,33.349998474121094,900
2021-05-24,33.47999954223633,33.61000061035156,33.47999954223633,33.61000061035156,4200
2021-05-25,33.439998626708984,33.560001373291016,33.439998626708984,33.560001373291016,9200
2021-05-26,33.5359992980957,33.599998474121094,33.505001068115234,33.505001068115234,3500
2021-05-27,33.65999984741211,33.65999984741211,33.560001373291016,33.630001068115234,1900
2021-05-28,33.632999420166016,33.70000076293945,33.632999420166016,33.689998626708984,2200
2021-06-01,33.70000076293945,33.70000076293945,33.65999984741211,33.66999816894531,510600
2021-06-02,33.70000076293945,33.729000091552734,33.630001068115234,33.65999984741211,24400
2021-06-03,33.62900161743164,33.70000076293945,33.62900161743164,33.630001068115234,4100
2021-06-04,33.7400016784668,33.7400016784668,33.7400016784668,33.7400016784668,100
2021-06-07,33.75,33.779998779296875,33.71500015258789,33.71500015258789,2500
2021-06-08,33.75,33.77000045776367,33.630001068115234,33.75,2400
2021-06-09,33.720001220703125,33.810001373291016,33.68000030517578,33.70100021362305,4400
2021-06-10,33.8120002746582,33.869998931884766,33.72999954223633,33.810001373291016,14100
2021-06-11,33.816001892089844,33.880001068115234,33.75,33.880001068115234,1400
2021-06-14,33.83399963378906,33.83399963378906,33.76900100708008,33.76900100708008,300
2021-06-15,33.803001403808594,33.81999969482422,33.75,33.75,800
2021-06-16,33.76499938964844,33.88999938964844,33.76499938964844,33.86000061035156,18500
2021-06-17,33.775001525878906,33.775001525878906,33.709999084472656,33.709999084472656,500
2021-06-18,33.60200119018555,33.61000061035156,33.56999969482422,33.57099914550781,3200
2021-06-21,33.731998443603516,33.75,33.66999816894531,33.66999816894531,34600
2021-06-22,33.849998474121094,33.869998931884766,33.757999420166016,33.77000045776367,7300
2021-06-23,33.82500076293945,33.880001068115234,33.810001373291016,33.81999969482422,64900
2021-06-24,33.92300033569336,33.970001220703125,33.84000015258789,33.86000061035156,9000
2021-06-25,33.959999084472656,33.959999084472656,33.959999084472656,33.959999084472656,600
2021-06-28,33.970001220703125,34.02000045776367,33.88999938964844,33.900001525878906,800
2021-06-29,33.970001220703125,33.97999954223633,33.91999816894531,33.92100143432617,3600
2021-06-30,33.97800064086914,33.97999954223633,33.96799850463867,33.97999954223633,1700
2021-07-01,34.0099983215332,34.06999969482422,33.970001220703125,33.97999954223633,5600
2021-07-02,34.060001373291016,34.10599899291992,34.0369987487793,34.04999923706055,600
2021-07-06,34.04499816894531,34.04499816894531,34.04499816894531,34.04499816894531,100
2021-07-07,34.04399871826172,34.04399871826172,33.970001220703125,33.97999954223633,1100
2021-07-08,33.944000244140625,33.944000244140625,33.900001525878906,33.900001525878906,2800
2021-07-09,34.07699966430664,34.07699966430664,34.07699966430664,34.07699966430664,100
2021-07-12,34.084999084472656,34.150001525878906,34.029998779296875,34.150001525878906,4500
2021-07-13,34.060001373291016,34.16999816894531,34.060001373291016,34.16999816894531,2500
2021-07-14,34.06999969482422,34.08000183105469,34.02199935913086,34.02199935913086,600
2021-07-15,34.04800033569336,34.119998931884766,33.970001220703125,33.970001220703125,2000
2021-07-16,33.979000091552734,34.040000915527344,33.979000091552734,34.040000915527344,400
2021-07-19,33.77899932861328,33.810001373291016,33.66999816894531,33.7400016784668,14500
2021-07-20,33.98400115966797,33.98400115966797,33.88999938964844,33.88999938964844,1200
2021-07-21,34.05500030517578,34.05799865722656,33.90999984741211,33.90999984741211,1400
2021-07-22,34.07500076293945,34.07500076293945,33.97999954223633,33.97999954223633,1500
2021-07-23,34.14500045776367,34.20000076293945,34.04199981689453,34.04999923706055,2400
2021-07-26,34.1510009765625,34.1510009765625,34.060001373291016,34.097999572753906,2700
2021-07-27,34.10900115966797,34.13999938964844,34.10900115966797,34.13999938964844,500
2021-07-28,34.137001037597656,34.137001037597656,34.05500030517578,34.060001373291016,2200
2021-07-29,34.09199905395508,34.16999816894531,34.09199905395508,34.16999816894531,3000
2021-07-30,34.130001068115234,34.1609992980957,34.060001373291016,34.060001373291016,700
2021-08-02,34.11000061035156,34.11000061035156,34.11000061035156,34.11000061035156,900
2021-08-03,34.130001068115234,34.15999984741211,34.04999923706055,34.060001373291016,2200
2021-08-04,34.17599868774414,34.20800018310547,34.10200119018555,34.13600158691406,2800
2021-08-05,34.20000076293945,34.20000076293945,34.130001068115234,34.20000076293945,6700
2021-08-06,34.152000427246094,34.16999816894531,34.152000427246094,34.16999816894531,3000
2021-08-09,34.19499969482422,34.220001220703125,34.16999816894531,34.16999816894531,26600
2021-08-10,34.244998931884766,34.244998931884766,34.18000030517578,34.189998626708984,2900
2021-08-11,34.26499938964844,34.26499938964844,34.18000030517578,34.18000030517578,1300
2021-08-12,34.290000915527344,34.290000915527344,34.209999084472656,34.220001220703125,10300
2021-08-13,34.305999755859375,34.36000061035156,34.30500030517578,34.310001373291016,1400
2021-08-16,34.31700134277344,34.31700134277344,34.20000076293945,34.20000076293945,800
2021-08-17,34.275001525878906,34.290000915527344,34.21200180053711,34.262001037597656,7300
2021-08-18,34.19599914550781,34.31999969482422,34.19599914550781,34.31999969482422,400
2021-08-19,34.22999954223633,34.22999954223633,34.099998474121094,34.12099838256836,4000
2021-08-20,34.275001525878906,34.275001525878906,34.275001525878906,34.275001525878906,1600
2021-08-23,34.279998779296875,34.33000183105469,34.2599983215332,34.33000183105469,4700
2021-08-24,34.3390007019043,34.3390007019043,34.279998779296875,34.279998779296875,13100
2021-08-25,34.34600067138672,34.34600067138672,34.290000915527344,34.29999923706055,10600
2021-08-26,34.30500030517578,34.33000183105469,34.2599983215332,34.27000045776367,3600
2021-08-27,34.369998931884766,34.400001525878906,34.31999969482422,34.31999969482422,1500
2021-08-30,34.37699890136719,34.40999984741211,34.29999923706055,34.29999923706055,23500
2021-08-31,34.380001068115234,34.439998626708984,34.380001068115234,34.41999816894531,800
2021-09-01,34.369998931884766,34.369998931884766,34.36000061035156,34.36000061035156,500
2021-09-02,34.39500045776367,34.404998779296875,34.36000061035156,34.361000061035156,2600
2021-09-03,34.400001525878906,34.459999084472656,34.38999938964844,34.459999084472656,900
2021-09-07,34.38999938964844,34.38999938964844,34.38999938964844,34.38999938964844,100
2021-09-08,34.39500045776367,34.39500045776367,34.34000015258789,34.380001068115234,2500
2021-09-09,34.382999420166016,34.439998626708984,34.31999969482422,34.31999969482422,4500
2021-09-10,34.34700012207031,34.3849983215332,34.34700012207031,34.3849983215332,200
2021-09-13,34.345001220703125,34.369998931884766,34.345001220703125,34.345001220703125,2400
2021-09-14,34.31999969482422,34.349998474121094,34.31999969482422,34.349998474121094,18800
2021-09-15,34.369998931884766,34.369998931884766,34.310001373291016,34.310001373291016,5500
2021-09-16,34.40999984741211,34.40999984741211,34.36000061035156,34.380001068115234,2100
2021-09-17,34.400001525878906,34.400001525878906,34.33000183105469,34.33000183105469,1100
2021-09-20,34.209999084472656,34.3390007019043,34.17599868774414,34.3390007019043,4100
2021-09-21,34.31100082397461,34.36000061035156,34.2599983215332,34.323001861572266,19700
2021-09-22,34.369998931884766,34.369998931884766,34.27000045776367,34.27000045776367,13800
2021-09-23,34.41999816894531,34.4900016784668,34.36000061035156,34.36000061035156,12800
2021-09-24,34.439998626708984,34.4900016784668,34.369998931884766,34.369998931884766,14900
2021-09-27,34.435001373291016,34.435001373291016,34.400001525878906,34.41999816894531,800
2021-09-28,34.36000061035156,34.40999984741211,34.33000183105469,34.36000061035156,2600
2021-09-29,34.375999450683594,34.375999450683594,34.310001373291016,34.35599899291992,600
2021-09-30,34.3380012512207,34.4109992980957,34.3380012512207,34.4109992980957,1700
2021-10-01,34.42399978637695,34.470001220703125,34.310001373291016,34.33000183105469,3300
2021-10-04,34.39400100708008,34.39400100708008,34.31999969482422,34.3849983215332,1000
2021-10-05,34.44499969482422,34.52000045776367,34.44499969482422,34.44499969482422,10300
2021-10-06,34.4640007019043,34.5099983215332,34.400001525878906,34.5099983215332,3000
2021-10-07,34.472999572753906,34.540000915527344,34.4109992980957,34.53900146484375,4100
2021-10-08,34.474998474121094,34.474998474121094,34.474998474121094,34.474998474121094,400
2021-10-11,34.47999954223633,34.540000915527344,34.47999954223633,34.540000915527344,1500
2021-10-12,34.48500061035156,34.54499816894531,34.48500061035156,34.540000915527344,21000
2021-10-13,34.53499984741211,34.54999923706055,34.5099983215332,34.540000915527344,26500
2021-10-14,34.48500061035156,34.52000045776367,34.433998107910156,34.52000045776367,34000
2021-10-15,34.48500061035156,34.560001373291016,34.46500015258789,34.5,139200
2021-10-18,34.60499954223633,34.630001068115234,34.349998474121094,34.4900016784668,117600
2021-10-19,34.6879997253418,34.709999084472656,34.599998474121094,34.619998931884766,114700
2021-10-20,34.78300094604492,34.88999938964844,34.689998626708984,34.689998626708984,89800
2021-10-21,34.849998474121094,34.88999938964844,34.709999084472656,34.77000045776367,253500
2021-10-22,34.849998474121094,34.90999984741211,34.70000076293945,34.82500076293945,69800
2021-10-25,34.959999084472656,34.994998931884766,34.75600051879883,34.790000915527344,84400
2021-10-26,34.970001220703125,35.08000183105469,34.8849983215332,35.04999923706055,53300
2021-10-27,34.900001525878906,35.029998779296875,34.88999938964844,34.9900016784668,76900
2021-10-28,35.04999923706055,35.099998474121094,34.91999816894531,34.970001220703125,53700
2021-10-29,35.04399871826172,35.09000015258789,34.90999984741211,34.90999984741211,42000
2021-11-01,35.07500076293945,35.16999816894531,34.939998626708984,35.16999816894531,332800
2021-11-02,35.165000915527344,35.22999954223633,35.099998474121094,35.099998474121094,66200
2021-11-03,35.275001525878906,35.33000183105469,35.06999969482422,35.20000076293945,26100
2021-11-04,35.33599853515625,35.41999816894531,35.22999954223633,35.22999954223633,70100
2021-11-05,35.40999984741211,35.47999954223633,35.314998626708984,35.47999954223633,17800
2021-11-08,35.380001068115234,35.47999954223633,35.34000015258789,35.47999954223633,24300
2021-11-09,35.327999114990234,35.540000915527344,35.270999908447266,35.540000915527344,57700
2021-11-10,35.119998931884766,35.349998474121094,35.119998931884766,35.34000015258789,19200
2021-11-11,35.2400016784668,35.279998779296875,35.20000076293945,35.25,44400
2021-11-12,35.375,35.42499923706055,35.28499984741211,35.31999969482422,16800
2021-11-15,35.36000061035156,35.439998626708984,35.33000183105469,35.439998626708984,37800
2021-11-16,35.41999816894531,35.47999954223633,35.38999938964844,35.43000030517578,26100
2021-11-17,35.35100173950195,35.41999816894531,35.33000183105469,35.33000183105469,29300
2021-11-18,35.39699935913086,35.45000076293945,35.275001525878906,35.41999816894531,5700
2021-11-19,35.345001220703125,35.45000076293945,35.33000183105469,35.38999938964844,60800
2021-11-22,35.279998779296875,35.5,35.279998779296875,35.45000076293945,40900
2021-11-23,35.33000183105469,35.33000183105469,35.150001525878906,35.31999969482422,49900
2021-11-24,35.2400016784668,35.369998931884766,35.18000030517578,35.18000030517578,133900
2021-11-26,34.82899856567383,35.119998931884766,34.82899856567383,35.119998931884766,12900
2021-11-29,35.209999084472656,35.25,35.0,35.130001068115234,23000
2021-11-30,34.779998779296875,35.060001373291016,34.70000076293945,35.060001373291016,26200
2021-12-01,34.540000915527344,35.09000015258789,34.529998779296875,35.040000915527344,22300
2021-12-02,34.7400016784668,34.79999923706055,34.65999984741211,34.68000030517578,3700
2021-12-03,34.4900016784668,34.720001220703125,34.35499954223633,34.720001220703125,17900
2021-12-06,34.77000045776367,34.8849983215332,34.56999969482422,34.630001068115234,43300
2021-12-07,35.220001220703125,35.33000183105469,35.029998779296875,35.029998779296875,11800
2021-12-08,35.33000183105469,35.369998931884766,35.27000045776367,35.279998779296875,119800
2021-12-09,35.2599983215332,35.349998474121094,35.25,35.349998474121094,23400
2021-12-10,35.47999954223633,35.47999954223633,35.345001220703125,35.380001068115234,21200
2021-12-13,35.2400016784668,35.400001525878906,35.189998626708984,35.400001525878906,7100
2021-12-14,35.09000015258789,35.130001068115234,35.0099983215332,35.130001068115234,8900
2021-12-15,35.39899826049805,35.39899826049805,35.0099983215332,35.189998626708984,8700
2021-12-16,35.231998443603516,35.459999084472656,35.209999084472656,35.349998474121094,6800
2021-12-17,35.040000915527344,35.209999084472656,35.0099983215332,35.029998779296875,8200
2021-12-20,34.810001373291016,34.810001373291016,34.61000061035156,34.77000045776367,12600
2021-12-21,35.130001068115234,35.18000030517578,34.939998626708984,34.939998626708984,5400
2021-12-22,35.43000030517578,35.43000030517578,35.20000076293945,35.220001220703125,26200
2021-12-23,35.5099983215332,35.560001373291016,35.43000030517578,35.470001220703125,12400
2021-12-27,35.63999938964844,35.689998626708984,35.470001220703125,35.470001220703125,14100
2021-12-28,35.685001373291016,35.75,35.685001373291016,35.7400016784668,1000
2021-12-29,35.70000076293945,35.720001220703125,35.70000076293945,35.720001220703125,1200
2021-12-30,35.650001525878906,35.790000915527344,35.650001525878906,35.72999954223633,5300
2021-12-31,35.720001220703125,35.75,35.61000061035156,35.619998931884766,3300
2022-01-03,35.84000015258789,35.84000015258789,35.70000076293945,35.70000076293945,24700
2022-01-04,35.83000183105469,35.86899948120117,35.72700119018555,35.810001373291016,14100
2022-01-05,35.47999954223633,35.77000045776367,35.47999954223633,35.70000076293945,20300
2022-01-06,35.439998626708984,35.529998779296875,35.400001525878906,35.459999084472656,9900
2022-01-07,35.31999969482422,35.45000076293945,35.31999969482422,35.380001068115234,16400
2022-01-10,35.400001525878906,35.400001525878906,35.060001373291016,35.18000030517578,3400
2022-01-11,35.599998474121094,35.599998474121094,35.310001373291016,35.310001373291016,2000
2022-01-12,35.62699890136719,35.650001525878906,35.56999969482422,35.56999969482422,1300
2022-01-13,35.33399963378906,35.56999969482422,35.33399963378906,35.56999969482422,500
2022-01-14,35.349998474121094,35.349998474121094,35.16999816894531,35.220001220703125,34900
2022-01-18,34.987998962402344,35.12900161743164,34.970001220703125,35.09000015258789,11100
2022-01-19,34.8489990234375,35.11000061035156,34.8489990234375,35.11000061035156,28800
2022-01-20,34.599998474121094,35.099998474121094,34.599998474121094,35.09000015258789,9600
2022-01-21,34.172000885009766,34.5880012512207,34.172000885009766,34.54999923706055,45000
2022-01-24,34.21500015258789,34.21500015258789,33.220001220703125,33.86000061035156,23900
2022-01-25,33.959999084472656,34.04999923706055,33.53099822998047,33.53099822998047,81400
2022-01-26,33.97999954223633,34.47999954223633,33.81999969482422,34.2400016784668,102800
2022-01-27,33.88999938964844,34.25899887084961,33.779998779296875,34.15999984741211,53700
2022-01-28,34.41999816894531,34.41999816894531,33.70000076293945,33.70000076293945,16700
2022-01-31,34.79999923706055,34.81999969482422,34.400001525878906,34.400001525878906,18100
2022-02-01,34.95199966430664,34.95199966430664,34.72999954223633,34.72999954223633,1600
2022-02-02,35.1349983215332,35.165000915527344,34.96799850463867,35.0,7700
2022-02-03,34.619998931884766,34.81999969482422,34.619998931884766,34.72999954223633,3000
2022-02-04,34.729000091552734,34.89899826049805,34.470001220703125,34.619998931884766,26000
2022-02-07,34.65999984741211,34.81999969482422,34.63999938964844,34.810001373291016,11800
2022-02-08,34.86000061035156,34.88999938964844,34.58000183105469,34.650001525878906,27100
2022-02-09,35.15999984741211,35.18000030517578,34.959999084472656,34.959999084472656,10600
2022-02-10,34.722999572753906,35.18000030517578,34.722999572753906,34.959999084472656,16700
2022-02-11,34.36000061035156,34.779998779296875,34.236000061035156,34.72999954223633,66700
2022-02-14,34.2400016784668,34.310001373291016,34.040000915527344,34.29999923706055,16100
2022-02-15,34.595001220703125,34.61000061035156,34.47999954223633,34.58399963378906,8300
2022-02-16,34.70000076293945,34.7400016784668,34.439998626708984,34.439998626708984,29600
2022-02-17,34.209999084472656,34.439998626708984,34.18000030517578,34.36000061035156,40400
2022-02-18,34.060001373291016,34.16999816894531,33.939998626708984,34.11000061035156,5200
2022-02-22,33.83000183105469,34.029998779296875,33.650001525878906,33.83000183105469,22700
2022-02-23,33.40999984741211,34.0099983215332,33.400001525878906,34.0099983215332,46000
2022-02-24,33.70000076293945,33.709999084472656,32.650001525878906,32.650001525878906,25100
2022-02-25,34.21799850463867,34.2599983215332,33.790000915527344,33.849998474121094,21400
2022-02-28,34.20000076293945,34.2599983215332,33.83000183105469,33.83000183105469,29000
2022-03-01,33.74599838256836,34.15999984741211,33.68000030517578,34.15999984741211,29500
2022-03-02,34.189998626708984,34.290000915527344,33.970001220703125,33.97999954223633,13100
2022-03-03,34.06700134277344,34.26599884033203,33.9900016784668,34.26599884033203,7100
2022-03-04,33.909000396728516,33.909000396728516,33.65999984741211,33.849998474121094,3000
2022-03-07,33.15999984741211,33.63999938964844,33.15999984741211,33.63999938964844,13300
2022-03-08,33.11000061035156,33.349998474121094,33.029998779296875,33.150001525878906,3500
2022-03-09,33.68000030517578,33.70899963378906,33.520999908447266,33.560001373291016,1300
2022-03-10,33.59000015258789,33.599998474121094,33.275001525878906,33.41999816894531,4600
2022-03-11,33.27000045776367,33.650001525878906,33.27000045776367,33.650001525878906,14600
2022-03-14,33.11000061035156,33.5099983215332,33.0099983215332,33.349998474121094,33600
2022-03-15,33.61000061035156,33.61000061035156,33.15999984741211,33.15999984741211,6400
2022-03-16,34.13999938964844,34.13999938964844,33.720001220703125,33.93000030517578,11700
2022-03-17,34.41999816894531,34.41999816894531,34.0,34.0,512900
2022-03-18,34.599998474121094,34.619998931884766,34.209999084472656,34.209999084472656,43000
2022-03-21,34.63999938964844,34.720001220703125,34.5,34.560001373291016,24300
2022-03-22,34.87900161743164,34.91999816894531,34.81999969482422,34.875,38200
2022-03-23,34.56999969482422,34.83000183105469,34.56999969482422,34.709999084472656,325800
2022-03-24,34.900001525878906,34.900001525878906,34.66999816894531,34.66999816894531,8800
2022-03-25,35.0,35.04999923706055,34.869998931884766,34.939998626708984,19900
2022-03-28,35.220001220703125,35.220001220703125,34.939998626708984,35.025001525878906,142900
2022-03-29,35.40999984741211,35.439998626708984,35.27000045776367,35.279998779296875,23900
2022-03-30,35.25,35.40999984741211,35.25,35.40999984741211,46300
2022-03-31,34.9900016784668,35.31999969482422,34.9900016784668,35.31999969482422,15500
2022-04-01,34.9900016784668,35.060001373291016,34.90999984741211,35.060001373291016,13700
2022-04-04,35.20800018310547,35.2400016784668,35.025001525878906,35.025001525878906,3600
2022-04-05,34.97999954223633,35.27000045776367,34.97999954223633,35.09000015258789,8600
2022-04-06,34.790000915527344,34.83000183105469,34.63999938964844,34.685001373291016,100300
2022-04-07,34.900001525878906,34.959999084472656,34.630001068115234,34.790000915527344,11700
2022-04-08,34.7400016784668,34.91999816894531,34.7400016784668,34.915000915527344,5500
2022-04-11,34.470001220703125,34.569000244140625,34.470001220703125,34.54999923706055,2000
2022-04-12,34.400001525878906,34.599998474121094,34.25,34.58000183105469,4600
2022-04-13,34.61000061035156,34.61000061035156,34.369998931884766,34.387001037597656,15400
2022-04-14,34.349998474121094,34.599998474121094,34.349998474121094,34.599998474121094,4200
2022-04-18,34.29800033569336,34.40999984741211,34.250999450683594,34.349998474121094,9300
2022-04-19,34.73500061035156,34.77000045776367,34.33599853515625,34.33599853515625,30700
2022-04-20,34.709999084472656,34.849998474121094,34.619998931884766,34.75,877100
2022-04-21,34.37099838256836,34.95000076293945,34.34000015258789,34.720001220703125,31700
2022-04-22,33.75899887084961,34.380001068115234,33.75899887084961,34.380001068115234,10700
2022-04-25,33.91999816894531,33.91999816894531,33.41999816894531,33.56999969482422,38600
2022-04-26,33.25400161743164,33.56999969482422,33.25400161743164,33.439998626708984,21500
2022-04-27,33.25600051879883,33.58000183105469,33.20000076293945,33.459999084472656,43800
2022-04-28,33.777000427246094,33.90999984741211,33.314998626708984,33.560001373291016,12600
2022-04-29,32.9900016784668,33.65999984741211,32.9900016784668,33.650001525878906,6800
2022-05-02,33.18000030517578,33.18000030517578,32.619998931884766,32.91999816894531,9100
2022-05-03,33.26499938964844,33.31999969482422,33.1609992980957,33.167999267578125,6800
2022-05-04,33.93000030517578,33.93000030517578,33.119998931884766,33.24399948120117,16100
2022-05-05,33.119998931884766,33.619998931884766,32.90999984741211,33.619998931884766,31700
2022-05-06,33.040000915527344,33.040000915527344,32.79999923706055,32.900001525878906,7800
2022-05-09,32.22999954223633,32.65999984741211,32.18000030517578,32.56999969482422,144900
2022-05-10,32.3390007019043,32.689998626708984,32.15999984741211,32.689998626708984,15100
2022-05-11,32.027000427246094,32.57899856567383,32.027000427246094,32.380001068115234,11800
2022-05-12,32.09000015258789,32.13999938964844,31.700000762939453,31.90999984741211,16100
2022-05-13,32.529998779296875,32.56999969482422,32.209999084472656,32.209999084472656,5300
2022-05-16,32.45800018310547,32.599998474121094,32.40999984741211,32.4900016784668,11300
2022-05-17,32.88100051879883,32.90800094604492,32.7599983215332,32.880001068115234,6800
2022-05-18,32.01599884033203,32.560001373291016,31.969999313354492,32.54999923706055,18000
2022-05-19,31.964000701904297,32.08000183105469,31.881000518798828,31.909000396728516,5500
2022-05-20,31.969999313354492,32.13999938964844,31.459999084472656,32.09000015258789,34000
2022-05-23,32.31800079345703,32.354000091552734,32.04999923706055,32.15999984741211,17900
2022-05-24,32.15800094604492,32.15800094604492,31.8700008392334,32.13999938964844,12200
2022-05-25,32.37300109863281,32.37300109863281,32.189998626708984,32.25,476800
2022-05-26,32.79199981689453,32.80099868774414,32.5099983215332,32.5099983215332,2200
2022-05-27,33.2599983215332,33.2599983215332,33.104000091552734,33.104000091552734,3500
2022-05-31,33.1609992980957,33.29999923706055,33.04999923706055,33.150001525878906,40100
2022-06-01,32.97999954223633,33.209999084472656,32.970001220703125,33.209999084472656,45600
2022-06-02,33.369998931884766,33.39899826049805,33.10200119018555,33.10200119018555,8700
2022-06-03,33.11000061035156,33.20000076293945,33.0099983215332,33.20000076293945,15000
2022-06-06,33.14099884033203,33.19499969482422,33.0880012512207,33.19499969482422,2000
2022-06-07,33.31399917602539,33.31399917602539,33.099998474121094,33.099998474121094,3900
2022-06-08,33.11800003051758,33.2599983215332,33.11800003051758,33.2599983215332,1300
2022-06-09,32.65299987792969,33.119998931884766,32.65299987792969,33.08000183105469,17500
2022-06-10,32.05799865722656,32.15399932861328,32.02000045776367,32.13199996948242,27500
2022-06-13,31.173999786376953,31.450000762939453,31.173999786376953,31.420000076293945,6100
2022-06-14,31.18600082397461,31.27199935913086,31.0,31.27199935913086,3400
2022-06-15,31.570999145507812,31.570999145507812,31.329999923706055,31.440000534057617,4700
2022-06-16,30.81999969482422,30.860000610351562,30.70199966430664,30.780000686645508,5300
2022-06-17,30.915000915527344,31.040000915527344,30.670000076293945,30.900999069213867,19800
2022-06-21,31.40999984741211,31.48900032043457,31.31999969482422,31.31999969482422,11800
2022-06-22,31.45400047302246,31.520000457763672,31.389999389648438,31.440000534057617,6500
2022-06-23,31.60099983215332,31.60099983215332,31.361000061035156,31.52899932861328,8400
2022-06-24,32.18000030517578,32.18000030517578,32.0369987487793,32.04999923706055,2200
2022-06-27,32.15599822998047,32.31999969482422,32.15599822998047,32.31999969482422,6000
2022-06-28,31.795000076293945,32.29899978637695,31.795000076293945,32.29899978637695,2600
2022-06-29,31.7810001373291,31.825000762939453,31.709999084472656,31.825000762939453,4500
2022-06-30,31.554000854492188,31.729999542236328,31.40999984741211,31.415000915527344,2600
2022-07-01,31.84000015258789,31.84000015258789,31.510000228881836,31.549999237060547,1600
2022-07-05,31.858999252319336,31.858999252319336,31.43000030517578,31.434999465942383,3200
2022-07-06,31.94700050354004,32.01900100708008,31.760000228881836,31.760000228881836,1700
2022-07-07,32.25299835205078,32.25299835205078,32.04999923706055,32.04999923706055,3800
2022-07-08,32.277000427246094,32.31999969482422,32.277000427246094,32.31999969482422,2100
2022-07-11,32.018001556396484,32.15800094604492,32.018001556396484,32.07899856567383,73100
2022-07-12,31.871000289916992,32.099998474121094,31.860000610351562,32.06999969482422,3900
2022-07-13,31.84000015258789,31.860000610351562,31.56599998474121,31.65999984741211,4700
2022-07-14,31.743999481201172,31.743999481201172,31.363000869750977,31.479999542236328,1200
2022-07-15,32.12200164794922,32.12200164794922,32.0,32.0,3700
2022-07-18,32.02000045776367,32.27000045776367,31.952999114990234,32.27000045776367,7600
2022-07-19,32.49800109863281,32.52000045776367,32.16999816894531,32.16999816894531,900
2022-07-20,32.60300064086914,32.68000030517578,32.54499816894531,32.54499816894531,5100
2022-07-21,32.78799819946289,32.810001373291016,32.619998931884766,32.66899871826172,4600
2022-07-22,32.599998474121094,32.7400016784668,32.54999923706055,32.7400016784668,55200
2022-07-25,32.67499923706055,32.67499923706055,32.58000183105469,32.59000015258789,8800
2022-07-26,32.47800064086914,32.54999923706055,32.400001525878906,32.54999923706055,4600
2022-07-27,32.96799850463867,32.97999954223633,32.72999954223633,32.755001068115234,2300
2022-07-28,33.16999816894531,33.17599868774414,33.04999923706055,33.04999923706055,1400
2022-07-29,33.4109992980957,33.41999816894531,33.31999969482422,33.33000183105469,12700
2022-08-01,33.34000015258789,33.43000030517578,33.30400085449219,33.31999969482422,135200
2022-08-02,33.209999084472656,33.43000030517578,33.209999084472656,33.22999954223633,4900
2022-08-03,33.5099983215332,33.5099983215332,33.400001525878906,33.40999984741211,4300
2022-08-04,33.465999603271484,33.51499938964844,33.439998626708984,33.45500183105469,2000
2022-08-05,33.459999084472656,33.470001220703125,33.38999938964844,33.45800018310547,1500
2022-08-08,33.45600128173828,33.68000030517578,33.45000076293945,33.650001525878906,60600
2022-08-09,33.38100051879883,33.43000030517578,33.38100051879883,33.428001403808594,4600
2022-08-10,33.749000549316406,33.79999923706055,33.709999084472656,33.75,600
2022-08-11,33.744998931884766,33.81800079345703,33.744998931884766,33.81800079345703,1400
2022-08-12,34.0260009765625,34.0260009765625,33.81700134277344,33.81700134277344,4400
2022-08-15,34.0989990234375,34.15999984741211,33.970001220703125,33.97999954223633,4900
2022-08-16,34.138999938964844,34.189998626708984,34.047000885009766,34.06700134277344,15300
2022-08-17,34.04999923706055,34.060001373291016,34.02000045776367,34.060001373291016,7100
2022-08-18,34.04100036621094,34.08000183105469,33.939998626708984,34.08000183105469,52000
2022-08-19,33.83599853515625,33.959999084472656,33.790000915527344,33.959999084472656,11300
2022-08-22,33.50400161743164,33.58000183105469,33.439998626708984,33.58000183105469,7100
2022-08-23,33.492000579833984,33.59000015258789,33.43000030517578,33.560001373291016,9100
2022-08-24,33.5369987487793,33.5369987487793,33.470001220703125,33.47999954223633,15300
2022-08-25,33.74100112915039,33.74100112915039,33.560001373291016,33.57099914550781,4200
2022-08-26,33.23500061035156,33.38999938964844,33.23500061035156,33.38999938964844,800
2022-08-29,33.08000183105469,33.25,33.06999969482422,33.13999938964844,4100
2022-08-30,32.95899963378906,33.0,32.91999816894531,32.91999816894531,500
2022-08-31,32.91299819946289,33.029998779296875,32.91299819946289,32.959999084472656,1400
2022-09-01,32.91999816894531,32.91999816894531,32.7400016784668,32.81999969482422,5500
2022-09-02,32.7599983215332,33.130001068115234,32.7599983215332,33.130001068115234,300
2022-09-06,32.70199966430664,32.849998474121094,32.70199966430664,32.849998474121094,400
2022-09-07,33.082000732421875,33.082000732421875,32.9900016784668,33.029998779296875,7200
2022-09-08,33.20100021362305,33.20100021362305,32.97999954223633,33.14899826049805,1200
2022-09-09,33.43000030517578,33.5099983215332,33.40999984741211,33.43000030517578,13600
2022-09-12,33.59000015258789,33.61000061035156,33.54899978637695,33.58000183105469,30600
2022-09-13,32.89899826049805,33.22999954223633,32.89899826049805,33.22999954223633,27500
2022-09-14,32.95600128173828,32.95600128173828,32.77000045776367,32.939998626708984,3400
2022-09-15,32.7859992980957,33.00899887084961,32.7859992980957,33.00899887084961,1500
2022-09-16,32.650001525878906,32.650001525878906,32.459999084472656,32.470001220703125,1900
2022-09-19,32.849998474121094,32.849998474121094,32.66999816894531,32.66999816894531,7100
2022-09-20,32.5890007019043,32.650001525878906,32.439998626708984,32.58000183105469,61400
2022-09-21,32.28099822998047,32.849998474121094,32.28099822998047,32.66999816894531,1091000
2022-09-22,32.02000045776367,32.189998626708984,31.92099952697754,32.0099983215332,57700
2022-09-23,31.496000289916992,31.6200008392334,31.277999877929688,31.6200008392334,9700
2022-09-26,31.350000381469727,31.604999542236328,31.274999618530273,31.530000686645508,13000
2022-09-27,31.256000518798828,31.5310001373291,31.06999969482422,31.510000228881836,11000
2022-09-28,31.822999954223633,31.90999984741211,31.309999465942383,31.309999465942383,18000
2022-09-29,31.222000122070312,31.290000915527344,30.989999771118164,31.079999923706055,31500
2022-09-30,30.836000442504883,31.30500030517578,30.836000442504883,31.30500030517578,11100
2022-10-03,31.56999969482422,31.64299964904785,31.31999969482422,31.350000381469727,9600
2022-10-04,32.319000244140625,32.349998474121094,31.899999618530273,31.899999618530273,20200
2022-10-05,32.28099822998047,32.41999816894531,31.979999542236328,32.11000061035156,25300
2022-10-06,32.09000015258789,32.25,32.060001373291016,32.25,14100
2022-10-07,31.25,31.770000457763672,31.139999389648438,31.770000457763672,12100
2022-10-10,31.139999389648438,31.260000228881836,30.889999389648438,31.260000228881836,15200
2022-10-11,30.8700008392334,31.260000228881836,30.850000381469727,30.940000534057617,9200
2022-10-12,30.79800033569336,30.989999771118164,30.79800033569336,30.93000030517578,30800
2022-10-13,31.530000686645508,31.56999969482422,30.25,30.25,48900
2022-10-14,30.836000442504883,31.700000762939453,30.836000442504883,31.700000762939453,13900
2022-10-17,31.572999954223633,31.68000030517578,31.329999923706055,31.34000015258789,27300
2022-10-18,31.8700008392334,32.2599983215332,31.670000076293945,32.2599983215332,46600
2022-10-19,31.674999237060547,31.8700008392334,31.559999465942383,31.790000915527344,47400
2022-10-20,31.48900032043457,31.989999771118164,31.399999618530273,31.700000762939453,125500
2022-10-21,32.18000030517578,32.220001220703125,31.309999465942383,31.479999542236328,684500
2022-10-24,32.349998474121094,32.47999954223633,32.04999923706055,32.34000015258789,1369200
2022-10-25,32.72999954223633,32.93000030517578,32.380001068115234,32.400001525878906,234900
2022-10-26,32.63999938964844,32.900001525878906,32.52000045776367,32.58000183105469,2451400
2022-10-27,32.505001068115234,32.7599983215332,32.47800064086914,32.66999816894531,303400
2022-10-28,33.02000045776367,33.029998779296875,32.44499969482422,32.44499969482422,197300
2022-10-31,32.888999938964844,32.97999954223633,32.810001373291016,32.86000061035156,169600
2022-11-01,32.83000183105469,33.099998474121094,32.733001708984375,33.040000915527344,93600
2022-11-02,32.209999084472656,33.0,32.209999084472656,32.77000045776367,215300
2022-11-03,32.0,32.165000915527344,31.889999389648438,32.02000045776367,164500
2022-11-04,32.34000015258789,32.47999954223633,31.959999084472656,32.43000030517578,90600
2022-11-07,32.56999969482422,32.58000183105469,32.275001525878906,32.41999816894531,134400
2022-11-08,32.66999816894531,32.849998474121094,32.40999984741211,32.63999938964844,596300
2022-11-09,32.220001220703125,32.59000015258789,32.16999816894531,32.47999954223633,100200
2022-11-10,33.38999938964844,33.435001373291016,32.97600173950195,33.060001373291016,226900
2022-11-11,33.61000061035156,33.66999816894531,33.349998474121094,33.5099983215332,154100
2022-11-14,33.4900016784668,33.75899887084961,33.4900016784668,33.630001068115234,63300
2022-11-15,33.66999816894531,33.869998931884766,33.470001220703125,33.75,27500
2022-11-16,33.4900016784668,33.625,33.459999084472656,33.59000015258789,22500
2022-11-17,33.41999816894531,33.44499969482422,33.220001220703125,33.25,27800
2022-11-18,33.59000015258789,33.65999984741211,33.380001068115234,33.65999984741211,26900
2022-11-21,33.5,33.53900146484375,33.38999938964844,33.52000045776367,21300
2022-11-22,33.790000915527344,33.79999923706055,33.529998779296875,33.63999938964844,24600
2022-11-23,33.93000030517578,34.0,33.78499984741211,33.78499984741211,64100
2022-11-25,33.95500183105469,34.02000045776367,33.93600082397461,33.97999954223633,5400
2022-11-28,33.650001525878906,33.84000015258789,33.560001373291016,33.75,26200
2022-11-29,33.57899856567383,33.689998626708984,33.4900016784668,33.630001068115234,19800
2022-11-30,34.2599983215332,34.27000045776367,33.50199890136719,33.61000061035156,20600
2022-12-01,34.27000045776367,34.31999969482422,34.13999938964844,34.266998291015625,91600
2022-12-02,34.25,34.279998779296875,34.0989990234375,34.099998474121094,97400
2022-12-05,33.86899948120117,34.150001525878906,33.79999923706055,34.150001525878906,37700
2022-12-06,33.529998779296875,33.849998474121094,33.40999984741211,33.849998474121094,17500
2022-12-07,33.4900016784668,33.65999984741211,33.470001220703125,33.470001220703125,10400
2022-12-08,33.709999084472656,33.7400016784668,33.58000183105469,33.689998626708984,15000
2022-12-09,33.56999969482422,33.77000045776367,33.56999969482422,33.720001220703125,7200
2022-12-12,33.8650016784668,33.8650016784668,33.54999923706055,33.54999923706055,19500
2022-12-13,34.05699920654297,34.58000183105469,33.959999084472656,34.58000183105469,163300
2022-12-14,33.900001525878906,34.27000045776367,33.80699920654297,34.152000427246094,13800
2022-12-15,33.279998779296875,33.68000030517578,33.20000076293945,33.68000030517578,40900
2022-12-16,33.11000061035156,33.36000061035156,32.87200164794922,33.34000015258789,19800
2022-12-19,32.83000183105469,33.08000183105469,32.75,33.08000183105469,69700
2022-12-20,32.91999816894531,32.959999084472656,32.779998779296875,32.779998779296875,11000
2022-12-21,33.2400016784668,33.301998138427734,33.029998779296875,33.029998779296875,107200
2022-12-22,32.93000030517578,33.119998931884766,32.53099822998047,33.119998931884766,26700
2022-12-23,33.02000045776367,33.040000915527344,32.779998779296875,32.83000183105469,8500
2022-12-27,32.9900016784668,33.06999969482422,32.869998931884766,33.0099983215332,38000
2022-12-28,32.709999084472656,33.07500076293945,32.689998626708984,33.060001373291016,93600
2022-12-29,33.06999969482422,33.13999938964844,32.959999084472656,33.029998779296875,11200
2022-12-30,33.0099983215332,33.0099983215332,32.79999923706055,32.902000427246094,23300
2023-01-03,32.91999816894531,33.18299865722656,32.790000915527344,33.13999938964844,9800
2023-01-04,33.099998474121094,33.290000915527344,32.93000030517578,33.04999923706055,13500
2023-01-05,32.83000183105469,32.9900016784668,32.83000183105469,32.9900016784668,93600
2023-01-06,33.400001525878906,33.44499969482422,32.90999984741211,32.90999984741211,8300
2023-01-09,33.40999984741211,33.720001220703125,33.40999984741211,33.540000915527344,4500
2023-01-10,33.59000015258789,33.599998474121094,33.34000015258789,33.40999984741211,5100
2023-01-11,33.90999984741211,33.93000030517578,33.68000030517578,33.73500061035156,4700
2023-01-12,34.016998291015625,34.08000183105469,33.82500076293945,34.04999923706055,16100
2023-01-13,34.15299987792969,34.18000030517578,33.939998626708984,33.970001220703125,12400
2023-01-17,34.130001068115234,34.279998779296875,34.07500076293945,34.20000076293945,56100
2023-01-18,33.779998779296875,34.290000915527344,33.720001220703125,34.2599983215332,11700
2023-01-19,33.5629997253418,33.68000030517578,33.470001220703125,33.540000915527344,14500
2023-01-20,34.02899932861328,34.02899932861328,33.68000030517578,33.68000030517578,10500
2023-01-23,34.34400177001953,34.46500015258789,34.029998779296875,34.029998779296875,32100
2023-01-24,34.310001373291016,34.354000091552734,34.18000030517578,34.25,44800
2023-01-25,34.30799865722656,34.332000732421875,33.84000015258789,34.029998779296875,158900
2023-01-26,34.56999969482422,34.56999969482422,34.32099914550781,34.5,10300
2023-01-27,34.702999114990234,34.810001373291016,34.599998474121094,34.64799880981445,5600
2023-01-30,34.34400177001953,34.560001373291016,34.34400177001953,34.560001373291016,4400
2023-01-31,34.72999954223633,34.72999954223633,34.349998474121094,34.349998474121094,8800
2023-02-01,34.970001220703125,35.130001068115234,34.58000183105469,34.689998626708984,11000
2023-02-02,35.41999816894531,35.45000076293945,35.189998626708984,35.2400016784668,12400
2023-02-03,35.108001708984375,35.349998474121094,35.04999923706055,35.209999084472656,26100
2023-02-06,34.91999816894531,35.01499938964844,34.86000061035156,34.880001068115234,12800
2023-02-07,35.31999969482422,35.31999969482422,34.880001068115234,34.880001068115234,18100
2023-02-08,34.986000061035156,35.16999816894531,34.959999084472656,35.16999816894531,20400
2023-02-09,34.7599983215332,35.150001525878906,34.7599983215332,35.150001525878906,11000
2023-02-10,34.79100036621094,34.83000183105469,34.66999816894531,34.779998779296875,66000
2023-02-13,35.08000183105469,35.130001068115234,34.84000015258789,34.84000015258789,4500
2023-02-14,35.130001068115234,35.191001892089844,34.85200119018555,35.191001892089844,12800
2023-02-15,35.150001525878906,35.16999816894531,35.04999923706055,35.06999969482422,15300
2023-02-16,34.869998931884766,35.09000015258789,34.869998931884766,35.02000045776367,6800
2023-02-17,34.784000396728516,34.84000015258789,34.58000183105469,34.84000015258789,16700
2023-02-21,34.244998931884766,34.56999969482422,34.236000061035156,34.56999969482422,41200
2023-02-22,34.20000076293945,34.38999938964844,34.13999938964844,34.22999954223633,11600
2023-02-23,34.3650016784668,34.43899917602539,34.11000061035156,34.38999938964844,31700
2023-02-24,34.04999923706055,34.09000015258789,33.93000030517578,34.02000045776367,15100
2023-02-27,34.150001525878906,34.349998474121094,34.11000061035156,34.290000915527344,59200
2023-02-28,34.06999969482422,34.220001220703125,34.0,34.0,32000
2023-03-01,33.95199966430664,34.099998474121094,33.89799880981445,34.099998474121094,10900
2023-03-02,34.15999984741211,34.15999984741211,33.790000915527344,33.790000915527344,12100
2023-03-03,34.595001220703125,34.599998474121094,34.2599983215332,34.2599983215332,10700
2023-03-06,34.61199951171875,34.7869987487793,34.61000061035156,34.650001525878906,4400
2023-03-07,34.17900085449219,34.61000061035156,34.178001403808594,34.61000061035156,10600
2023-03-08,34.220001220703125,34.25,34.060001373291016,34.18000030517578,19500
2023-03-09,33.736000061035156,34.35300064086914,33.689998626708984,34.268001556396484,13500
2023-03-10,33.33399963378906,33.70000076293945,33.2599983215332,33.560001373291016,8800
2023-03-13,33.340999603271484,33.599998474121094,33.040000915527344,33.040000915527344,7200
2023-03-14,33.731998443603516,33.81999969482422,33.459999084472656,33.720001220703125,45500
2023-03-15,33.529998779296875,33.560001373291016,33.290000915527344,33.43000030517578,89500
2023-03-16,34.00699996948242,34.029998779296875,33.380001068115234,33.38999938964844,10500
2023-03-17,33.763999938964844,33.95100021362305,33.744998931884766,33.95100021362305,1700
2023-03-20,34.00600051879883,34.00600051879883,33.75,33.75,237900
2023-03-21,34.36899948120117,34.369998931884766,34.150001525878906,34.22999954223633,50300
2023-03-22,33.98400115966797,34.40999984741211,33.98400115966797,34.29999923706055,9400
2023-03-23,34.02000045776367,34.34000015258789,33.849998474121094,34.18000030517578,18500
2023-03-24,34.11000061035156,34.11000061035156,33.77000045776367,33.86000061035156,11400
2023-03-27,34.202999114990234,34.34000015258789,34.150001525878906,34.29999923706055,8700
2023-03-28,34.14099884033203,34.14099884033203,34.02000045776367,34.11000061035156,14600
2023-03-29,34.459999084472656,34.48500061035156,34.380001068115234,34.40999984741211,21900
2023-03-30,34.654998779296875,34.709999084472656,34.540000915527344,34.66999816894531,20500
2023-03-31,35.04999923706055,35.04999923706055,34.64500045776367,34.77000045776367,20900
2023-04-03,35.18199920654297,35.220001220703125,35.03099822998047,35.130001068115234,6900
2023-04-04,35.01499938964844,35.209999084472656,34.95500183105469,35.18000030517578,21900
2023-04-05,34.9640007019043,34.9640007019043,34.81999969482422,34.939998626708984,14600
2023-04-06,35.04999923706055,35.06999969482422,34.88999938964844,34.88999938964844,13300
2023-04-10,35.060001373291016,35.06999969482422,34.869998931884766,34.880001068115234,13800
2023-04-11,35.08599853515625,35.2130012512207,35.08000183105469,35.08000183105469,8500
2023-04-12,34.959999084472656,35.22999954223633,34.939998626708984,35.119998931884766,9200
2023-04-13,35.3380012512207,35.35499954223633,35.06999969482422,35.13999938964844,9200
2023-04-14,35.308998107910156,35.3650016784668,35.16999816894531,35.3650016784668,6300
2023-04-17,35.369998931884766,35.369998931884766,35.21799850463867,35.349998474121094,18700
2023-04-18,35.42399978637695,35.42399978637695,35.334999084472656,35.369998931884766,21000
2023-04-19,35.40599822998047,35.435001373291016,35.2599983215332,35.400001525878906,16600
2023-04-20,35.25,35.36000061035156,35.13999938964844,35.21099853515625,83800
2023-04-21,35.27399826049805,35.31999969482422,35.20500183105469,35.24100112915039,55800
2023-04-24,35.30799865722656,35.310001373291016,35.18000030517578,35.2599983215332,1220100
2023-04-25,34.880001068115234,35.165000915527344,34.84000015258789,35.13100051879883,103500
2023-04-26,34.75,34.97200012207031,34.66999816894531,34.869998931884766,18300
2023-04-27,35.2599983215332,35.27000045776367,34.97999954223633,34.97999954223633,10600
2023-04-28,35.51300048828125,35.51300048828125,35.349998474121094,35.36000061035156,8900
2023-05-01,35.52000045776367,35.63999938964844,35.5,35.63999938964844,18300
2023-05-02,35.165000915527344,35.22999954223633,35.029998779296875,35.07500076293945,22200
2023-05-03,35.0099983215332,35.36000061035156,35.0099983215332,35.2400016784668,13100
2023-05-04,34.78499984741211,34.84000015258789,34.720001220703125,34.82500076293945,57600
2023-05-05,35.3129997253418,35.36800003051758,35.16999816894531,35.18000030517578,5300
2023-05-08,35.32500076293945,35.33000183105469,35.2599983215332,35.31100082397461,6800
2023-05-09,35.21099853515625,35.2599983215332,35.189998626708984,35.21500015258789,9300
2023-05-10,35.34000015258789,35.400001525878906,35.13999938964844,35.400001525878906,17500
2023-05-11,35.28799819946289,35.290000915527344,35.16999816894531,35.20000076293945,7000
2023-05-12,35.250999450683594,35.349998474121094,35.099998474121094,35.349998474121094,3300
2023-05-15,35.31800079345703,35.36000061035156,35.2400016784668,35.2400016784668,7400
2023-05-16,35.15700149536133,35.29999923706055,35.15700149536133,35.21799850463867,24800
2023-05-17,35.49700164794922,35.49700164794922,35.22999954223633,35.275001525878906,4300
2023-05-18,35.779998779296875,35.779998779296875,35.41999816894531,35.41999816894531,56600
2023-05-19,35.72999954223633,35.79999923706055,35.630001068115234,35.79999923706055,12300
2023-05-22,35.744998931884766,35.810001373291016,35.709999084472656,35.75600051879883,6500
2023-05-23,35.426998138427734,35.68000030517578,35.426998138427734,35.68000030517578,2700
2023-05-24,35.20500183105469,35.2400016784668,35.099998474121094,35.2400016784668,34400
2023-05-25,35.46200180053711,35.46200180053711,35.31999969482422,35.400001525878906,12100
2023-05-26,35.875,35.875,35.619998931884766,35.619998931884766,47600
2023-05-30,35.83399963378906,35.959999084472656,35.7400016784668,35.959999084472656,15600
2023-05-31,35.691001892089844,35.72999954223633,35.569000244140625,35.689998626708984,4200
2023-06-01,35.930999755859375,35.959999084472656,35.630001068115234,35.650001525878906,4100
2023-06-02,36.43199920654297,36.459999084472656,36.22999954223633,36.22999954223633,222800
2023-06-05,36.34000015258789,36.518001556396484,36.32500076293945,36.41999816894531,8600
2023-06-06,36.45199966430664,36.45199966430664,36.29999923706055,36.43000030517578,62900
2023-06-07,36.290000915527344,36.53499984741211,36.27000045776367,36.41999816894531,7500
2023-06-08,36.50899887084961,36.50899887084961,36.310001373291016,36.310001373291016,2900
2023-06-09,36.571998596191406,36.689998626708984,36.54999923706055,36.54999923706055,34200
2023-06-12,36.8390007019043,36.8390007019043,36.63999938964844,36.65999984741211,16500
2023-06-13,37.029998779296875,37.09000015258789,36.970001220703125,37.06399917602539,43200
2023-06-14,37.060001373291016,37.220001220703125,36.86000061035156,37.099998474121094,16000
2023-06-15,37.43899917602539,37.5,37.15999984741211,37.15999984741211,9100
2023-06-16,37.362998962402344,37.56999969482422,37.36000061035156,37.56999969482422,21900
2023-06-20,37.185001373291016,37.275001525878906,37.064998626708984,37.220001220703125,49700
2023-06-21,37.04999923706055,37.18000030517578,36.97200012207031,37.150001525878906,106300
2023-06-22,37.16999816894531,37.17499923706055,36.95000076293945,36.95000076293945,37200
2023-06-23,36.98500061035156,37.064998626708984,36.95500183105469,37.0,6000
2023-06-26,36.84400177001953,36.9900016784668,36.84400177001953,36.96099853515625,25700
2023-06-27,37.19300079345703,37.22999954223633,36.88999938964844,36.93000030517578,17600
2023-06-28,37.15999984741211,37.25,37.02000045776367,37.06999969482422,19600
2023-06-29,37.29999923706055,37.34000015258789,37.119998931884766,37.119998931884766,16200
2023-06-30,37.73899841308594,37.779998779296875,37.529998779296875,37.529998779296875,7200
2023-07-03,37.744998931884766,37.779998779296875,37.689998626708984,37.689998626708984,6100
2023-07-05,37.70000076293945,37.75,37.54999923706055,37.54999923706055,12900
2023-07-06,37.43899917602539,37.43899917602539,37.2400016784668,37.2400016784668,4500
2023-07-07,37.33000183105469,37.59000015258789,37.09000015258789,37.09000015258789,13000
2023-07-10,37.41999816894531,37.41999816894531,37.310001373291016,37.310001373291016,1400
2023-07-11,37.66400146484375,37.66400146484375,37.47999954223633,37.47999954223633,2700
2023-07-12,37.90999984741211,37.986000061035156,37.90999984741211,37.986000061035156,3700
2023-07-13,38.152000427246094,38.189998626708984,38.02000045776367,38.040000915527344,6400
2023-07-14,38.130001068115234,38.244998931884766,38.11399841308594,38.18000030517578,8600
2023-07-17,38.25,38.275001525878906,38.09000015258789,38.09000015258789,1700
2023-07-18,38.44599914550781,38.5,38.18000030517578,38.18000030517578,5600
2023-07-19,38.50299835205078,38.56999969482422,38.41999816894531,38.45000076293945,45000
2023-07-20,38.29100036621094,38.459999084472656,38.26900100708008,38.45000076293945,33300
2023-07-21,38.340999603271484,38.470001220703125,38.29999923706055,38.36000061035156,74400
2023-07-24,38.41999816894531,38.5,38.400001525878906,38.40999984741211,37800
2023-07-25,38.56999969482422,38.63999938964844,38.45000076293945,38.45000076293945,24400
2023-07-26,38.54999923706055,38.61000061035156,38.43000030517578,38.505001068115234,109700
2023-07-27,38.34000015258789,38.75,38.314998626708984,38.720001220703125,56300
2023-07-28,38.650001525878906,38.67499923706055,38.59000015258789,38.63999938964844,5900
2023-07-31,38.650001525878906,38.6510009765625,38.58100128173828,38.63199996948242,28900
2023-08-01,38.59000015258789,38.65999984741211,38.54999923706055,38.57099914550781,89400
2023-08-02,38.18000030517578,38.380001068115234,38.150001525878906,38.380001068115234,29800
2023-08-03,38.13199996948242,38.27000045776367,38.0,38.0,14500
2023-08-04,37.94900131225586,38.380001068115234,37.94900131225586,38.209999084472656,54900
2023-08-07,38.220001220703125,38.220001220703125,38.08000183105469,38.099998474121094,41000
2023-08-08,38.14500045776367,38.14500045776367,37.93000030517578,38.0,9700
2023-08-09,37.95000076293945,38.15999984741211,37.869998931884766,38.10300064086914,16800
2023-08-10,37.8849983215332,38.29999923706055,37.869998931884766,38.13100051879883,26400
2023-08-11,37.87900161743164,37.999000549316406,37.81999969482422,37.880001068115234,9600
2023-08-14,38.060001373291016,38.060001373291016,37.82099914550781,37.939998626708984,7500
2023-08-15,37.720001220703125,37.88999938964844,37.6870002746582,37.88999938964844,34900
2023-08-16,37.46200180053711,37.77000045776367,37.46200180053711,37.599998474121094,22600
2023-08-17,37.20899963378906,37.5099983215332,37.16999816894531,37.4900016784668,5100
2023-08-18,37.189998626708984,37.229000091552734,37.04899978637695,37.04899978637695,10300
2023-08-21,37.41999816894531,37.47999954223633,37.11000061035156,37.220001220703125,7300
2023-08-22,37.321998596191406,37.512001037597656,37.29100036621094,37.512001037597656,14400
2023-08-23,37.678001403808594,37.77000045776367,37.46500015258789,37.46500015258789,24700
2023-08-24,37.25199890136719,37.540000915527344,37.25199890136719,37.486000061035156,6200
2023-08-25,37.47100067138672,37.47100067138672,37.130001068115234,37.361000061035156,1500
2023-08-28,37.619998931884766,37.72999954223633,37.529998779296875,37.63999938964844,8800
2023-08-29,38.183998107910156,38.183998107910156,37.959999084472656,37.959999084472656,4400
2023-08-30,38.32400131225586,38.369998931884766,38.189998626708984,38.189998626708984,5900
2023-08-31,38.308998107910156,38.4010009765625,38.308998107910156,38.400001525878906,4900
2023-09-01,38.33000183105469,38.38999938964844,38.29999923706055,38.38999938964844,5900
2023-09-05,38.22999954223633,38.30699920654297,38.20000076293945,38.220001220703125,9400
2023-09-06,37.96900177001953,38.11000061035156,37.79499816894531,38.06999969482422,7600
2023-09-07,37.85499954223633,37.875,37.66999816894531,37.7599983215332,4500
2023-09-08,37.89899826049805,38.040000915527344,37.84000015258789,37.970001220703125,4100
2023-09-11,38.1349983215332,38.18899917602539,37.970001220703125,38.13999938964844,7100
2023-09-12,37.95000076293945,38.11000061035156,37.91999816894531,37.987998962402344,13700
2023-09-13,38.00199890136719,38.029998779296875,37.95000076293945,37.95000076293945,2100
2023-09-14,38.30099868774414,38.30099868774414,38.30099868774414,38.30099868774414,800
2023-09-15,37.85599899291992,38.189998626708984,37.85599899291992,38.08000183105469,2300
2023-09-18,37.87200164794922,37.97999954223633,37.80400085449219,37.80400085449219,3000
2023-09-19,37.80500030517578,37.86000061035156,37.63999938964844,37.63999938964844,1200
2023-09-20,37.47100067138672,37.720001220703125,37.47100067138672,37.720001220703125,300
2023-09-21,36.867000579833984,37.220001220703125,36.867000579833984,37.220001220703125,10800
2023-09-22,36.766998291015625,37.04999923706055,36.763999938964844,36.959999084472656,1700
2023-09-25,36.875,36.875,36.650001525878906,36.7599983215332,8400
2023-09-26,36.3650016784668,36.56999969482422,36.3650016784668,36.540000915527344,3700
2023-09-27,36.35599899291992,36.470001220703125,36.290000915527344,36.400001525878906,7400
2023-09-28,36.56999969482422,36.70000076293945,36.349998474121094,36.349998474121094,3400
2023-09-29,36.529998779296875,36.79999923706055,36.52000045776367,36.79999923706055,9400
2023-10-02,36.5,36.52000045776367,36.275001525878906,36.47999954223633,57100
2023-10-03,35.95899963378906,36.369998931884766,35.8849983215332,36.33000183105469,7800
2023-10-04,36.29600143432617,36.33000183105469,36.00400161743164,36.00400161743164,19100
2023-10-05,36.24399948120117,36.255001068115234,35.95000076293945,36.220001220703125,21700
2023-10-06,36.672000885009766,36.7130012512207,35.970001220703125,35.970001220703125,2800
2023-10-09,36.875,36.91999816894531,36.54999923706055,36.54999923706055,11300
2023-10-10,37.084999084472656,37.31999969482422,36.880001068115234,36.880001068115234,9800
2023-10-11,37.24100112915039,37.2599983215332,36.9900016784668,37.25,6000
2023-10-12,37.040000915527344,37.34000015258789,36.88999938964844,37.209999084472656,24600
2023-10-13,36.805999755859375,37.18600082397461,36.7599983215332,37.040000915527344,5300
2023-10-16,37.24300003051758,37.28200149536133,36.98500061035156,37.119998931884766,108900
2023-10-17,37.22999954223633,37.31999969482422,36.92599868774414,37.02000045776367,32000
2023-10-18,36.75,37.08000183105469,36.63999938964844,37.04999923706055,43200
2023-10-19,36.400001525878906,36.900001525878906,36.380001068115234,36.7599983215332,105800
2023-10-20,35.97999954223633,36.40999984741211,35.95500183105469,36.38999938964844,417800
2023-10-23,35.93000030517578,36.630001068115234,33.540000915527344,36.630001068115234,375800
2023-10-24,36.11000061035156,36.3650016784668,35.89699935913086,35.93000030517578,760500
2023-10-25,35.724998474121094,36.09000015258789,35.689998626708984,36.09000015258789,1771500
2023-10-26,35.43000030517578,35.650001525878906,35.38999938964844,35.61000061035156,280600
2023-10-27,35.349998474121094,35.59000015258789,35.242000579833984,35.529998779296875,104500
2023-10-30,35.67900085449219,35.69499969482422,35.43000030517578,35.43000030517578,114600
2023-10-31,35.81999969482422,35.82899856567383,35.595001220703125,35.630001068115234,146400
2023-11-01,36.09000015258789,36.130001068115234,35.847999572753906,35.869998931884766,39800
2023-11-02,36.54999923706055,36.560001373291016,36.29399871826172,36.380001068115234,76900
2023-11-03,36.79999923706055,36.880001068115234,36.71500015258789,36.72999954223633,68300
2023-11-06,36.834999084472656,36.85900115966797,36.7400016784668,36.849998474121094,28300
2023-11-07,36.939998626708984,36.970001220703125,36.827999114990234,36.82899856567383,367200
2023-11-08,36.96699905395508,36.99399948120117,36.84000015258789,36.97999954223633,48500
2023-11-09,36.77000045776367,36.970001220703125,36.744998931884766,36.970001220703125,27200
2023-11-10,37.099998474121094,37.15999984741211,36.792999267578125,36.81999969482422,37300
2023-11-13,37.13999938964844,37.189998626708984,36.9900016784668,37.04999923706055,21900
2023-11-14,37.54999923706055,37.650001525878906,37.43000030517578,37.43000030517578,24400
2023-11-15,37.57500076293945,37.689998626708984,37.56999969482422,37.56999969482422,23700
2023-11-16,37.650001525878906,37.650001525878906,37.4900016784668,37.52000045776367,77500
2023-11-17,37.619998931884766,37.709999084472656,37.58000183105469,37.58000183105469,89100
2023-11-20,37.84000015258789,37.869998931884766,37.6879997253418,37.6879997253418,27100
2023-11-21,37.81999969482422,37.81999969482422,37.650001525878906,37.76499938964844,450700
2023-11-22,37.849998474121094,37.90800094604492,37.779998779296875,37.88600158691406,709000
2023-11-24,37.849998474121094,37.85499954223633,37.83000183105469,37.84000015258789,5300
2023-11-27,37.810001373291016,37.888999938964844,37.79999923706055,37.79999923706055,10500
2023-11-28,37.87300109863281,37.95000076293945,37.790000915527344,37.810001373291016,18000
2023-11-29,37.84000015258789,38.025001525878906,37.84000015258789,38.025001525878906,10700
2023-11-30,37.939998626708984,38.0,37.81999969482422,37.869998931884766,57500
2023-12-01,38.130001068115234,38.13999938964844,37.95000076293945,38.0,52200
2023-12-04,37.959999084472656,37.9900016784668,37.86000061035156,37.95000076293945,9600
2023-12-05,38.0099983215332,38.04999923706055,37.900001525878906,37.91999816894531,13600
2023-12-06,37.939998626708984,38.0,37.869998931884766,37.9900016784668,7700
2023-12-07,38.099998474121094,38.099998474121094,38.02000045776367,38.04999923706055,11600
2023-12-08,38.209999084472656,38.220001220703125,38.0,38.0,6500
2023-12-11,38.2599983215332,38.27000045776367,38.13999938964844,38.15999984741211,14200
2023-12-12,38.380001068115234,38.380001068115234,38.24399948120117,38.24399948120117,9100
2023-12-13,38.619998931884766,38.630001068115234,38.33000183105469,38.33000183105469,8800
2023-12-14,38.720001220703125,38.7400016784668,38.59000015258789,38.65999984741211,13700
2023-12-15,38.650001525878906,38.7400016784668,38.619998931884766,38.68000030517578,45100
2023-12-18,38.720001220703125,38.810001373291016,38.720001220703125,38.810001373291016,113300
2023-12-19,38.80699920654297,38.83000183105469,38.7400016784668,38.7400016784668,60400
2023-12-20,38.56999969482422,38.869998931884766,38.56999969482422,38.849998474121094,56800
2023-12-21,38.77000045776367,38.77000045776367,38.58000183105469,38.66999816894531,35300
2023-12-22,38.810001373291016,38.84000015258789,38.709999084472656,38.83000183105469,19000
2023-12-26,38.86000061035156,38.90999984741211,38.75,38.75,36100
2023-12-27,38.90999984741211,38.928001403808594,38.790000915527344,38.790000915527344,9000
2023-12-28,38.900001525878906,38.987998962402344,38.900001525878906,38.90999984741211,14900
2023-12-29,38.88999938964844,38.939998626708984,38.83300018310547,38.880001068115234,26400
2024-01-02,38.77000045776367,38.81999969482422,38.7400016784668,38.75,27800
2024-01-03,38.619998931884766,38.709999084472656,38.619998931884766,38.689998626708984,120400
2024-01-04,38.560001373291016,38.7599983215332,38.560001373291016,38.62200164794922,17500
2024-01-05,38.630001068115234,38.7599983215332,38.59000015258789,38.630001068115234,10200
2024-01-08,38.91999816894531,38.95000076293945,38.71900177001953,38.75,8500
2024-01-09,38.959999084472656,38.970001220703125,38.779998779296875,38.779998779296875,11200
2024-01-10,39.029998779296875,39.09000015258789,38.95000076293945,38.97999954223633,29800
2024-01-11,39.040000915527344,39.06999969482422,38.869998931884766,39.04999923706055,16800
2024-01-12,39.06999969482422,39.130001068115234,39.040000915527344,39.130001068115234,19200
2024-01-16,39.04999923706055,39.06999969482422,38.90999984741211,38.9900016784668,12800
2024-01-17,38.88999938964844,38.93899917602539,38.790000915527344,38.849998474121094,15600
2024-01-18,39.11000061035156,39.11000061035156,38.90999984741211,38.95000076293945,9000
2024-01-19,39.27000045776367,39.34000015258789,39.099998474121094,39.130001068115234,17300
2024-01-22,39.33000183105469,39.38999938964844,39.31999969482422,39.36000061035156,5700
2024-01-23,39.40999984741211,39.459999084472656,39.33000183105469,39.34000015258789,41900
2024-01-24,39.400001525878906,39.529998779296875,39.400001525878906,39.4900016784668,7300
2024-01-25,39.47999954223633,39.540000915527344,39.41999816894531,39.41999816894531,42400
2024-01-26,39.470001220703125,39.55799865722656,39.459999084472656,39.459999084472656,7300
2024-01-29,39.58000183105469,39.58000183105469,39.47999954223633,39.52000045776367,11200
2024-01-30,39.560001373291016,39.630001068115234,39.529998779296875,39.529998779296875,4600
2024-01-31,39.29999923706055,39.5,39.29999923706055,39.5,33600
2024-02-01,39.5099983215332,39.560001373291016,39.3849983215332,39.470001220703125,34600
2024-02-02,39.63999938964844,39.68000030517578,39.560001373291016,39.58000183105469,16800
2024-02-05,39.61000061035156,39.67399978637695,39.551998138427734,39.61000061035156,4000
2024-02-06,39.66999816894531,39.709999084472656,39.63999938964844,39.65999984741211,1700
2024-02-07,39.779998779296875,39.79999923706055,39.72999954223633,39.7400016784668,14000
2024-02-08,39.790000915527344,39.83000183105469,39.77000045776367,39.779998779296875,15500
2024-02-09,39.86000061035156,39.900001525878906,39.810001373291016,39.810001373291016,25200
2024-02-12,39.84000015258789,39.939998626708984,39.83000183105469,39.84000015258789,10000
2024-02-13,39.619998931884766,39.70500183105469,39.53499984741211,39.59000015258789,4900
2024-02-14,39.790000915527344,39.790000915527344,39.70000076293945,39.70000076293945,6600
2024-02-15,39.86000061035156,39.880001068115234,39.77000045776367,39.77000045776367,12700
2024-02-16,39.790000915527344,39.89899826049805,39.790000915527344,39.84600067138672,13100
2024-02-20,39.72999954223633,39.790000915527344,39.68000030517578,39.790000915527344,15600
2024-02-21,39.7599983215332,39.790000915527344,39.689998626708984,39.75,150100
2024-02-22,40.04999923706055,40.09000015258789,39.93000030517578,40.02000045776367,553700
2024-02-23,40.08000183105469,40.18000030517578,40.029998779296875,40.060001373291016,9700
2024-02-26,40.06999969482422,40.119998931884766,40.0,40.040000915527344,445000
2024-02-27,40.09199905395508,40.099998474121094,40.02000045776367,40.051998138427734,11900
2024-02-28,40.040000915527344,40.099998474121094,40.040000915527344,40.08000183105469,9100
2024-02-29,40.14699935913086,40.14699935913086,40.04999923706055,40.09000015258789,71500
2024-03-01,40.189998626708984,40.25,40.119998931884766,40.119998931884766,16700
2024-03-04,40.1609992980957,40.2599983215332,40.1609992980957,40.189998626708984,25000
2024-03-05,40.040000915527344,40.11000061035156,40.0099983215332,40.095001220703125,13500
2024-03-06,40.099998474121094,40.21900177001953,39.97999954223633,39.97999954223633,5500
2024-03-07,40.20199966430664,40.2599983215332,40.16999816894531,40.21099853515625,12700
2024-03-08,40.1879997253418,40.29999923706055,40.13999938964844,40.29999923706055,9500
2024-03-11,40.130001068115234,40.15999984741211,40.06999969482422,40.08000183105469,14400
2024-03-12,40.29899978637695,40.310001373291016,40.26599884033203,40.26599884033203,6600
2024-03-13,40.27000045776367,40.34000015258789,40.27000045776367,40.33000183105469,10100
2024-03-14,40.25,40.279998779296875,40.16999816894531,40.279998779296875,17700
2024-03-15,40.150001525878906,40.237998962402344,40.119998931884766,40.20500183105469,13500
2024-03-18,40.268001556396484,40.31999969482422,40.2599983215332,40.31999969482422,4800
2024-03-19,40.36000061035156,40.36000061035156,40.209999084472656,40.209999084472656,46800
2024-03-20,40.38999938964844,40.470001220703125,40.31999969482422,40.369998931884766,278900
2024-03-21,40.4900016784668,40.52000045776367,40.459999084472656,40.505001068115234,15900
2024-03-22,40.505001068115234,40.52000045776367,40.459999084472656,40.505001068115234,22100
2024-03-25,40.439998626708984,40.5,40.439998626708984,40.474998474121094,5300
2024-03-26,40.439998626708984,40.55099868774414,40.439998626708984,40.459999084472656,52400
2024-03-27,40.525001525878906,40.540000915527344,40.470001220703125,40.5,4200
2024-03-28,40.56999969482422,40.599998474121094,40.540000915527344,40.54999923706055,35800
2024-04-01,40.5099983215332,40.619998931884766,40.5,40.584999084472656,18600
2024-04-02,40.45100021362305,40.45100021362305,40.400001525878906,40.41999816894531,30600
2024-04-03,40.459999084472656,40.53200149536133,40.439998626708984,40.439998626708984,12500
2024-04-04,40.349998474121094,40.56999969482422,40.349998474121094,40.52000045776367,6000
2024-04-05,40.45000076293945,40.4900016784668,40.33000183105469,40.369998931884766,11000
2024-04-08,40.494998931884766,40.529998779296875,40.45000076293945,40.47999954223633,3400
2024-04-09,40.5,40.505001068115234,40.38999938964844,40.505001068115234,11200
2024-04-10,40.39500045776367,40.42900085449219,40.310001373291016,40.375,14200
2024-04-11,40.505001068115234,40.51900100708008,40.34000015258789,40.34000015258789,4300
2024-04-12,40.2760009765625,40.380001068115234,40.20000076293945,40.380001068115234,6700
2024-04-15,40.12799835205078,40.38999938964844,40.11000061035156,40.38999938964844,11400
2024-04-16,40.150001525878906,40.185001373291016,40.06999969482422,40.12200164794922,7900
2024-04-17,40.08000183105469,40.20100021362305,40.02000045776367,40.18000030517578,7900
2024-04-18,40.05699920654297,40.16999816894531,40.02000045776367,40.11000061035156,5400
2024-04-19,39.92499923706055,40.060001373291016,39.88999938964844,40.029998779296875,11400
2024-04-22,40.12900161743164,40.189998626708984,39.970001220703125,40.02000045776367,14900
2024-04-23,40.340999603271484,40.369998931884766,40.2599983215332,40.27000045776367,3000
2024-04-24,40.36899948120117,40.459999084472656,40.27000045776367,40.459999084472656,5700
2024-04-25,40.290000915527344,40.33000183105469,40.150001525878906,40.150001525878906,16300
2024-04-26,40.470001220703125,40.4900016784668,40.422000885009766,40.4900016784668,6100
2024-04-29,40.5,40.540000915527344,40.45000076293945,40.459999084472656,20600
2024-04-30,40.33100128173828,40.48400115966797,40.33100128173828,40.45000076293945,33500
2024-05-01,40.2599983215332,40.439998626708984,40.2400016784668,40.25,9400
2024-05-02,40.39500045776367,40.45000076293945,40.279998779296875,40.290000915527344,11500
2024-05-03,40.61800003051758,40.65999984741211,40.560001373291016,40.560001373291016,9500
2024-05-06,40.720001220703125,40.7400016784668,40.6609992980957,40.709999084472656,3600
2024-05-07,40.77000045776367,40.810001373291016,40.720001220703125,40.79999923706055,10900
2024-05-08,40.790000915527344,40.810001373291016,40.709999084472656,40.709999084472656,12600
2024-05-09,40.85900115966797,40.869998931884766,40.790000915527344,40.86000061035156,15000
2024-05-10,40.869998931884766,40.939998626708984,40.849998474121094,40.939998626708984,6500
2024-05-13,40.895999908447266,40.93000030517578,40.86000061035156,40.880001068115234,6900
2024-05-14,40.95800018310547,40.95800018310547,40.869998931884766,40.90999984741211,3800
2024-05-15,41.077999114990234,41.09000015258789,40.9900016784668,41.0,10800
2024-05-16,41.029998779296875,41.099998474121094,41.029998779296875,41.099998474121094,17200
2024-05-17,41.09400177001953,41.11000061035156,41.04100036621094,41.06999969482422,306100
2024-05-20,41.10900115966797,41.14500045776367,41.08000183105469,41.130001068115234,6100
2024-05-21,41.14500045776367,41.14500045776367,41.08000183105469,41.1150016784668,7400
2024-05-22,41.189998626708984,41.189998626708984,41.06999969482422,41.15999984741211,70400
2024-05-23,41.029998779296875,41.18000030517578,41.0099983215332,41.15999984741211,6000
2024-05-24,41.14500045776367,41.16999816894531,41.06999969482422,41.07099914550781,8300
2024-05-28,41.14099884033203,41.209999084472656,41.09000015258789,41.209999084472656,4300
2024-05-29,41.11000061035156,41.119998931884766,41.060001373291016,41.060001373291016,6600
2024-05-30,41.03499984741211,41.099998474121094,41.0,41.029998779296875,9500
2024-05-31,41.13999938964844,41.13999938964844,40.96099853515625,41.04999923706055,10900
2024-06-03,41.13999938964844,41.2599983215332,41.08000183105469,41.150001525878906,6300
2024-06-04,41.16999816894531,41.2400016784668,41.12099838256836,41.2400016784668,3600
2024-06-05,41.29999923706055,41.310001373291016,41.18000030517578,41.310001373291016,7600
2024-06-06,41.26499938964844,41.290000915527344,41.23099899291992,41.25,10700
2024-06-07,41.279998779296875,41.34000015258789,41.22999954223633,41.22999954223633,6300
2024-06-10,41.292999267578125,41.32500076293945,41.25,41.29499816894531,48200
2024-06-11,41.275001525878906,41.369998931884766,41.220001220703125,41.369998931884766,12100
2024-06-12,41.38199996948242,41.43000030517578,41.349998474121094,41.369998931884766,9400
2024-06-13,41.39400100708008,41.40999984741211,41.349998474121094,41.36199951171875,10700
2024-06-14,41.3849983215332,41.41999816894531,41.34000015258789,41.349998474121094,11700
2024-06-17,41.38999938964844,41.470001220703125,41.36000061035156,41.470001220703125,9400
2024-06-18,41.439998626708984,41.470001220703125,41.40999984741211,41.43000030517578,16600
2024-06-20,41.42100143432617,41.459999084472656,41.380001068115234,41.439998626708984,15500
2024-06-21,41.435001373291016,41.474998474121094,41.36000061035156,41.36000061035156,10000
2024-06-24,41.43899917602539,41.47999954223633,41.40999984741211,41.40999984741211,12200
2024-06-25,41.470001220703125,41.4900016784668,41.42499923706055,41.43000030517578,7800
2024-06-26,41.43000030517578,41.5099983215332,41.43000030517578,41.4900016784668,219800
2024-06-27,41.5,41.529998779296875,41.47999954223633,41.47999954223633,5000
2024-06-28,41.540000915527344,41.569000244140625,41.5,41.513999938964844,5300
2024-07-01,41.56999969482422,41.56999969482422,41.47999954223633,41.560001373291016,10000
2024-07-02,41.61000061035156,41.619998931884766,41.5,41.619998931884766,9600
2024-07-03,41.595001220703125,41.630001068115234,41.5629997253418,41.630001068115234,4500
2024-07-05,41.630001068115234,41.650001525878906,41.58599853515625,41.59000015258789,14100
2024-07-08,41.64500045776367,41.709999084472656,41.60100173950195,41.709999084472656,19000
2024-07-09,41.630001068115234,41.709999084472656,41.61000061035156,41.63999938964844,19200
2024-07-10,41.68000030517578,41.709999084472656,41.630001068115234,41.630001068115234,9600
2024-07-11,41.67399978637695,41.71500015258789,41.63100051879883,41.689998626708984,8200
2024-07-12,41.7400016784668,41.75,41.6879997253418,41.6879997253418,5000
2024-07-15,41.71799850463867,41.76499938964844,41.66999816894531,41.66999816894531,13200
2024-07-16,41.73500061035156,41.7599983215332,41.689998626708984,41.72999954223633,8600
2024-07-17,41.689998626708984,41.7599983215332,41.65999984741211,41.65999984741211,7900
2024-07-18,41.66400146484375,41.70899963378906,41.630001068115234,41.63999938964844,91200
2024-07-19,41.619998931884766,41.689998626708984,41.59000015258789,41.630001068115234,15700
2024-07-22,41.707000732421875,41.7130012512207,41.64099884033203,41.66999816894531,14300
2024-07-23,41.67100143432617,41.79999923706055,41.66999816894531,41.66999816894531,4600
2024-07-24,41.57500076293945,41.689998626708984,41.54999923706055,41.63999938964844,79900
2024-07-25,41.55799865722656,41.68000030517578,41.55799865722656,41.68000030517578,4500
2024-07-26,41.65399932861328,41.70000076293945,41.619998931884766,41.619998931884766,24000
2024-07-29,41.6870002746582,41.7400016784668,41.63999938964844,41.68000030517578,5600
2024-07-30,41.66699981689453,41.720001220703125,41.61000061035156,41.720001220703125,5700
2024-07-31,41.74399948120117,41.763999938964844,41.68000030517578,41.68000030517578,5500
2024-08-01,41.63800048828125,41.720001220703125,41.59000015258789,41.720001220703125,5000
2024-08-02,41.4109992980957,41.51499938964844,41.22999954223633,41.51499938964844,79200
2024-08-05,40.689998626708984,41.11600112915039,40.630001068115234,40.630001068115234,49500
2024-08-06,41.18000030517578,41.400001525878906,41.08000183105469,41.08000183105469,9600
2024-08-07,41.11399841308594,41.439998626708984,41.11399841308594,41.369998931884766,11200
2024-08-08,41.42599868774414,41.44900131225586,41.22999954223633,41.23099899291992,11100
2024-08-09,41.58300018310547,41.58300018310547,41.45000076293945,41.47800064086914,21900
2024-08-12,41.58000183105469,41.650001525878906,41.54999923706055,41.59000015258789,22300
2024-08-13,41.733001708984375,41.733001708984375,41.665000915527344,41.665000915527344,10100
2024-08-14,41.79999923706055,41.81999969482422,41.77000045776367,41.81999969482422,4500
2024-08-15,41.87900161743164,41.90999984741211,41.84000015258789,41.90999984741211,18500
2024-08-16,41.93000030517578,41.939998626708984,41.86000061035156,41.88999938964844,22100
2024-08-19,41.939998626708984,41.94900131225586,41.900001525878906,41.926998138427734,148400
2024-08-20,41.92900085449219,41.939998626708984,41.88999938964844,41.939998626708984,88300
2024-08-21,41.91999816894531,41.95000076293945,41.900001525878906,41.900001525878906,246600
2024-08-22,41.893001556396484,41.95000076293945,41.893001556396484,41.95000076293945,3100
2024-08-23,42.0,42.0,41.93000030517578,41.93000030517578,8700
2024-08-26,41.97999954223633,42.0,41.939998626708984,41.939998626708984,20800
2024-08-27,42.029998779296875,42.029998779296875,41.95000076293945,41.95000076293945,14000
2024-08-28,41.986000061035156,42.04999923706055,41.939998626708984,42.04999923706055,10200
2024-08-29,42.00600051879883,42.04999923706055,41.970001220703125,42.02000045776367,8700
2024-08-30,42.099998474121094,42.099998474121094,42.0,42.0,23100
2024-09-03,41.935001373291016,42.04999923706055,41.93000030517578,41.97100067138672,7200
2024-09-04,41.94900131225586,41.994998931884766,41.91999816894531,41.959999084472656,4500
2024-09-05,41.96500015258789,41.97999954223633,41.91999816894531,41.93000030517578,5300
2024-09-06,41.89899826049805,42.016998291015625,41.849998474121094,41.95000076293945,11300
2024-09-09,42.0,42.02000045776367,41.959999084472656,41.97999954223633,5100
2024-09-10,42.04499816894531,42.04499816894531,41.97999954223633,42.04199981689453,7600
2024-09-11,42.04999923706055,42.0989990234375,41.95000076293945,42.0,20200
2024-09-12,42.09600067138672,42.150001525878906,42.0620002746582,42.10499954223633,10600
2024-09-13,42.13999938964844,42.20000076293945,42.125,42.16600036621094,4200
2024-09-16,42.130001068115234,42.17399978637695,42.11000061035156,42.130001068115234,4400
2024-09-17,42.16899871826172,42.220001220703125,42.119998931884766,42.20000076293945,13100
2024-09-18,42.185001373291016,42.209999084472656,42.119998931884766,42.165000915527344,7300
2024-09-19,42.16999816894531,42.2400016784668,42.16999816894531,42.18000030517578,108000
2024-09-20,42.2599983215332,42.27000045776367,42.18000030517578,42.20000076293945,59100
2024-09-23,42.290000915527344,42.290000915527344,42.18000030517578,42.18000030517578,15000
2024-09-24,42.249000549316406,42.279998779296875,42.20000076293945,42.2400016784668,185900
2024-09-25,42.22999954223633,42.29999923706055,42.220001220703125,42.22999954223633,358400
2024-09-26,42.22100067138672,42.310001373291016,42.22100067138672,42.27000045776367,8200
2024-09-27,42.275001525878906,42.33000183105469,42.22999954223633,42.27000045776367,12400
2024-09-30,42.255001068115234,42.33000183105469,42.25,42.33000183105469,11500
2024-10-01,42.310001373291016,42.380001068115234,42.2400016784668,42.36000061035156,8900
2024-10-02,42.310001373291016,42.33000183105469,42.2400016784668,42.2400016784668,10800
2024-10-03,42.290000915527344,42.380001068115234,42.25,42.380001068115234,12400
2024-10-04,42.290000915527344,42.36000061035156,42.290000915527344,42.314998626708984,72800
2024-10-07,42.290000915527344,42.36000061035156,42.279998779296875,42.29999923706055,13200
2024-10-08,42.34000015258789,42.36000061035156,42.310001373291016,42.34000015258789,9200
2024-10-09,42.349998474121094,42.470001220703125,42.31999969482422,42.470001220703125,10300
2024-10-10,42.375,42.39899826049805,42.349998474121094,42.36000061035156,5000
2024-10-11,42.36000061035156,42.439998626708984,42.31999969482422,42.31999969482422,18700
2024-10-14,42.38999938964844,42.439998626708984,42.35499954223633,42.43000030517578,12900
2024-10-15,42.3849983215332,42.43000030517578,42.34000015258789,42.404998779296875,8600
2024-10-16,42.40999984741211,42.439998626708984,42.38600158691406,42.40999984741211,55200
2024-10-17,42.38999938964844,42.439998626708984,42.349998474121094,42.40999984741211,161100
2024-10-18,42.43000030517578,42.459999084472656,42.36000061035156,42.459999084472656,463400
2024-10-21,42.33000183105469,42.45000076293945,42.22600173950195,42.369998931884766,244600
2024-10-22,42.38999938964844,42.43000030517578,42.22999954223633,42.290000915527344,395700
2024-10-23,42.09000015258789,42.61000061035156,41.93000030517578,42.61000061035156,184400
2024-10-24,42.220001220703125,42.23899841308594,42.060001373291016,42.209999084472656,187400
2024-10-25,42.14500045776367,42.459999084472656,42.117000579833984,42.3650016784668,360700
2024-10-28,42.25,42.349998474121094,42.2400016784668,42.27000045776367,58900
2024-10-29,42.279998779296875,42.369998931884766,42.119998931884766,42.18000030517578,94600
2024-10-30,42.220001220703125,42.38999938964844,42.18000030517578,42.369998931884766,94000
2024-10-31,41.65999984741211,42.130001068115234,41.65999984741211,42.08000183105469,159000
2024-11-01,41.75899887084961,41.97999954223633,41.75899887084961,41.81999969482422,85300
2024-11-04,41.7400016784668,41.95000076293945,41.63999938964844,41.880001068115234,82000
2024-11-05,42.0,42.040000915527344,41.83700180053711,41.83700180053711,93000
2024-11-06,42.70000076293945,43.439998626708984,42.52000045776367,43.439998626708984,153200
2024-11-07,42.93000030517578,42.959999084472656,42.82500076293945,42.90999984741211,75500
2024-11-08,43.02000045776367,43.060001373291016,42.93000030517578,42.97999954223633,459200
2024-11-11,43.04999923706055,43.06999969482422,42.959999084472656,43.069000244140625,42500
2024-11-12,42.939998626708984,43.08000183105469,42.849998474121094,43.08000183105469,57600
2024-11-13,42.96500015258789,43.09000015258789,42.90999984741211,42.93000030517578,92700
2024-11-14,42.880001068115234,43.040000915527344,42.83000183105469,43.040000915527344,66900
2024-11-15,42.4900016784668,42.72999954223633,42.400001525878906,42.66999816894531,68400
2024-11-18,42.61000061035156,42.66999816894531,42.47999954223633,42.5,201100
2024-11-19,42.689998626708984,42.709999084472656,42.40999984741211,42.40999984741211,58400
2024-11-20,42.70000076293945,42.70000076293945,42.470001220703125,42.650001525878906,179800
2024-11-21,42.84000015258789,42.900001525878906,42.52000045776367,42.70000076293945,20400
2024-11-22,42.94499969482422,42.970001220703125,42.83000183105469,42.849998474121094,39200
2024-11-25,43.04199981689453,43.130001068115234,42.97999954223633,43.09000015258789,16400
2024-11-26,43.17900085449219,43.180999755859375,43.04999923706055,43.06999969482422,20000
2024-11-27,43.099998474121094,43.189998626708984,43.04499816894531,43.189998626708984,13200
2024-11-29,43.279998779296875,43.290000915527344,43.207000732421875,43.25,8000
2024-12-02,43.29999923706055,43.36000061035156,43.22999954223633,43.22999954223633,304000
2024-12-03,43.3390007019043,43.36000061035156,43.22999954223633,43.29499816894531,15200
2024-12-04,43.45000076293945,43.474998474121094,43.380001068115234,43.388999938964844,24900
2024-12-05,43.42599868774414,43.505001068115234,43.400001525878906,43.400001525878906,11800
2024-12-06,43.46799850463867,43.51499938964844,43.41999816894531,43.51499938964844,17000
2024-12-09,43.36000061035156,43.45000076293945,43.310001373291016,43.45000076293945,18500
2024-12-10,43.24399948120117,43.38999938964844,43.24399948120117,43.349998474121094,14100
2024-12-11,43.470001220703125,43.50899887084961,43.380001068115234,43.380001068115234,22500
2024-12-12,43.349998474121094,43.45000076293945,43.332000732421875,43.36000061035156,6700
2024-12-13,43.340999603271484,43.439998626708984,43.279998779296875,43.439998626708984,13400
2024-12-16,43.42499923706055,43.48099899291992,43.349998474121094,43.380001068115234,19800
2024-12-17,43.38999938964844,43.400001525878906,43.23099899291992,43.37699890136719,28800
2024-12-18,42.560001373291016,43.41999816894531,42.560001373291016,43.36000061035156,28700
2024-12-19,42.470001220703125,42.84000015258789,42.470001220703125,42.810001373291016,70400
2024-12-20,42.83000183105469,43.029998779296875,42.444000244140625,42.444000244140625,14100
2024-12-23,43.09000015258789,43.09000015258789,42.819000244140625,42.83000183105469,16800
2024-12-24,43.33000183105469,43.380001068115234,43.1510009765625,43.1510009765625,434100
2024-12-26,43.38999938964844,43.43000030517578,43.22999954223633,43.22999954223633,1025700
2024-12-27,43.099998474121094,43.189998626708984,42.88800048828125,43.189998626708984,22300
2024-12-30,42.81999969482422,42.96799850463867,42.625,42.689998626708984,16600
2024-12-31,42.630001068115234,42.900001525878906,42.61000061035156,42.849998474121094,23300
2025-01-02,42.59000015258789,43.79999923706055,42.4010009765625,42.61000061035156,11900
2025-01-03,43.02000045776367,43.040000915527344,42.71200180053711,42.90999984741211,43600
2025-01-06,43.150001525878906,43.34000015258789,43.06999969482422,43.150001525878906,16000
2025-01-07,42.83000183105469,43.220001220703125,42.779998779296875,43.17599868774414,15400
2025-01-08,42.869998931884766,42.869998931884766,42.65800094604492,42.779998779296875,27400
2025-01-10,42.369998931884766,42.595001220703125,42.290000915527344,42.58000183105469,62500
2025-01-13,42.48400115966797,42.4900016784668,42.150001525878906,42.150001525878906,47600
2025-01-14,42.470001220703125,42.61000061035156,42.34700012207031,42.560001373291016,12400
2025-01-15,43.029998779296875,43.084999084472656,42.880001068115234,42.970001220703125,22300
2025-01-16,43.060001373291016,43.119998931884766,42.9900016784668,43.11899948120117,11500
2025-01-17,43.290000915527344,43.369998931884766,43.18199920654297,43.22999954223633,15700
2025-01-21,43.470001220703125,43.560001373291016,43.27000045776367,43.349998474121094,32100
2025-01-22,43.66400146484375,43.7599983215332,43.619998931884766,43.70000076293945,26600
2025-01-23,43.75,43.779998779296875,43.59000015258789,43.590999603271484,21900
2025-01-24,43.77000045776367,43.86000061035156,43.65999984741211,43.77000045776367,53800
2025-01-27,43.31999969482422,43.36000061035156,43.15999984741211,43.36000061035156,16400
2025-01-28,43.650001525878906,43.65999984741211,43.38999938964844,43.38999938964844,11400
2025-01-29,43.540000915527344,43.60900115966797,43.41400146484375,43.59000015258789,20700
2025-01-30,43.59000015258789,43.77000045776367,43.41999816894531,43.500999450683594,30900
2025-01-31,43.529998779296875,43.85900115966797,43.459999084472656,43.75199890136719,13500
2025-02-03,43.31999969482422,43.439998626708984,42.970001220703125,43.0099983215332,25400
2025-02-04,43.54999923706055,43.54999923706055,43.22200012207031,43.22200012207031,19300
2025-02-05,43.65999984741211,43.65999984741211,43.400001525878906,43.459999084472656,25400
2025-02-06,43.7599983215332,43.779998779296875,43.529998779296875,43.68000030517578,15700
2025-02-07,43.52000045776367,43.77000045776367,43.41600036621094,43.77000045776367,15700
2025-02-10,43.61000061035156,43.70000076293945,43.56999969482422,43.56999969482422,18600
2025-02-11,43.70000076293945,43.70000076293945,43.57600021362305,43.61000061035156,17200
2025-02-12,43.597999572753906,43.650001525878906,43.5,43.513999938964844,15800
2025-02-13,43.856998443603516,43.869998931884766,43.630001068115234,43.630001068115234,12100
2025-02-14,43.83000183105469,43.939998626708984,43.83000183105469,43.86000061035156,21300
2025-02-18,43.95000076293945,43.95000076293945,43.81999969482422,43.8849983215332,16500
2025-02-19,44.040000915527344,44.040000915527344,43.827999114990234,43.95000076293945,8000
2025-02-20,43.95000076293945,43.95000076293945,42.595001220703125,43.93000030517578,21900
2025-02-21,43.400001525878906,43.90999984741211,43.400001525878906,43.88999938964844,16200
2025-02-24,43.290000915527344,43.52000045776367,43.27000045776367,43.52000045776367,24000
2025-02-25,43.150001525878906,43.279998779296875,43.0,43.279998779296875,212100
2025-02-26,43.20100021362305,43.45000076293945,43.090999603271484,43.279998779296875,139000
2025-02-27,42.77000045776367,43.26900100708008,42.77000045776367,43.09000015258789,260700
2025-02-28,43.150001525878906,43.16999816894531,42.6510009765625,42.72999954223633,17600
2025-03-03,42.64799880981445,43.27000045776367,42.564998626708984,43.27000045776367,30100
2025-03-04,42.362998962402344,42.72999954223633,42.119998931884766,42.70000076293945,108100
2025-03-05,42.68199920654297,42.720001220703125,42.2400016784668,42.38999938964844,20500
2025-03-06,42.143001556396484,42.494998931884766,42.029998779296875,42.29999923706055,143000
2025-03-07,42.27000045776367,42.400001525878906,41.823001861572266,42.02000045776367,109800
2025-03-10,41.5099983215332,42.0,41.310001373291016,41.869998931884766,95900
2025-03-11,41.290000915527344,41.599998474121094,41.154998779296875,41.45000076293945,45900
2025-03-12,41.51300048828125,41.619998931884766,41.27899932861328,41.459999084472656,73300
2025-03-13,41.060001373291016,41.5,41.051998138427734,41.40999984741211,30200
2025-03-14,41.72100067138672,41.72100067138672,41.36000061035156,41.44200134277344,66200
2025-03-17,41.917999267578125,42.060001373291016,41.691001892089844,41.79999923706055,279400
2025-03-18,41.597999572753906,41.7400016784668,41.5099983215332,41.7400016784668,29600
2025-03-19,41.95000076293945,42.06999969482422,41.66999816894531,41.79999923706055,40900
2025-03-20,41.81999969482422,42.060001373291016,41.689998626708984,41.689998626708984,10400
2025-03-21,41.61000061035156,41.61000061035156,41.61000061035156,41.689998626708984,664
