Price,Adj Close,Close,Close,High,High,Low,Low,Open,Open,Volume,Volume
Ticker,AIFER,AHLT,AIFER,AHLT,AIFER,AHLT,AIFER,AHLT,AIFER,AHLT,AIFER
Date,,,,,,,,,,,
2023-08-31,,24.222700119018555,,24.265167752488534,,24.222700119018555,,24.245865119536706,,995500,
2023-09-01,,24.60202407836914,,24.60202407836914,,24.22656071203128,,24.22656071203128,,1700,
2023-09-05,,24.980382919311523,,25.01802535431724,,24.844288773089712,,24.969766011076675,,2200,
2023-09-06,,24.984243392944336,,24.984243392944336,,24.984243392944336,,24.984243392944336,,100,
2023-09-07,,24.813404083251953,,24.844290138262114,,24.813404083251953,,24.844290138262114,,400,
2023-09-08,,24.791202545166016,,24.791202545166016,,24.631945238700666,,24.631945238700666,,1800,
2023-09-11,,24.725570678710938,,24.725570678710938,,24.725570678710938,,24.725570678710938,,400,
2023-09-12,,24.844289779663086,,25.124199136531583,,24.844289779663086,,24.998721893460875,,600,
2023-09-13,,24.779621124267578,,24.779621124267578,,24.779621124267578,,24.779621124267578,,100,
2023-09-14,,25.171493530273438,,25.171493530273438,,25.171493530273438,,25.171493530273438,,100,
2023-09-15,,25.052772521972656,,25.052772521972656,,25.052772521972656,,25.052772521972656,,100,
2023-09-18,,25.067251205444336,,25.182109694199983,,24.998720876161936,,25.143500746833684,,144700,
2023-09-19,,25.284420013427734,,25.284420013427734,,25.114545800269575,,25.124198037081552,,2700,
2023-09-20,,25.082693099975586,,25.37515053497748,,24.834636322265492,,24.882897506066165,,3000,
2023-09-21,,25.05663299560547,,25.18211023627103,,25.05663299560547,,25.18211023627103,,200,
2023-09-22,,25.017061233520508,,25.06628524923598,,25.017061233520508,,25.06628524923598,,200,
2023-09-25,,25.496767044067383,,25.496767044067383,,25.346195454682857,,25.346195454682857,,200,
2023-09-26,,25.531513214111328,,25.531513214111328,,25.365499520375558,,25.37997695572535,,400,
2023-09-27,,26.11835479736328,,26.11835479736328,,26.11835479736328,,26.11835479736328,,100,
2023-09-28,,25.90407943725586,,26.031486016687374,,25.867401674027036,,26.031486016687374,,800,
2023-09-29,,25.667606353759766,,25.712969841856104,,25.45236681095422,,25.45236681095422,,2500,
2023-10-02,,26.36737823486328,,26.36737823486328,,26.002531777473617,,26.002531777473617,,1800,
2023-10-03,,26.541112899780273,,26.620260138164202,,26.14731157359243,,26.32104815669552,,100300,
2023-10-04,,25.873193740844727,,26.12800690321952,,25.873193740844727,,26.070095322945964,,18500,
2023-10-05,,25.572052001953125,,25.761232541480158,,25.55467871100114,,25.761232541480158,,700,
2023-10-06,,25.6994571685791,,26.20522296696149,,25.558537823909745,,26.17240572976979,,4200,
2023-10-09,,25.3780460357666,,25.577843482356027,,25.3780460357666,,25.577843482356027,,900,
2023-10-10,,25.352951049804688,,25.44271519778199,,25.352951049804688,,25.40603743326361,,1200,
2023-10-11,,25.067251205444336,,25.25932574795664,,25.067251205444336,,25.25932574795664,,46200,
2023-10-12,,25.74675178527832,,25.74675178527832,,25.74675178527832,,25.74675178527832,,100,
2023-10-13,,25.5228271484375,,25.577842874812784,,25.5228271484375,,25.577842874812784,,2700,
2023-10-16,,25.607763290405273,,25.75157848804948,,25.607763290405273,,25.75157848804948,,1200,
2023-10-17,,25.88284683227539,,25.88284683227539,,25.86740288457043,,25.86740288457043,,1400,
2023-10-18,,26.127042770385742,,26.161789351070926,,25.95427085642245,,25.95427085642245,,2900,
2023-10-19,,26.25348472595215,,26.25348472595215,,26.25348472595215,,26.25348472595215,,100,
2023-10-20,,26.08457374572754,,26.12800789282177,,26.079748547595297,,26.079748547595297,,3900,
2023-10-23,,25.770883560180664,,26.15696383354038,,25.674363031596744,,26.15696383354038,,7500,
2023-10-24,,25.59425163269043,,25.74192736321084,,25.59425163269043,,25.74192736321084,,2000,
2023-10-25,,26.136695861816406,,26.24383330356981,,25.867403409287654,,25.867403409287654,,41400,
2023-10-26,,25.848100662231445,,26.05079212359248,,25.848100662231445,,25.934968957379326,,10900,
2023-10-27,,25.87995147705078,,25.9928806293242,,25.79983956367446,,25.857752987955006,,2500,
2023-10-30,,25.606800079345703,,25.906012071190332,,25.606800079345703,,25.906012071190332,,1000,
2023-10-31,,25.84134292602539,,25.86740194042336,,25.809490360351518,,25.82879483403411,,4900,
2023-11-01,,25.429203033447266,,25.915664379757736,,25.395421123354595,,25.809491610337332,,2900,
2023-11-02,,24.96976661682129,,25.01802596123258,,24.861662666139384,,24.989069250000217,,6600,
2023-11-03,,24.234281539916992,,24.37134035834423,,24.207256012985646,,24.323081014817095,,3000,
2023-11-06,,24.533493041992188,,24.583683568312058,,24.515155080921424,,24.51611975229991,,6100,
2023-11-07,,24.373271942138672,,24.545077343447108,,24.373271942138672,,24.477513525009858,,2400,
2023-11-08,,24.25165557861328,,24.313429528489042,,24.25165557861328,,24.294125054091868,,2600,
2023-11-09,,24.684064865112305,,24.718813285816488,,24.425391177974614,,24.525772231607263,,5000,
2023-11-10,,24.737152099609375,,25.003548689960155,,24.737152099609375,,24.776725719593482,,2600,
2023-11-13,,24.96976661682129,,25.124198728108603,,24.7583857544842,,24.863593849945268,,2800,
2023-11-14,,23.76422882080078,,24.168648894145278,,23.7150029649253,,24.120387709666584,,15900,
2023-11-15,,23.99008560180664,,24.043171984972744,,23.9225217835865,,24.043171984972744,,800,
2023-11-16,,23.83758544921875,,23.936999995981402,,23.71500406005575,,23.936999995981402,,3100,
2023-11-17,,23.71307373046875,,23.743959784090652,,23.71307373046875,,23.72465531021098,,900,
2023-11-20,,23.607866287231445,,23.792219783619117,,23.251707386921364,,23.792219783619117,,11100,
2023-11-21,,23.604005813598633,,23.604005813598633,,23.512312321400596,,23.599180615472847,,2100,
2023-11-22,,23.702455520629883,,23.74396032451344,,23.666744268213236,,23.695699138715813,,1100,
2023-11-24,,23.715003967285156,,23.753612916499993,,23.715003967285156,,23.753612916499993,,200,
2023-11-27,,23.506519317626953,,23.550918133650374,,23.506519317626953,,23.510379844110393,,600,
2023-11-28,,23.3868350982666,,23.599180635501657,,23.357880227535286,,23.473703392412578,,8200,
2023-11-29,,23.289348602294922,,23.29996551037196,,23.28548807581017,,23.29031327367213,,800,
2023-11-30,,23.437992095947266,,23.502660060232596,,23.343400907603694,,23.502660060232596,,13600,
2023-12-01,,23.222749710083008,,23.37718181700647,,21.77977436583391,,22.28650483173752,,8500,
2023-12-04,,23.14553451538086,,23.14939504205079,,22.70154265174663,,23.126230041055198,,13900,
2023-12-05,,23.07217788696289,,23.09437821547776,,23.010405781233732,,23.010405781233732,,5000,
2023-12-06,,23.049013137817383,,23.1069265586664,,22.971797084327957,,23.049013137817383,,4700,
2023-12-07,,22.967937469482422,,22.967937469482422,,22.942843125565837,,22.962147599948445,,2800,
2023-12-08,,23.097274780273438,,23.097274780273438,,23.07604096345959,,23.089553727064033,,300,
2023-12-11,,23.207307815551758,,23.222749921799327,,23.207307815551758,,23.213097684906625,,1400,
2023-12-12,,23.1995849609375,,23.22274996132423,,23.135881670117982,,23.135881670117982,,4000,
2023-12-13,,23.138778686523438,,23.138778686523438,,23.126230593814235,,23.126230593814235,,400,
2023-12-14,,22.936086654663086,,22.962147510880918,,22.9138863251116,,22.952495273727052,,3600,
2023-12-15,,22.936086654663086,,23.010406855674233,,22.9138863251116,,23.010406855674233,,1700,
2023-12-18,,23.044189453125,,23.04901465135797,,23.029712017450034,,23.029712017450034,,1000,
2023-12-19,,23.120439529418945,,23.222749926746708,,22.9235379469129,,22.9235379469129,,15500,
2023-12-20,,22.882999420166016,,23.150360672363703,,22.882999420166016,,23.11657876406897,,10800,
2023-12-21,,22.10300064086914,,22.1299991607666,,21.996999740600586,,22.020000457763672,,4500,
2023-12-22,,22.110000610351562,,22.25,,22.097000122070312,,22.25,,7500,
2023-12-26,,22.222999572753906,,22.889999389648438,,22.149999618530273,,22.364999771118164,,79600,
2023-12-27,,22.256000518798828,,22.280000686645508,,22.209999084472656,,22.239999771118164,,19000,
2023-12-28,,22.218000411987305,,22.639999389648438,,22.218000411987305,,22.270000457763672,,4700,
2023-12-29,,22.20400047302246,,22.389999389648438,,22.200000762939453,,22.389999389648438,,2300,
2024-01-02,,21.972999572753906,,22.09000015258789,,21.959999084472656,,22.09000015258789,,6900,
2024-01-03,,21.736000061035156,,21.799999237060547,,21.708999633789062,,21.735000610351562,,16000,
2024-01-04,,21.715999603271484,,21.799999237060547,,21.700000762939453,,21.75,,2000,
2024-01-05,,21.71500015258789,,21.81999969482422,,21.700000762939453,,21.81999969482422,,14400,
2024-01-08,,22.027999877929688,,22.040000915527344,,21.799999237060547,,21.799999237060547,,18800,
2024-01-09,,21.88599967956543,,21.88599967956543,,21.81999969482422,,21.81999969482422,,1300,
2024-01-10,,22.0,,22.079999923706055,,21.969999313354492,,21.969999313354492,,9800,
2024-01-11,,21.98699951171875,,22.209999084472656,,21.899999618530273,,21.899999618530273,,800,
2024-01-12,,22.054000854492188,,22.079999923706055,,22.040000915527344,,22.079999923706055,,13400,
2024-01-16,,21.833999633789062,,21.989999771118164,,21.792999267578125,,21.979999542236328,,5900,
2024-01-17,,21.690000534057617,,21.690000534057617,,21.6200008392334,,21.645000457763672,,14900,
2024-01-18,,21.90399932861328,,21.93000030517578,,21.709999084472656,,21.709999084472656,,7700,
2024-01-19,,22.09000015258789,,22.1200008392334,,21.920000076293945,,21.920000076293945,,5900,
2024-01-22,,22.163999557495117,,22.190000534057617,,22.15999984741211,,22.190000534057617,,2200,
2024-01-23,,22.010000228881836,,22.190000534057617,,22.010000228881836,,22.09000015258789,,9700,
2024-01-24,,22.22599983215332,,22.329999923706055,,22.22599983215332,,22.25,,12700,
2024-01-25,,22.261999130249023,,22.31999969482422,,22.25,,22.25,,1400,
2024-01-26,,22.263999938964844,,22.299999237060547,,22.260000228881836,,22.270000457763672,,4600,
2024-01-29,,22.371000289916992,,22.371000289916992,,22.31999969482422,,22.31999969482422,,8700,
2024-01-30,,22.341999053955078,,22.3700008392334,,22.329999923706055,,22.3700008392334,,4500,
2024-01-31,,22.076000213623047,,22.139999389648438,,22.076000213623047,,22.139999389648438,,3200,
2024-02-01,,22.190000534057617,,22.190000534057617,,22.0,,22.0,,300,
2024-02-02,,22.53700065612793,,22.53700065612793,,22.447999954223633,,22.447999954223633,,700,
2024-02-05,,22.558000564575195,,22.558000564575195,,22.459999084472656,,22.459999084472656,,100,
2024-02-06,,22.52199935913086,,22.579999923706055,,22.489999771118164,,22.579999923706055,,1100,
2024-02-07,,22.655000686645508,,22.687000274658203,,22.639999389648438,,22.639999389648438,,48800,
2024-02-08,,22.8799991607666,,22.8799991607666,,22.73900032043457,,22.809999465942383,,2000,
2024-02-09,,22.856000900268555,,22.856000900268555,,22.770000457763672,,22.780000686645508,,900,
2024-02-12,,22.97800064086914,,22.97800064086914,,22.809999465942383,,22.889999389648438,,16900,
2024-02-13,,22.520000457763672,,22.849000930786133,,22.520000457763672,,22.799999237060547,,28100,
2024-02-14,,22.722000122070312,,22.84000015258789,,22.690000534057617,,22.709999084472656,,1700,
2024-02-15,,22.88800048828125,,22.88800048828125,,22.739999771118164,,22.739999771118164,,300,
2024-02-16,,23.10099983215332,,23.1200008392334,,23.079999923706055,,23.079999923706055,,600,
2024-02-20,,22.950000762939453,,22.950000762939453,,22.639999389648438,,22.780000686645508,,4400,
2024-02-21,,22.739999771118164,,22.82200050354004,,22.65999984741211,,22.82200050354004,,1600,
2024-02-22,,23.30500030517578,,23.30500030517578,,22.850000381469727,,22.850000381469727,,2900,
2024-02-23,,23.059999465942383,,23.420000076293945,,23.059999465942383,,23.420000076293945,,4600,
2024-02-26,,23.29400062561035,,23.420000076293945,,23.29400062561035,,23.398000717163086,,1300,
2024-02-27,,23.395999908447266,,23.395999908447266,,23.31999969482422,,23.31999969482422,,1900,
2024-02-28,,23.461000442504883,,23.540000915527344,,23.461000442504883,,23.530000686645508,,2600,
2024-02-29,,23.496000289916992,,23.496000289916992,,23.389999389648438,,23.424999237060547,,3500,
2024-03-01,,23.554000854492188,,23.559999465942383,,23.479999542236328,,23.5,,3000,
2024-03-04,,23.621000289916992,,23.6299991607666,,23.489999771118164,,23.589000701904297,,17300,
2024-03-05,,23.125,,23.19499969482422,,23.094999313354492,,23.19499969482422,,500,
2024-03-06,,23.148000717163086,,23.190000534057617,,23.1299991607666,,23.190000534057617,,2300,
2024-03-07,,23.190000534057617,,23.219999313354492,,23.139999389648438,,23.139999389648438,,17600,
2024-03-08,,22.983999252319336,,23.149999618530273,,22.905000686645508,,23.100000381469727,,9700,
2024-03-11,,22.891000747680664,,22.891000747680664,,22.719999313354492,,22.719999313354492,,8400,
2024-03-12,,23.09000015258789,,23.09000015258789,,23.04599952697754,,23.04599952697754,,3000,
2024-03-13,,23.298999786376953,,23.298999786376953,,23.170000076293945,,23.170000076293945,,4100,
2024-03-14,,23.406999588012695,,23.40999984741211,,23.329999923706055,,23.329999923706055,,33300,
2024-03-15,,23.46500015258789,,23.510000228881836,,23.440000534057617,,23.440000534057617,,5400,
2024-03-18,,23.618999481201172,,23.65999984741211,,23.079999923706055,,23.079999923706055,,10000,
2024-03-19,,23.76300048828125,,23.774999618530273,,23.6299991607666,,23.6299991607666,,27000,
2024-03-20,,23.954999923706055,,23.969999313354492,,23.739999771118164,,23.739999771118164,,2500,
2024-03-21,,24.030000686645508,,24.209999084472656,,24.030000686645508,,24.100000381469727,,15700,
2024-03-22,,23.900999069213867,,24.030000686645508,,23.899999618530273,,23.920000076293945,,1400,
2024-03-25,,23.94700050354004,,24.030000686645508,,23.899999618530273,,23.899999618530273,,8400,
2024-03-26,,23.95599937438965,,24.172000885009766,,23.95599937438965,,24.172000885009766,,700,
2024-03-27,,24.110000610351562,,24.110000610351562,,24.110000610351562,,24.110000610351562,,100,
2024-03-28,,24.295000076293945,,24.295000076293945,,24.260000228881836,,24.260000228881836,,900,
2024-04-01,,24.579999923706055,,24.59000015258789,,24.56999969482422,,24.59000015258789,,3400,
2024-04-02,,24.61400032043457,,24.61400032043457,,24.579999923706055,,24.579999923706055,,700,
2024-04-03,,24.78499984741211,,24.8799991607666,,24.78499984741211,,24.8799991607666,,2000,
2024-04-04,,24.341999053955078,,24.861000061035156,,24.341999053955078,,24.854999542236328,,700,
2024-04-05,,24.913999557495117,,24.9950008392334,,24.610000610351562,,24.610000610351562,,3800,
2024-04-08,,25.16699981689453,,25.16699981689453,,25.000999450683594,,25.125,,10000,
2024-04-09,,24.91900062561035,,24.91900062561035,,24.91900062561035,,24.91900062561035,,300,
2024-04-10,,25.39299964904785,,25.40999984741211,,25.010000228881836,,25.020000457763672,,5200,
2024-04-11,,25.667999267578125,,25.670000076293945,,25.42099952697754,,25.440000534057617,,900,
2024-04-12,,25.1200008392334,,25.760000228881836,,25.040000915527344,,25.65999984741211,,11400,
2024-04-15,,25.551000595092773,,25.860000610351562,,25.469999313354492,,25.780000686645508,,6400,
2024-04-16,,25.516000747680664,,25.670000076293945,,25.43000030517578,,25.600000381469727,,27500,
2024-04-17,,25.006999969482422,,25.52400016784668,,25.0,,25.51099967956543,,5700,
2024-04-18,,25.142000198364258,,25.209999084472656,,25.1299991607666,,25.1299991607666,,4200,
2024-04-19,,25.113000869750977,,25.113000869750977,,25.079999923706055,,25.079999923706055,,13100,
2024-04-22,,24.97599983215332,,25.110000610351562,,24.920000076293945,,25.110000610351562,,18900,
2024-04-23,,25.083999633789062,,25.108999252319336,,24.809999465942383,,24.84000015258789,,11500,
2024-04-24,,25.253999710083008,,25.459999084472656,,25.253999710083008,,25.31999969482422,,5300,
2024-04-25,,25.344999313354492,,25.3799991607666,,25.139999389648438,,25.219999313354492,,2000,
2024-04-26,,25.66699981689453,,25.66699981689453,,25.530000686645508,,25.530000686645508,,800,
2024-04-29,,25.469999313354492,,25.479999542236328,,25.469999313354492,,25.479999542236328,,800,
2024-04-30,,25.22100067138672,,25.299999237060547,,25.219999313354492,,25.299999237060547,,9200,
2024-05-01,,24.9689998626709,,25.09000015258789,,24.965999603271484,,25.09000015258789,,4800,
2024-05-02,,24.392000198364258,,24.899999618530273,,24.392000198364258,,24.709999084472656,,4200,
2024-05-03,,24.238000869750977,,24.249000549316406,,23.98200035095215,,23.98200035095215,,59100,
2024-05-06,,24.695999145507812,,24.709999084472656,,24.474000930786133,,24.479999542236328,,3300,
2024-05-07,,24.742000579833984,,24.742000579833984,,24.597000122070312,,24.639999389648438,,2300,
2024-05-08,,24.97599983215332,,24.97599983215332,,24.84000015258789,,24.84000015258789,,900,
2024-05-09,,25.170000076293945,,25.19499969482422,,25.079999923706055,,25.19499969482422,,16100,
2024-05-10,,25.444000244140625,,25.444000244140625,,25.44099998474121,,25.44099998474121,,500,
2024-05-13,,25.4060001373291,,25.40999984741211,,25.360000610351562,,25.360000610351562,,1800,
2024-05-14,,25.535999298095703,,25.586000442504883,,25.43000030517578,,25.489999771118164,,8600,
2024-05-15,,25.427000045776367,,25.427000045776367,,25.200000762939453,,25.329999923706055,,5200,
2024-05-16,,25.4689998626709,,25.510000228881836,,25.399999618530273,,25.489999771118164,,11700,
2024-05-17,,26.1299991607666,,26.1299991607666,,25.871999740600586,,25.871999740600586,,900,
2024-05-20,,26.389999389648438,,26.440000534057617,,26.21500015258789,,26.21500015258789,,23300,
2024-05-21,,26.319000244140625,,26.389999389648438,,26.149999618530273,,26.18899917602539,,3500,
2024-05-22,,25.816999435424805,,26.07200050354004,,25.760000228881836,,26.07200050354004,,6900,
2024-05-23,,25.555999755859375,,26.125,,25.555999755859375,,26.030000686645508,,5700,
2024-05-24,,25.75200080871582,,25.795000076293945,,25.75200080871582,,25.795000076293945,,7400,
2024-05-28,,26.298999786376953,,26.309999465942383,,25.959999084472656,,26.020000457763672,,5900,
2024-05-29,,26.179000854492188,,26.235000610351562,,26.149999618530273,,26.149999618530273,,600,
2024-05-30,,25.7810001373291,,25.84000015258789,,25.7810001373291,,25.84000015258789,,200,
2024-05-31,,25.552000045776367,,25.690000534057617,,25.3799991607666,,25.690000534057617,,9300,
2024-06-03,,25.29599952697754,,25.520000457763672,,25.222000122070312,,25.520000457763672,,8800,
2024-06-04,,24.742000579833984,,24.81999969482422,,24.600000381469727,,24.770000457763672,,9100,
2024-06-05,,25.243000030517578,,25.280000686645508,,25.170000076293945,,25.170000076293945,,4000,
2024-06-06,,25.433000564575195,,25.433000564575195,,25.25,,25.25,,500,
2024-06-07,,25.25,,25.489999771118164,,25.25,,25.34000015258789,,2100,
2024-06-10,,25.618999481201172,,25.639999389648438,,25.399999618530273,,25.399999618530273,,600,
2024-06-11,,25.242000579833984,,25.242000579833984,,25.170000076293945,,25.229999542236328,,3000,
2024-06-12,,25.399999618530273,,25.399999618530273,,25.309999465942383,,25.309999465942383,,1800,
2024-06-13,,24.843000411987305,,25.09000015258789,,24.711000442504883,,25.059999465942383,,9600,
2024-06-14,,24.554000854492188,,25.149999618530273,,24.450000762939453,,25.149999618530273,,4500,
2024-06-17,,24.9060001373291,,24.9060001373291,,24.739999771118164,,24.739999771118164,,2400,
2024-06-18,,24.878999710083008,,24.899999618530273,,24.84000015258789,,24.850000381469727,,4400,
2024-06-20,,25.18899917602539,,25.235000610351562,,25.145000457763672,,25.219999313354492,,3400,
2024-06-21,,24.958999633789062,,25.1299991607666,,24.954999923706055,,25.1299991607666,,5900,
2024-06-24,,24.8799991607666,,25.06999969482422,,24.860000610351562,,24.860000610351562,,4800,
2024-06-25,,24.851999282836914,,24.91900062561035,,24.829999923706055,,24.91900062561035,,2000,
2024-06-26,,24.976999282836914,,24.979999542236328,,24.89900016784668,,24.90999984741211,,2700,
2024-06-27,,25.016000747680664,,25.016000747680664,,24.950000762939453,,24.950000762939453,,1400,
2024-06-28,,25.059999465942383,,25.170000076293945,,25.030000686645508,,25.1299991607666,,6800,
2024-07-01,,25.45599937438965,,25.45599937438965,,25.341999053955078,,25.341999053955078,,2300,
2024-07-02,,25.450000762939453,,25.479999542236328,,25.3799991607666,,25.41900062561035,,1000,
2024-07-03,,25.72599983215332,,25.733999252319336,,25.540000915527344,,25.540000915527344,,2100,
2024-07-05,,25.926000595092773,,26.040000915527344,,25.920000076293945,,26.040000915527344,,6000,
2024-07-08,,25.739999771118164,,25.889999389648438,,25.700000762939453,,25.889999389648438,,3800,
2024-07-09,,25.760000228881836,,25.780000686645508,,25.715999603271484,,25.780000686645508,,3400,
2024-07-10,,26.049999237060547,,26.049999237060547,,25.860000610351562,,25.889999389648438,,2700,
2024-07-11,,25.756999969482422,,25.84000015258789,,25.67799949645996,,25.84000015258789,,6900,
2024-07-12,,25.94300079345703,,25.94300079345703,,25.93000030517578,,25.93000030517578,,6200,
2024-07-15,,25.75,,25.93000030517578,,25.729999542236328,,25.84000015258789,,1500,
2024-07-16,,25.865999221801758,,25.865999221801758,,25.68000030517578,,25.68000030517578,,400,
2024-07-17,,25.3700008392334,,25.59000015258789,,25.358999252319336,,25.59000015258789,,13200,
2024-07-18,,25.049999237060547,,25.25,,24.90999984741211,,25.25,,59800,
2024-07-19,,24.479999542236328,,24.81999969482422,,24.479999542236328,,24.739999771118164,,8000,
2024-07-22,,24.829999923706055,,24.829999923706055,,24.520000457763672,,24.530000686645508,,19600,
2024-07-23,,24.6200008392334,,24.649999618530273,,24.510000228881836,,24.510000228881836,,1600,
2024-07-24,,23.989999771118164,,24.239999771118164,,23.989999771118164,,24.239999771118164,,6400,
2024-07-25,,23.649999618530273,,23.920000076293945,,23.582000732421875,,23.700000762939453,,13400,
2024-07-26,,23.920000076293945,,23.920000076293945,,23.850000381469727,,23.850000381469727,,1600,
2024-07-29,,23.799999237060547,,23.799999237060547,,23.799999237060547,,23.799999237060547,,400,
2024-07-30,,23.719999313354492,,23.780000686645508,,23.649999618530273,,23.780000686645508,,1800,
2024-07-31,,24.030000686645508,,24.030000686645508,,24.030000686645508,,24.030000686645508,,1200,
2024-08-01,,23.46299934387207,,23.548999786376953,,23.325000762939453,,23.548999786376953,,20700,
2024-08-02,,22.889999389648438,,23.09000015258789,,22.65999984741211,,23.03499984741211,,10000,
2024-08-05,,22.18000030517578,,22.25,,21.854999542236328,,21.940000534057617,,4300,
2024-08-06,,22.110000610351562,,22.238000869750977,,22.110000610351562,,22.208999633789062,,2200,
2024-08-07,,22.10099983215332,,22.106000900268555,,22.100000381469727,,22.10099983215332,,1500,
2024-08-08,,22.305999755859375,,22.31999969482422,,22.27199935913086,,22.27199935913086,,26200,
2024-08-09,,22.3799991607666,,22.42799949645996,,22.33300018310547,,22.33300018310547,,11600,
2024-08-12,,22.454999923706055,,22.5,,22.454999923706055,,22.5,,2000,
2024-08-13,,22.639999389648438,,22.639999389648438,,22.469999313354492,,22.530000686645508,,28600,
2024-08-14,,22.641000747680664,,22.641000747680664,,22.613000869750977,,22.639999389648438,,500,
2024-08-15,,22.746000289916992,,22.780000686645508,,22.670000076293945,,22.670000076293945,,3900,
2024-08-16,,22.840999603271484,,22.895000457763672,,22.809999465942383,,22.84000015258789,,1600,
2024-08-19,,22.86400032043457,,22.86400032043457,,22.844999313354492,,22.850000381469727,,2000,
2024-08-20,,22.856000900268555,,22.88800048828125,,22.829999923706055,,22.829999923706055,,1500,
2024-08-21,,22.982999801635742,,22.982999801635742,,22.940000534057617,,22.959999084472656,,2600,
2024-08-22,,22.738000869750977,,22.780000686645508,,22.738000869750977,,22.780000686645508,,1000,
2024-08-23,,23.01300048828125,,23.076000213623047,,22.969999313354492,,23.040000915527344,,11800,
2024-08-26,,23.04599952697754,,23.086000442504883,,23.04599952697754,,23.059999465942383,,20000,
2024-08-27,,23.079999923706055,,23.09000015258789,,22.9950008392334,,23.010000228881836,,1700,
2024-08-28,,22.898000717163086,,22.959999084472656,,22.860000610351562,,22.959999084472656,,2000,
2024-08-29,,22.913000106811523,,23.04199981689453,,22.829999923706055,,22.829999923706055,,25100,
2024-08-30,,22.8439998626709,,22.969999313354492,,22.8439998626709,,22.969999313354492,,1000,
2024-09-03,,22.476999282836914,,22.729999542236328,,22.452999114990234,,22.719999313354492,,10300,
2024-09-04,,22.496999740600586,,22.59000015258789,,22.459999084472656,,22.5,,12500,
2024-09-05,,22.576000213623047,,22.700000762939453,,22.510000228881836,,22.700000762939453,,11500,
2024-09-06,,22.259000778198242,,22.520000457763672,,22.1299991607666,,22.520000457763672,,21500,
2024-09-09,,22.33799934387207,,22.33799934387207,,22.239999771118164,,22.240999221801758,,2300,
2024-09-10,,22.427000045776367,,22.427000045776367,,22.309999465942383,,22.309999465942383,,6200,
2024-09-11,,22.514999389648438,,22.514999389648438,,22.34000015258789,,22.3799991607666,,7800,
2024-09-12,,22.520000457763672,,22.68000030517578,,22.350000381469727,,22.6200008392334,,16500,
2024-09-13,,22.934999465942383,,22.979999542236328,,22.799999237060547,,22.799999237060547,,5800,
2024-09-16,,23.1299991607666,,23.1299991607666,,22.969999313354492,,23.024999618530273,,6700,
2024-09-17,,22.98699951171875,,22.98699951171875,,22.979999542236328,,22.979999542236328,,1600,
2024-09-18,,22.70599937438965,,23.219999313354492,,22.56999969482422,,22.920000076293945,,35100,
2024-09-19,,23.16200065612793,,23.260000228881836,,23.15999984741211,,23.166000366210938,,9600,
2024-09-20,,23.184999465942383,,23.184999465942383,,23.1299991607666,,23.1299991607666,,2400,
2024-09-23,,23.2450008392334,,23.280000686645508,,23.1200008392334,,23.1200008392334,,14100,
2024-09-24,,23.5939998626709,,23.5939998626709,,23.520000457763672,,23.549999237060547,,7200,
2024-09-25,,23.367000579833984,,23.510000228881836,,23.360000610351562,,23.510000228881836,,1900,
2024-09-26,,23.746999740600586,,23.746999740600586,,23.746999740600586,,23.746999740600586,,400,
2024-09-27,,23.68400001525879,,23.868000030517578,,23.68400001525879,,23.868000030517578,,4400,
2024-09-30,,23.541000366210938,,23.541000366210938,,23.402000427246094,,23.440000534057617,,1400,
2024-10-01,,23.459999084472656,,23.829999923706055,,23.43000030517578,,23.829999923706055,,1200,
2024-10-02,,23.27400016784668,,23.329999923706055,,23.170000076293945,,23.170000076293945,,2600,
2024-10-03,,22.80699920654297,,22.8700008392334,,22.799999237060547,,22.8700008392334,,1500,
2024-10-04,,22.684999465942383,,22.690000534057617,,22.610000610351562,,22.610000610351562,,6300,
2024-10-07,,22.302000045776367,,22.450000762939453,,22.290000915527344,,22.450000762939453,,3600,
2024-10-08,,22.29400062561035,,22.31999969482422,,22.235000610351562,,22.25,,2800,
2024-10-09,,22.2549991607666,,22.264999389648438,,22.209999084472656,,22.240999221801758,,5400,
2024-10-10,,22.316999435424805,,22.316999435424805,,22.295000076293945,,22.295000076293945,,3000,
2024-10-11,,22.517000198364258,,22.517000198364258,,22.341999053955078,,22.341999053955078,,500,
2024-10-14,,22.584999084472656,,22.584999084472656,,22.479999542236328,,22.479999542236328,,2100,
2024-10-15,,22.445999145507812,,22.510000228881836,,22.445999145507812,,22.510000228881836,,1400,
2024-10-16,,22.50200080871582,,22.540000915527344,,22.450000762939453,,22.540000915527344,,10300,
2024-10-17,,22.611000061035156,,22.690000534057617,,22.611000061035156,,22.645000457763672,,8800,
2024-10-18,,22.863000869750977,,22.889999389648438,,22.809999465942383,,22.809999465942383,,18000,
2024-10-21,,22.761999130249023,,22.780000686645508,,22.75,,22.75,,7200,
2024-10-22,,22.874000549316406,,22.888999938964844,,22.74799919128418,,22.74799919128418,,14200,
2024-10-23,,22.540000915527344,,22.600000381469727,,22.479999542236328,,22.600000381469727,,13600,
2024-10-24,,22.665000915527344,,22.665000915527344,,22.559999465942383,,22.559999465942383,,1600,
2024-10-25,,22.691999435424805,,22.790000915527344,,22.690000534057617,,22.709999084472656,,18800,
2024-10-28,,22.860000610351562,,22.950000762939453,,22.860000610351562,,22.8700008392334,,6200,
2024-10-29,,23.094999313354492,,23.149999618530273,,22.990999221801758,,22.990999221801758,,7600,
2024-10-30,,22.895999908447266,,23.0049991607666,,22.895999908447266,,22.961999893188477,,8500,
2024-10-31,,22.360000610351562,,22.389999389648438,,22.334999084472656,,22.385000228881836,,4100,
2024-11-01,,22.600000381469727,,22.6299991607666,,22.55900001525879,,22.559999465942383,,5800,
2024-11-04,,22.3799991607666,,22.420000076293945,,22.3799991607666,,22.406999588012695,,1400,
2024-11-05,,22.510000228881836,,22.538999557495117,,22.510000228881836,,22.538999557495117,,1100,
2024-11-06,,22.84000015258789,,22.84000015258789,,22.540000915527344,,22.579999923706055,,2000,
2024-11-07,,22.910999298095703,,22.920000076293945,,22.860000610351562,,22.913999557495117,,11800,
2024-11-08,,22.770000457763672,,22.80900001525879,,22.729999542236328,,22.729999542236328,,1300,
2024-11-11,,22.777999877929688,,22.79599952697754,,22.777999877929688,,22.79599952697754,,300,
2024-11-12,,22.756000518798828,,22.756000518798828,,22.739999771118164,,22.739999771118164,,400,
2024-11-13,,22.777000427246094,,22.795000076293945,,22.73200035095215,,22.73200035095215,,700,
2024-11-14,,22.792999267578125,,22.81999969482422,,22.740999221801758,,22.740999221801758,,900,
2024-11-15,,22.547000885009766,,22.790000915527344,,22.547000885009766,,22.790000915527344,,1300,
2024-11-18,,22.565000534057617,,22.770000457763672,,22.565000534057617,,22.75,,3900,
2024-11-19,,22.489999771118164,,22.489999771118164,,22.329999923706055,,22.329999923706055,,3600,
2024-11-20,,22.65999984741211,,22.65999984741211,,22.575000762939453,,22.59000015258789,,6000,
2024-11-21,,22.780000686645508,,22.780000686645508,,22.6299991607666,,22.639999389648438,,26700,
2024-11-22,,23.040000915527344,,23.040000915527344,,22.889999389648438,,22.889999389648438,,10200,
2024-11-25,,22.589000701904297,,22.610000610351562,,22.589000701904297,,22.610000610351562,,400,
2024-11-26,,22.718000411987305,,22.75,,22.579999923706055,,22.739999771118164,,2600,
2024-11-27,,22.30299949645996,,22.329999923706055,,22.214000701904297,,22.329999923706055,,3900,
2024-11-29,,22.288999557495117,,22.350000381469727,,22.288999557495117,,22.309999465942383,,1600,
2024-12-02,,22.492000579833984,,22.530000686645508,,22.485000610351562,,22.530000686645508,,1800,
2024-12-03,,22.566999435424805,,22.566999435424805,,22.559999465942383,,22.559999465942383,,200,
2024-12-04,,22.750999450683594,,22.850000381469727,,22.729999542236328,,22.850000381469727,,1600,
2024-12-05,,22.499000549316406,,22.670000076293945,,22.489999771118164,,22.649999618530273,,1700,
2024-12-06,,22.756999969482422,,22.889999389648438,,22.729999542236328,,22.739999771118164,,6200,
2024-12-09,,22.80500030517578,,22.81999969482422,,22.71299934387207,,22.809999465942383,,1900,
2024-12-10,,22.97800064086914,,23.18000030517578,,22.961000442504883,,23.18000030517578,,33400,
2024-12-11,,23.375,,23.375,,23.260000228881836,,23.260000228881836,,23000,
2024-12-12,,23.239999771118164,,23.239999771118164,,23.149999618530273,,23.149999618530273,,7900,
2024-12-13,,23.25,,23.2549991607666,,23.19099998474121,,23.2549991607666,,2700,
2024-12-16,,23.31999969482422,,23.350000381469727,,23.25,,23.25,,6700,
2024-12-17,,23.316999435424805,,23.316999435424805,,23.25,,23.25,,2800,
2024-12-18,,23.239999771118164,,23.510000228881836,,23.239999771118164,,23.3700008392334,,22500,
2024-12-19,,23.260000228881836,,23.450000762939453,,21.899999618530273,,23.43000030517578,,84500,
2024-12-20,,23.469999313354492,,23.469999313354492,,22.600000381469727,,23.079999923706055,,13500,
2024-12-23,,23.5,,23.559999465942383,,23.43000030517578,,23.5,,105800,
2024-12-24,,23.760000228881836,,23.8700008392334,,23.600000381469727,,23.8700008392334,,26100,
2024-12-26,,23.847999572753906,,23.847999572753906,,23.791000366210938,,23.829999923706055,,1600,
2024-12-27,,23.729999542236328,,23.729999542236328,,23.56999969482422,,23.700000762939453,,13400,
2024-12-30,,23.332000732421875,,23.40999984741211,,22.420000076293945,,22.420000076293945,,3500,
2024-12-31,,23.554000854492188,,23.670000076293945,,23.350000381469727,,23.388999938964844,,7200,
2025-01-02,,23.760000228881836,,23.90999984741211,,23.524999618530273,,23.709999084472656,,4300,
2025-01-03,,23.790000915527344,,24.40999984741211,,23.631000518798828,,23.631000518798828,,12300,
2025-01-06,,23.739999771118164,,23.871999740600586,,23.700000762939453,,23.700000762939453,,9900,
2025-01-07,,24.0,,24.010000228881836,,24.0,,24.010000228881836,,1100,
2025-01-08,,24.183000564575195,,24.260000228881836,,24.170000076293945,,24.209999084472656,,4900,
2025-01-10,,24.638999938964844,,24.695999145507812,,24.549999237060547,,24.59000015258789,,7300,
2025-01-13,,24.700000762939453,,24.729999542236328,,24.530000686645508,,24.56999969482422,,88400,
2025-01-14,,24.60700035095215,,24.690000534057617,,24.549999237060547,,24.690000534057617,,49700,
2025-01-15,,24.559999465942383,,24.600000381469727,,24.09000015258789,,24.1299991607666,,36400,
2025-01-16,,24.26099967956543,,24.56999969482422,,24.229999542236328,,24.530000686645508,,12000,
2025-01-17,,24.55299949645996,,24.600000381469727,,24.420000076293945,,24.43000030517578,,44900,
2025-01-21,,24.1200008392334,,24.170000076293945,,24.1200008392334,,24.15999984741211,,10700,
2025-01-22,,24.40999984741211,,24.579999923706055,,24.280000686645508,,24.280000686645508,,6200,
2025-01-23,,24.42300033569336,,24.469999313354492,,24.350000381469727,,24.43000030517578,,1500,
2025-01-24,,24.17300033569336,,24.479999542236328,,24.17300033569336,,24.479999542236328,,14800,
2025-01-27,,23.636999130249023,,23.799999237060547,,23.600000381469727,,23.649999618530273,,9600,
2025-01-28,,24.128000259399414,,24.190000534057617,,23.968000411987305,,24.010000228881836,,22300,
2025-01-29,,24.201000213623047,,24.309999465942383,,24.1200008392334,,24.280000686645508,,3400,
2025-01-30,,24.391000747680664,,24.391000747680664,,24.170000076293945,,24.209999084472656,,6900,
2025-01-31,,24.389999389648438,,24.5,,24.360000610351562,,24.5,,6400,
2025-02-03,,24.344999313354492,,24.5,,24.190000534057617,,24.299999237060547,,8200,
2025-02-04,,23.961999893188477,,24.18000030517578,,23.920000076293945,,24.1299991607666,,6100,
2025-02-05,,23.680999755859375,,23.680999755859375,,23.309999465942383,,23.610000610351562,,2400,
2025-02-06,,23.849000930786133,,23.895000457763672,,23.799999237060547,,23.889999389648438,,1400,
2025-02-07,,23.864999771118164,,24.100000381469727,,23.829999923706055,,24.062000274658203,,3800,
2025-02-10,,24.5,,24.5,,24.139999389648438,,24.139999389648438,,9600,
2025-02-11,,24.426000595092773,,24.469999313354492,,24.389999389648438,,24.389999389648438,,900,
2025-02-12,,24.75200080871582,,24.79800033569336,,24.690000534057617,,24.770000457763672,,1800,
2025-02-13,,24.52199935913086,,24.709999084472656,,24.0,,24.709999084472656,,1700,
2025-02-14,,24.090999603271484,,24.290000915527344,,24.058000564575195,,24.290000915527344,,2200,
2025-02-18,,24.740999221801758,,24.75,,24.56999969482422,,24.610000610351562,,1900,
2025-02-19,,24.68000030517578,,24.7450008392334,,24.610000610351562,,24.700000762939453,,4900,
2025-02-20,,24.249000549316406,,24.520000457763672,,24.249000549316406,,24.520000457763672,,1300,
2025-02-21,,23.702999114990234,,24.260000228881836,,22.829999923706055,,23.84000015258789,,16800,
2025-02-24,,23.773000717163086,,23.809999465942383,,23.6299991607666,,23.68000030517578,,2000,
2025-02-25,,23.31599998474121,,23.649999618530273,,22.829999923706055,,23.649999618530273,,7600,
2025-02-26,,23.3439998626709,,23.56999969482422,,23.3439998626709,,23.559999465942383,,5100,
2025-02-27,,23.211000442504883,,23.43000030517578,,23.211000442504883,,23.43000030517578,,300,
2025-02-28,,23.357999801635742,,23.357999801635742,,22.364999771118164,,23.010000228881836,,18100,
2025-03-03,,23.339000701904297,,23.860000610351562,,23.309999465942383,,23.690000534057617,,8400,
2025-03-04,,23.29199981689453,,23.489999771118164,,23.049999237060547,,23.15999984741211,,4900,
2025-03-05,,23.641000747680664,,23.641000747680664,,23.1560001373291,,23.559999465942383,,9600,
2025-03-06,,23.398000717163086,,23.40999984741211,,23.398000717163086,,23.399999618530273,,37300,
2025-03-07,,23.479999542236328,,23.5,,23.1200008392334,,23.190000534057617,,4600,
2025-03-10,,23.02400016784668,,23.110000610351562,,22.950000762939453,,23.020000457763672,,8200,
2025-03-11,,23.14900016784668,,23.270000457763672,,23.040000915527344,,23.06999969482422,,30300,
2025-03-12,,23.309999465942383,,23.329999923706055,,23.260000228881836,,23.270000457763672,,18000,
2025-03-13,,23.399999618530273,,23.459999084472656,,23.350000381469727,,23.440000534057617,,13100,
2025-03-14,,23.56999969482422,,23.56999969482422,,23.489999771118164,,23.533000946044922,,20000,
2025-03-17,,23.510000228881836,,23.510000228881836,,23.329999923706055,,23.329999923706055,,8700,
2025-03-18,,23.65999984741211,,23.68000030517578,,23.56999969482422,,23.600000381469727,,11800,
2025-03-19,,23.6560001373291,,23.690000534057617,,23.639999389648438,,23.639999389648438,,2500,
2025-03-20,,23.600000381469727,,23.600000381469727,,23.540000915527344,,23.549999237060547,,2600,
2025-03-21,,23.459999084472656,,23.479999542236328,,23.309999465942383,,23.378000259399414,,1800,
