Price,Close,Close,Close,High,High,High,Low,Low,Low,Open,Open,Open,Volume,Volume,Volume
Ticker,BTOP,BUFC,BUFI,BTOP,BUFC,BUFI,BTOP,BUFC,BUFI,BTOP,BUFC,BUFI,BTOP,BUFC,BUFI
Date,,,,,,,,,,,,,,,
2023-10-02,16.109840393066406,,,16.57817493128062,,,16.03778864745569,,,16.57817493128062,,,4100.0,,
2023-10-03,15.771703720092773,,,15.933502797435606,,,15.771703720092773,,,15.933502797435606,,,300.0,,
2023-10-04,15.858291625976562,,,15.858291625976564,,,15.743894154451583,,,15.756535065411065,,,1000.0,,
2023-10-05,15.660466194152832,,,16.027044176336954,,,15.611168328728011,,,16.00934738305588,,,5000.0,,
2023-10-06,15.976481437683105,,,15.976481437683107,,,15.976481437683107,,,15.976481437683107,,,100.0,,
2023-10-09,15.533428192138672,,,15.533428192138672,,,15.427879113761994,,,15.529003993709754,,,2200.0,,
2023-10-10,15.377947807312012,,,15.377947807312012,,,15.377947807312012,,,15.377947807312012,,,100.0,,
2023-10-11,15.165586471557617,,,15.165586471557617,,,15.093534725074287,,,15.093534725074287,,,100.0,,
2023-10-12,15.002521514892578,,,15.054980210532062,,,14.960175789142781,,,15.054980210532062,,,2400.0,,
2023-10-13,15.096062660217285,,,15.096062660217285,,,15.096062660217285,,,15.096062660217285,,,100.0,,
2023-10-16,15.80267333984375,,,16.533933042839795,,,15.687011294769714,,,16.217917501186886,,,1600.0,,
2023-10-17,15.707868576049805,,,15.707868576049803,,,15.707868576049803,,,15.707868576049803,,,100.0,,
2023-10-18,15.657938003540039,,,15.67437022325193,,,15.657938003540039,,,15.67437022325193,,,1100.0,,
2023-10-19,15.832378387451172,,,15.845019298624063,,,15.800777315022582,,,15.800777315022582,,,1200.0,,
2023-10-20,16.254575729370117,,,16.254575729370117,,,16.22423802507491,,,16.22423802507491,,,800.0,,
2023-10-23,17.277202606201172,,,17.277202606201172,,,16.875231025009462,,,16.881550275230957,,,9000.0,,
2023-10-24,18.291610717773438,,,18.51219014382804,,,18.223351489337677,,,18.34154146998686,,,4500.0,,
2023-10-25,18.704959869384766,,,18.76500359508246,,,18.556433381430303,,,18.61963552668566,,,1500.0,,
2023-10-26,18.45277976989746,,,18.45277976989746,,,18.385785108662066,,,18.39463350563669,,,600.0,,
2023-10-27,18.24736976623535,,,18.373143576915236,,,18.24736976623535,,,18.3225811379808,,,1400.0,,
2023-10-30,18.623428344726562,,,18.780172753604138,,,18.606996124233344,,,18.771324356683866,,,1100.0,,
2023-10-31,18.697376251220703,,,18.697376251220703,,,18.455308705044875,,,18.625956186813042,,,2300.0,,
2023-11-01,18.88572120666504,,,18.998854105609066,,,18.458467816457105,,,18.689159018162265,,,1900.0,,
2023-11-02,18.84400749206543,,,18.84400749206543,,,18.708120709788385,,,18.75868314932145,,,1000.0,,
2023-11-03,18.720760345458984,,,18.847165832926848,,,18.543791216399697,,,18.543791216399697,,,1500.0,,
2023-11-06,19.224489212036133,,,19.283268362765252,,,19.207424102872256,,,19.239026380120844,,,800.0,,
2023-11-07,19.64984703063965,,,19.700409470510074,,,18.986214856652325,,,18.99190242290435,,,23400.0,,
2023-11-08,19.415363311767578,,,19.415363311767578,,,19.28326904306803,,,19.28326904306803,,,1100.0,,
2023-11-09,20.37225914001465,,,20.61748509976488,,,20.243954977494678,,,20.243954977494678,,,2100.0,,
2023-11-10,20.837434768676758,,,20.92718210609819,,,20.755901733280766,,,20.762220983532796,,,6600.0,,
2023-11-13,20.625701904296875,,,20.625701904296875,,,20.401962840280955,,,20.401962840280955,,,1400.0,,
2023-11-14,19.59296417236328,,,20.22499527469758,,,19.19478510831428,,,20.22499527469758,,,5100.0,,
2023-11-15,20.657936096191406,,,20.657936096191406,,,20.0417043651287,,,20.05434527566922,,,16200.0,,
2023-11-16,19.72126579284668,,,20.20287414534857,,,19.72126579284668,,,20.199713314776314,,,1000.0,,
2023-11-17,19.77625274658203,,,19.807853817860842,,,19.769932291225548,,,19.77625274658203,,,1700.0,,
2023-11-20,20.56945037841797,,,20.755900801078035,,,20.35140129490959,,,20.35140129490959,,,3100.0,,
2023-11-21,20.182649612426758,,,20.26291807381431,,,20.048026196387212,,,20.256596412606587,,,1100.0,,
2023-11-22,20.774860382080078,,,20.80646145305352,,,20.06698626604491,,,20.06698626604491,,,1600.0,,
2023-11-24,21.02198600769043,,,21.43849231434438,,,21.02198600769043,,,21.065596304964885,,,5000.0,,
2023-11-27,20.025272369384766,,,20.54100971126038,,,20.025272369384766,,,20.168111284677213,,,7900.0,,
2023-11-28,20.88799476623535,,,21.002392235977805,,,20.401962235298072,,,20.446204217463265,,,10900.0,,
2023-11-29,20.401330947875977,,,20.78750197899902,,,20.39564338177484,,,20.78750197899902,,,1400.0,,
2023-11-30,20.519521713256836,,,20.5536519331739,,,20.401963406324374,,,20.401963406324374,,,6200.0,,
2023-12-01,21.073179244995117,,,21.236242893862276,,,20.95815009225234,,,20.95815009225234,,,2700.0,,
2023-12-04,22.55150032043457,,,22.601429868129337,,,22.292367679713816,,,22.48703239944319,,,4300.0,,
2023-12-05,23.289081573486328,,,23.460993626682793,,,22.626712772194583,,,22.72783765119293,,,3600.0,,
2023-12-06,23.228404998779297,,,23.429391378871898,,,23.220822381215044,,,23.293504603501837,,,3600.0,,
2023-12-07,23.539365768432617,,,23.647443992189498,,,23.378831259082716,,,23.581081016551863,,,2200.0,,
2023-12-08,23.949554443359375,,,23.949554443359375,,,23.682205087194756,,,23.72012540854674,,,3200.0,,
2023-12-11,22.00858497619629,,,22.481344909721443,,,21.8120252041569,,,22.481344909721443,,,9300.0,,
2023-12-12,22.08506202697754,,,22.443422078843774,,,22.013643172357956,,,22.443422078843774,,,3100.0,,
2023-12-13,22.925662994384766,,,22.925662994384766,,,22.342298085661405,,,22.46870478596789,,,5800.0,,
2023-12-14,23.04574966430664,,,23.150032958346763,,,22.904807005924624,,,22.904807005924624,,,1800.0,,
2023-12-15,22.662105560302734,,,22.662105560302734,,,22.434573987826635,,,22.434573987826635,,,600.0,,
2023-12-18,22.257606506347656,,,22.257606506347656,,,21.48905695539363,,,22.026282414875563,,,2900.0,,
2023-12-19,22.237380981445312,35.244998931884766,,22.5470772806605,35.279998779296875,,22.237380981445312,35.20000076293945,,22.5470772806605,35.20000076293945,,600.0,18800.0,
2023-12-20,22.662736892700195,35.150001525878906,,23.266327716490974,35.36000061035156,,22.662736892700195,35.150001525878906,,23.07545310060481,35.36000061035156,,3400.0,800.0,
2023-12-21,22.97243309020996,35.23500061035156,,23.005931623750307,35.25,,22.88584417891242,35.23500061035156,,23.005931623750307,35.25,,600.0,4000.0,
2023-12-22,22.1071834564209,35.275001525878906,,22.322074119430642,35.310001373291016,,21.9757208764383,35.275001525878906,,21.9757208764383,35.310001373291016,,4700.0,6400.0,
2023-12-26,21.18631362915039,35.31999969482422,,21.18631362915039,35.36000061035156,,20.913908389847762,35.31999969482422,,20.9511970274518,35.36000061035156,,2100.0,5800.0,
2023-12-27,22.20198631286621,35.321998596191406,,22.23485316283451,35.36000061035156,,21.988361432101005,35.321998596191406,,22.007321592616755,35.36000061035156,,3200.0,74200.0,
2023-12-28,21.909358978271484,35.35499954223633,,22.057886674689318,35.400001525878906,,21.86195616288172,35.35499954223633,,22.057886674689318,35.400001525878906,,1200.0,12800.0,
2023-12-29,21.58070182800293,35.349998474121094,,22.095806297689336,35.369998931884766,,21.54530824131556,35.2599983215332,,22.095806297689336,35.27000045776367,,3800.0,31700.0,
2024-01-02,22.582469940185547,35.29499816894531,,23.050173994866803,35.31999969482422,,22.582469940185547,35.29499816894531,,23.050173994866803,35.31999969482422,,2100.0,3000.0,
2024-01-03,21.27922248840332,35.25,,21.47641636405153,35.310001373291016,,21.065597598039897,35.25,,21.065597598039897,35.29999923706055,,2100.0,20300.0,
2024-01-04,21.915678024291992,35.209999084472656,,22.24749531792085,35.29999923706055,,21.786112901841868,35.209999084472656,,21.80507306341815,35.29999923706055,,1900.0,4900.0,
2024-01-05,21.721012115478516,35.2599983215332,,21.72290716713047,35.2599983215332,,21.39425072191928,35.25,,21.501697257376396,35.25,,1800.0,6300.0,
2024-01-08,22.932615280151367,35.380001068115234,,22.932615280151367,35.38999938964844,,22.0484025137586,35.380001068115234,,22.304376733083338,35.38999938964844,,2500.0,149400.0,
2024-01-09,22.330291748046875,35.369998931884766,,23.100736371610047,35.40999984741211,,22.298056580118423,35.369998931884766,,23.100736371610047,35.40999984741211,,3900.0,23500.0,
2024-01-10,23.150667190551758,35.41999816894531,,23.150667190551758,35.470001220703125,,22.740477712668913,35.41999816894531,,22.740477712668913,35.459999084472656,,11200.0,800.0,
2024-01-11,23.777008056640625,35.45899963378906,,25.097953082621057,35.5,,23.66008385233358,35.41999816894531,,24.680812674996034,35.41999816894531,,18200.0,4600.0,
2024-01-12,22.966745376586914,35.45000076293945,,24.13726523723879,35.470001220703125,,22.854242961011437,35.45000076293945,,24.09302325605903,35.470001220703125,,10100.0,3100.0,
2024-01-16,22.93577766418457,35.40999984741211,,22.961057075984847,35.43000030517578,,22.590056090862955,35.40999984741211,,22.9427285983019,35.43000030517578,,5300.0,10600.0,
2024-01-17,22.531274795532227,35.36000061035156,,22.936408394507275,35.380001068115234,,22.3814837386862,35.36000061035156,,22.936408394507275,35.380001068115234,,3600.0,300.0,
2024-01-18,21.719114303588867,35.45600128173828,,22.50662639166502,35.470001220703125,,21.719114303588867,35.45000076293945,,22.443421839175013,35.470001220703125,,5000.0,4900.0,
2024-01-19,22.019330978393555,35.59000015258789,,22.171651180523778,35.61000061035156,,21.400572500553547,35.494998931884766,,21.767149268878814,35.494998931884766,,5200.0,18100.0,
2024-01-22,20.928443908691406,35.63800048828125,,21.324729101363065,35.68000030517578,,20.674367151631664,35.619998931884766,,21.24888363796718,35.630001068115234,,5200.0,11547000.0,
2024-01-23,20.062562942504883,35.65399932861328,,20.300837969460837,35.689998626708984,,19.795213578821873,35.58000183105469,,20.01642470179028,35.689998626708984,,7600.0,365300.0,
2024-01-24,20.16811180114746,35.61000061035156,,20.47148643225411,35.75,,20.161791345644787,35.61000061035156,,20.174432256650135,35.75,,700.0,49300.0,
2024-01-25,20.243955612182617,35.650001525878906,,20.408285050381796,35.72999954223633,,20.14283193687423,35.619998931884766,,20.408285050381796,35.720001220703125,,2000.0,33000.0,
2024-01-26,21.0535888671875,35.65999984741211,,21.198324049524906,35.790000915527344,,20.939191390358104,35.65999984741211,,20.939191390358104,35.790000915527344,,1100.0,92100.0,
2024-01-29,21.55731773376465,35.77000045776367,,21.55731773376465,35.779998779296875,,20.96447032744205,35.65999984741211,,21.217283730611634,35.65999984741211,,1900.0,38000.0,
2024-01-30,22.02185821533203,35.77000045776367,,22.021858215332035,35.79999923706055,,21.55858075951896,35.77000045776367,,21.55858075951896,35.79999923706055,,2900.0,67000.0,
2024-01-31,21.371498107910156,35.654998779296875,,21.760829961193046,35.7599983215332,,21.371498107910156,35.654998779296875,,21.760829961193046,35.70600128173828,,800.0,25700.0,
2024-02-01,21.448606491088867,35.77000045776367,,21.489055957996964,35.779998779296875,,21.38161183549041,35.70000076293945,,21.38161183549041,35.720001220703125,,900.0,11300.0,
2024-02-02,21.442285537719727,35.81999969482422,,21.52697939957958,35.869998931884766,,21.442285537719727,35.810001373291016,,21.52697939957958,35.810001373291016,,1700.0,24600.0,
2024-02-05,21.260892868041992,35.77000045776367,,21.375290336024104,35.869998931884766,,21.260892868041992,35.77000045776367,,21.375290336024104,35.775001525878906,,600.0,26700.0,
2024-02-06,21.866378784179688,35.79999923706055,,21.866378784179688,35.900001525878906,,21.520657233042225,35.79999923706055,,21.520657233042225,35.900001525878906,,700.0,2000.0,
2024-02-07,22.437103271484375,35.83000183105469,,22.437103271484375,35.91999816894531,,21.8682743368185,35.81999969482422,,21.8682743368185,35.81999969482422,,800.0,186900.0,
2024-02-08,22.729103088378906,35.8849983215332,,22.729103088378906,35.939998626708984,,22.729103088378906,35.880001068115234,,22.729103088378906,35.93000030517578,,100.0,17500.0,
2024-02-09,23.530517578125,35.95000076293945,,23.751729909865194,35.959999084472656,,23.44203360983185,35.86000061035156,,23.44203360983185,35.86000061035156,,1600.0,3200.0,
2024-02-12,24.907712936401367,35.849998474121094,,24.907712936401367,35.970001220703125,,24.143587596619035,35.849998474121094,,24.143587596619035,35.880001068115234,,5900.0,125600.0,
2024-02-13,24.64731788635254,35.880001068115234,,24.958909238422226,35.880001068115234,,24.529127896877327,35.79999923706055,,24.958909238422226,35.81999969482422,,2400.0,17300.0,
2024-02-14,25.819103240966797,35.86000061035156,,25.8191032409668,35.95000076293945,,25.64782287288401,35.86000061035156,,25.673102284200688,35.939998626708984,,800.0,194300.0,
2024-02-15,26.15723991394043,35.900001525878906,,26.544674319578316,35.97999954223633,,26.096564504452317,35.900001525878906,,26.544674319578316,35.97999954223633,,2000.0,72600.0,
2024-02-16,25.929075241088867,36.0,,26.652748684224147,36.02000045776367,,25.872192349160418,36.0,,26.652748684224147,36.02000045776367,,2200.0,47100.0,
2024-02-20,26.82529640197754,35.959999084472656,,26.835408166602363,36.0099983215332,,26.545306123989747,35.95000076293945,,26.684353737113934,36.0099983215332,,1900.0,22800.0,
2024-02-21,26.027671813964844,35.959999084472656,,26.027671813964844,35.959999084472656,,25.970157236290845,35.86000061035156,,25.970157236290845,35.869998931884766,,600.0,23800.0,
2024-02-22,26.83603858947754,36.02000045776367,,27.19629610563672,36.06999969482422,,26.379080396991498,36.02000045776367,,27.19629610563672,36.06999969482422,,900.0,800.0,
2024-02-23,26.327253341674805,36.0,,26.469461778447627,36.0,,26.166087155409,35.9900016784668,,26.469461778447627,35.9900016784668,,5300.0,5900.0,
2024-02-26,28.328895568847656,35.959999084472656,,28.328895568847656,36.0,,27.11413371096967,35.959999084472656,,27.11413371096967,36.0,,1600.0,9200.0,
2024-02-27,29.094287872314453,35.959999084472656,,29.383126544434155,35.970001220703125,,28.934382636496466,35.959999084472656,,29.204261147367845,35.959999084472656,,11100.0,15400.0,
2024-02-28,30.164316177368164,36.029998779296875,,30.975841917203894,36.06999969482422,,29.869787536228944,36.029998779296875,,30.35013250327353,36.06999969482422,,3800.0,17400.0,
2024-02-29,31.127531051635742,36.029998779296875,,32.11350041585322,36.099998474121094,,30.732511622046456,35.959999084472656,,32.11350041585322,36.0099983215332,,6600.0,23200.0,
2024-03-01,31.59523582458496,36.15999984741211,,31.59523582458496,36.209999084472656,,30.84311727076107,36.06999969482422,,30.84311727076107,36.06999969482422,,5400.0,2600.0,
2024-03-04,33.40157699584961,36.150001525878906,,33.40157699584961,36.220001220703125,,32.81505128830798,36.13999938964844,,32.81505128830798,36.220001220703125,,5700.0,32100.0,
2024-03-05,31.064329147338867,36.02000045776367,,34.527859243419606,36.08000183105469,,29.838187285374662,36.0,,34.527859243419606,36.06999969482422,,8100.0,18800.0,
2024-03-06,34.401451110839844,36.130001068115234,,34.50889523476259,36.15999984741211,,33.7504598844658,36.09000015258789,,34.374905921799595,36.09000015258789,,2200.0,362100.0,
2024-03-07,34.83186340332031,36.220001220703125,,34.83755096913967,36.2599983215332,,34.09807579435235,36.150001525878906,,34.578418333828665,36.150001525878906,,5200.0,65500.0,
2024-03-08,35.221195220947266,36.189998626708984,,35.44430258756726,36.279998779296875,,34.37616856561436,36.16999816894531,,35.001880368539894,36.279998779296875,,7300.0,17700.0,
2024-03-11,36.384765625,36.189998626708984,,36.65780254939565,36.189998626708984,,36.384765625,36.099998474121094,,36.48083461895536,36.099998474121094,,2600.0,16100.0,
2024-03-12,35.852596282958984,36.29999923706055,,36.746286748374814,36.33000183105469,,35.13776880080146,36.29999923706055,,36.746286748374814,36.33000183105469,,2600.0,17100.0,
2024-03-13,36.45365524291992,36.220001220703125,,36.506113938026836,36.33000183105469,,36.06053328257117,36.209999084472656,,36.360747079672144,36.24399948120117,,4200.0,43500.0,
2024-03-14,34.440006256103516,36.20000076293945,,36.05105334223727,36.29999923706055,,34.23396398923346,36.1609992980957,,36.05105334223727,36.27000045776367,,2800.0,40600.0,
2024-03-15,33.920475006103516,36.220001220703125,,33.93943757786751,36.27000045776367,,33.32067909662929,36.125,,33.32067909662929,36.16999816894531,,2600.0,67700.0,
2024-03-18,32.44721221923828,36.279998779296875,,33.14370880726354,36.33000183105469,,32.44721221923828,36.279998779296875,,33.14370880726354,36.310001373291016,,2900.0,8300.0,
2024-03-19,31.1464900970459,36.349998474121094,,31.330411368331184,36.36000061035156,,30.35645126616704,36.19499969482422,,31.152811757856945,36.310001373291016,,4700.0,29700.0,
2024-03-20,31.709632873535156,36.439998626708984,,31.709632873535156,36.439998626708984,,29.74338410463025,36.220001220703125,,31.007446290633972,36.279998779296875,,5100.0,48400.0,
2024-03-21,31.84615135192871,36.400001525878906,,32.6444069313261,36.5099983215332,,31.621146508226488,36.349998474121094,,32.6444069313261,36.5099983215332,,3000.0,34500.0,
2024-03-22,30.98216438293457,36.43000030517578,,30.98216438293457,36.4900016784668,,30.678789748450168,36.380001068115234,,30.678789748450168,36.4900016784668,,900.0,38600.0,
2024-03-25,34.12904739379883,36.380001068115234,,34.12904739379883,36.40999984741211,,32.15142107830678,36.380001068115234,,32.15142107830678,36.40999984741211,,6500.0,41300.0,
2024-03-26,33.32699966430664,36.43000030517578,,34.00264106553748,36.5099983215332,,33.32699966430664,36.334999084472656,,34.00264106553748,36.40999984741211,,1300.0,13900.0,
2024-03-27,32.75185012817383,36.5,,34.89443508761481,36.529998779296875,,32.68864798504863,36.27000045776367,,34.89443508761481,36.52000045776367,,1200.0,90900.0,
2024-03-28,33.44392395019531,36.5099983215332,,33.64301286513058,36.529998779296875,,33.44392395019531,36.40999984741211,,33.64301286513058,36.459999084472656,,1800.0,55500.0,
2024-04-01,32.68548583984375,36.459999084472656,,34.211841403892386,36.540000915527344,,32.17670065182754,36.43000030517578,,34.211841403892386,36.540000915527344,,2100.0,69900.0,
2024-04-02,30.77991485595703,36.400001525878906,,30.937922629949618,36.5,,30.388056251537463,36.349998474121094,,30.57766509812711,36.5,,3000.0,39800.0,
2024-04-03,30.973316192626953,36.40999984741211,,31.386664104728744,36.52000045776367,,30.931600944466144,36.380001068115234,,31.386664104728744,36.380001068115234,,1700.0,22200.0,
2024-04-04,31.800010681152344,36.290000915527344,,32.265185586457804,36.599998474121094,,31.672340617397975,36.290000915527344,,31.672340617397975,36.599998474121094,,900.0,7300.0,
2024-04-05,31.315876007080078,36.459999084472656,,31.315876007080078,36.47999954223633,,30.906320621526678,36.38999938964844,,30.96952276480707,36.43000030517578,,1300.0,18800.0,
2024-04-08,34.122093200683594,36.470001220703125,,34.15496005119207,36.5099983215332,,33.77890078806784,36.400001525878906,,34.15496005119207,36.41999816894531,,2400.0,286500.0,
2024-04-09,32.56413650512695,36.439998626708984,,32.86561608180391,36.45000076293945,,32.56413650512695,36.40999984741211,,32.86561608180391,36.45000076293945,,1500.0,22100.0,
2024-04-10,32.86561584472656,36.404998779296875,,32.86561584472656,36.4900016784668,,32.05661684160945,36.349998474121094,,32.05661684160945,36.4900016784668,,2000.0,170300.0,
2024-04-11,32.92250061035156,36.47999954223633,,33.1121094611156,36.540000915527344,,32.88457787579581,36.349998474121094,,33.1121094611156,36.369998931884766,,3100.0,15400.0,
2024-04-12,30.59030532836914,36.290000915527344,,32.4421565912171,36.41999816894531,,30.36466880481451,36.290000915527344,,32.4421565912171,36.40999984741211,,2900.0,119700.0,
2024-04-15,29.30917739868164,36.20000076293945,,29.309177398681637,36.33000183105469,,29.07342911604451,36.15999984741211,,29.07342911604451,36.31999969482422,,500.0,27700.0,
2024-04-16,28.9078369140625,36.150001525878906,,28.9078369140625,36.27399826049805,,28.447717882250952,36.130001068115234,,28.631007474300763,36.27000045776367,,800.0,55400.0,
2024-04-17,28.22018814086914,36.14899826049805,,28.631006888323128,36.209999084472656,,27.638718304785964,36.14899826049805,,28.631006888323128,36.209999084472656,,5400.0,27300.0,
2024-04-18,29.07469367980957,36.060001373291016,,29.074693679809574,36.20000076293945,,29.074693679809574,36.060001373291016,,29.074693679809574,36.20000076293945,,200.0,27300.0,
2024-04-19,29.458969116210938,36.040000915527344,,29.522171260004672,36.06999969482422,,29.326243167639753,35.970001220703125,,29.522171260004672,36.06999969482422,,1200.0,15500.0,
2024-04-22,30.361507415771484,36.060001373291016,,30.445569592651875,36.189998626708984,,30.14156087334934,35.959999084472656,,30.20476542698094,36.18000030517578,,3400.0,53000.0,
2024-04-23,30.489179611206055,36.189998626708984,,30.672466787538887,36.220001220703125,,30.48917961120606,36.13100051879883,,30.523939101625682,36.13100051879883,,1500.0,40300.0,
2024-04-24,29.452648162841797,36.189998626708984,,30.577665155255847,36.27000045776367,,29.452648162841793,36.13999938964844,,30.577665155255847,36.27000045776367,,500.0,17600.0,
2024-04-25,29.708621978759766,36.150001525878906,,29.708621978759766,36.2400016784668,,29.400823147385907,36.112998962402344,,29.400823147385907,36.112998962402344,,200.0,20300.0,
2024-04-26,29.389446258544922,36.31999969482422,,29.64857891406169,36.38999938964844,,29.231438482961345,36.22999954223633,,29.64857891406169,36.22999954223633,,1200.0,24600.0,
2024-04-29,29.37680435180664,36.369998931884766,,29.42104633459041,36.38999938964844,,29.37680435180664,36.2599983215332,,29.42104633459041,36.33000183105469,,600.0,28900.0,
2024-04-30,27.208938598632812,36.16999816894531,,28.220189813630586,36.369998931884766,,27.208938598632812,36.16999816894531,,28.19048379233033,36.2400016784668,,5100.0,22500.0,
2024-05-01,26.798118591308594,36.06999969482422,,27.177336272569466,36.279998779296875,,26.58259383409389,36.06999969482422,,26.696993715571878,36.119998931884766,,2300.0,18200.0,
2024-05-02,27.67474365234375,36.22999954223633,,27.68296036485705,36.2599983215332,,27.587523056134508,36.08000183105469,,27.587523056134508,36.16999816894531,,2300.0,95600.0,
2024-05-03,28.72960662841797,36.349998474121094,,28.73213336408978,36.45000076293945,,28.473000708296905,36.349998474121094,,28.473000708296905,36.45000076293945,,2900.0,3900.0,
2024-05-06,28.91352653503418,36.5,,29.345202909173082,36.56999969482422,,28.883820515252644,36.43000030517578,,29.33256199839355,36.439998626708984,,3800.0,17900.0,
2024-05-07,28.764999389648438,36.529998779296875,,29.00706692867424,36.650001525878906,,28.764999389648434,36.529998779296875,,29.00706692867424,36.650001525878906,,1300.0,26800.0,
2024-05-08,28.318784713745117,36.56999969482422,,28.35923418251259,36.630001068115234,,28.318784713745117,36.41999816894531,,28.35923418251259,36.599998474121094,,800.0,43100.0,
2024-05-09,28.491329193115234,36.672000885009766,,28.49132919311523,36.672000885009766,,27.935775242171875,36.529998779296875,,27.935775242171875,36.540000915527344,,400.0,10600.0,
2024-05-10,27.49398422241211,36.68000030517578,,27.84981755408804,36.7599983215332,,27.493352538504315,36.529998779296875,,27.84981755408804,36.65999984741211,,1000.0,17300.0,
2024-05-13,28.337745666503906,36.63999938964844,,28.337745666503906,36.75,,28.16330687550695,36.619998931884766,,28.337113982584665,36.709999084472656,,800.0,125500.0,
2024-05-14,27.658313751220703,36.79999923706055,,27.815687430053156,36.83000183105469,,27.6583137512207,36.66999816894531,,27.815687430053156,36.79999923706055,,1100.0,49400.0,
2024-05-15,29.345834732055664,36.93000030517578,,29.345834732055664,37.0099983215332,,28.69610686315508,36.915000915527344,,28.69610686315508,36.948001861572266,,1100.0,137800.0,
2024-05-16,28.766895294189453,36.97999954223633,,29.250398702675504,37.04999923706055,,28.766895294189453,36.93000030517578,,29.250398702675504,37.04999923706055,,800.0,48400.0,
2024-05-17,29.84893226623535,37.029998779296875,,29.84893226623535,37.099998474121094,,29.84893226623535,36.970001220703125,,29.84893226623535,37.099998474121094,,300.0,5800.0,
2024-05-20,32.21209716796875,37.04999923706055,,32.21209716796875,37.06999969482422,,29.81290617781667,36.970001220703125,,29.882429985389614,36.970001220703125,,4100.0,22900.0,
2024-05-21,33.331424713134766,37.08000183105469,,34.20552338159104,37.09000015258789,,33.156351823669226,36.959999084472656,,33.996954366676626,36.959999084472656,,3600.0,61000.0,
2024-05-22,33.46604537963867,36.97999954223633,,33.84652642206039,37.060001373291016,,33.206281055504846,36.97999954223633,,33.206281055504846,37.0,,1500.0,25400.0,
2024-05-23,33.13422775268555,36.900001525878906,,34.022233029175965,37.06999969482422,,33.13422775268555,36.88999938964844,,34.022233029175965,37.06999969482422,,1300.0,11000.0,
2024-05-24,33.361759185791016,37.060001373291016,,33.361759185791016,37.09000015258789,,32.91617854515131,36.95000076293945,,32.96042052617916,36.95000076293945,,2100.0,27100.0,
2024-05-28,33.62531661987305,37.06999969482422,,34.388810264662446,37.08000183105469,,33.44076366400716,36.97999954223633,,34.388810264662446,37.029998779296875,,1700.0,248000.0,
2024-05-29,32.91365051269531,37.0,,33.2397778155983,37.279998779296875,,32.91365051269531,36.540000915527344,,33.2397778155983,36.63999938964844,,400.0,17800.0,
2024-05-30,33.28844451904297,36.904998779296875,,33.66197464080429,37.02000045776367,,33.28844451904297,36.869998931884766,,33.32067968610841,37.02000045776367,,1100.0,55500.0,
2024-05-31,33.16709518432617,37.04999923706055,,33.16709518432617,37.04999923706055,,32.72656800515548,36.840999603271484,,32.777131647995795,36.88999938964844,,600.0,33700.0,
2024-06-03,33.36871337890625,37.0,,34.12335863306689,37.029998779296875,,33.36871337890625,36.95000076293945,,33.87686448977737,37.0099983215332,,1600.0,75700.0,
2024-06-04,33.8263053894043,37.06999969482422,,34.0234992698583,37.099998474121094,,33.8263053894043,36.959999084472656,,34.00959499044935,36.959999084472656,,1500.0,43300.0,
2024-06-05,34.44758987426758,37.20000076293945,,34.44758987426758,37.20000076293945,,33.91478860405414,37.09000015258789,,33.91478860405414,37.09000015258789,,1000.0,12500.0,
2024-06-06,33.816192626953125,37.20000076293945,,34.26872663886079,37.209999084472656,,33.78838165794833,36.97999954223633,,34.16128009931171,37.209999084472656,,2300.0,132400.0,
2024-06-07,32.984439849853516,37.209999084472656,,32.984439849853516,37.2400016784668,,32.85297726143265,37.150001525878906,,32.865618173127814,37.150001525878906,,1000.0,86000.0,
2024-06-10,32.92818832397461,37.209999084472656,,33.175314167106194,37.25,,32.884578022892995,37.209999084472656,,32.884578022892995,37.22999954223633,,900.0,8000.0,
2024-06-11,31.672340393066406,37.27000045776367,,31.885967683660567,37.279998779296875,,31.272896779622606,37.17399978637695,,31.885967683660567,37.17399978637695,,2500.0,76300.0,
2024-06-12,31.765249252319336,37.369998931884766,,32.865616073356584,37.5,,31.765249252319332,37.279998779296875,,32.66968557111051,37.5,,2000.0,12600.0,
2024-06-13,31.414472579956055,37.31999969482422,,31.414472579956055,37.40999984741211,,31.404992499310143,37.290000915527344,,31.404992499310143,37.310001373291016,,600.0,13300.0,
2024-06-14,30.726192474365234,37.34000015258789,,30.969523382959572,37.40999984741211,,30.533422799202963,37.290000915527344,,30.969523382959572,37.290000915527344,,2200.0,13300.0,
2024-06-17,31.701416015625,37.45899963378906,,31.701416015625004,37.5099983215332,,31.252674520289244,37.31999969482422,,31.252674520289244,37.31999969482422,,400.0,17300.0,
2024-06-18,30.448728561401367,37.5099983215332,,30.64086655029627,37.5099983215332,,30.448728561401367,37.439998626708984,,30.64086655029627,37.45000076293945,,600.0,14500.0,
2024-06-20,31.216014862060547,37.47999954223633,,31.21601486206055,37.54999923706055,,31.0959298240283,37.42100143432617,,31.0959298240283,37.45000076293945,,2200.0,7100.0,
2024-06-21,31.025774002075195,37.40999984741211,,31.025774002075195,37.52000045776367,,30.501818734442743,37.40999984741211,,30.501818734442743,37.52000045776367,,500.0,12900.0,
2024-06-24,28.749828338623047,37.470001220703125,,29.36416260902566,37.52000045776367,,28.749828338623047,37.40999984741211,,29.36416260902566,37.41999816894531,,1800.0,45300.0,
2024-06-25,29.98987579345703,37.5,,29.98987579345703,37.52000045776367,,29.667538586417503,37.34000015258789,,29.667538586417503,37.40999984741211,,1400.0,32100.0,
2024-06-26,29.683340072631836,37.5,,29.683340072631836,37.540000915527344,,29.55377254262144,37.479000091552734,,29.55377254262144,37.540000915527344,,400.0,38100.0,
2024-06-27,29.986082077026367,37.540000915527344,,30.02147566245027,37.560001373291016,,29.768662271416236,37.470001220703125,,29.768662271416236,37.54999923706055,,1800.0,8600.0,
2024-06-28,29.29274559020996,37.540000915527344,,29.98355464025707,37.59000015258789,,29.29274559020996,37.52000045776367,,29.88242976027841,37.52000045776367,,700.0,21000.0,
2024-07-01,30.485387802124023,37.54999923706055,,30.6535073362177,37.56999969482422,,30.476539405592778,37.4900016784668,,30.634547175367096,37.5,,1100.0,34600.0,
2024-07-02,29.904550552368164,37.61000061035156,,29.904550552368164,37.63999938964844,,29.904550552368164,37.51100158691406,,29.904550552368164,37.56999969482422,,200.0,41000.0,
2024-07-03,29.089862823486328,37.65599822998047,,29.089862823486328,37.70000076293945,,29.00390559446004,37.619998931884766,,29.00390559446004,37.70000076293945,,600.0,8200.0,
2024-07-05,26.71974754333496,37.689998626708984,,26.719747543334957,37.75,,26.39361781593437,37.66999816894531,,26.60218923733035,37.75,,3600.0,34300.0,
2024-07-08,26.82655906677246,37.709999084472656,,26.82655906677246,37.7400016784668,,26.82655906677246,37.709999084472656,,26.82655906677246,37.7400016784668,,200.0,35800.0,
2024-07-09,27.41118812561035,37.72999954223633,,27.469336799874466,37.779998779296875,,27.379587052819083,37.689998626708984,,27.469336799874466,37.720001220703125,,400.0,30800.0,
2024-07-10,27.47186279296875,37.79999923706055,,27.55213004611055,37.79999923706055,,27.417509045677246,37.709999084472656,,27.55213004611055,37.75,,1600.0,30200.0,
2024-07-11,27.469335556030273,37.7599983215332,,28.04953961651103,37.779998779296875,,27.469335556030273,37.7400016784668,,28.04953961651103,37.74100112915039,,600.0,15200.0,
2024-07-12,27.62607765197754,37.7599983215332,,27.859930885164893,37.869998931884766,,27.62607765197754,37.75,,27.682960545049163,37.84000015258789,,700.0,51300.0,
2024-07-15,30.242687225341797,37.84000015258789,,30.318532693404354,37.88999938964844,,29.939312586113513,37.78799819946289,,29.939312586113513,37.88999938964844,,1200.0,34000.0,
2024-07-16,30.93096923828125,37.86000061035156,,30.93096923828125,37.880001068115234,,30.274290415738612,37.810001373291016,,30.312210738394995,37.880001068115234,,900.0,22300.0,
2024-07-17,30.595361709594727,37.790000915527344,,30.909479792970586,37.790000915527344,,30.59536170959473,37.72200012207031,,30.779282988884315,37.75,,600.0,10500.0,
2024-07-18,30.280609130859375,37.720001220703125,,30.305890952855155,37.79999923706055,,30.28060913085938,37.65999984741211,,30.305890952855155,37.79999923706055,,700.0,32300.0,
2024-07-19,31.71405601501465,37.619998931884766,,31.734279543424325,37.70000076293945,,30.337491453080474,37.619998931884766,,30.337491453080474,37.619998931884766,,2300.0,8700.0,
2024-07-22,31.802539825439453,37.779998779296875,,31.802539825439453,37.810001373291016,,31.327253156011075,37.689998626708984,,31.70899756847213,37.689998626708984,,3100.0,34000.0,
2024-07-23,30.862079620361328,37.790000915527344,,31.56995377384056,37.81999969482422,,30.862079620361325,37.72999954223633,,31.56995377384056,37.72999954223633,,2900.0,25500.0,
2024-07-24,30.547958374023438,37.4900016784668,,30.547958374023438,37.619998931884766,,30.547958374023438,37.4900016784668,,30.547958374023438,37.604000091552734,,400.0,45500.0,
2024-07-25,29.197307586669922,37.4900016784668,,29.36416375524287,37.58000183105469,,28.997586978108853,37.4900016784668,,28.997586978108853,37.58000183105469,,1700.0,41500.0,
2024-07-26,30.723031997680664,37.63999938964844,,30.723031997680664,37.65999984741211,,30.47654025571814,37.58000183105469,,30.47654025571814,37.630001068115234,,1300.0,33100.0,
2024-07-29,30.59725570678711,37.63999938964844,,30.98848261148407,37.63999938964844,,30.597255706787106,37.56100082397461,,30.98848261148407,37.56100082397461,,900.0,21300.0,
2024-07-30,30.125762939453125,37.529998779296875,,30.68510940172578,37.720001220703125,,30.12576293945312,37.529998779296875,,30.68510940172578,37.720001220703125,,2800.0,13400.0,
2024-07-31,29.898862838745117,37.7599983215332,,30.264807936370236,37.810001373291016,,29.898862838745114,37.650001525878906,,30.242686944475924,37.650001525878906,,600.0,67400.0,
2024-08-01,28.915422439575195,37.584999084472656,,29.390077442163285,37.643001556396484,,28.68157161077433,37.56999969482422,,29.390077442163285,37.643001556396484,,1200.0,75400.0,
2024-08-02,28.156352996826172,37.41999816894531,,29.471610510046226,37.540000915527344,,28.156352996826175,37.29999923706055,,29.471610510046226,37.540000915527344,,2300.0,129500.0,
2024-08-05,23.304882049560547,37.013999938964844,,24.130946146320017,37.15999984741211,,21.63442296856893,36.70000076293945,,21.63442296856893,36.70000076293945,,11700.0,12100.0,
2024-08-06,24.54555892944336,37.20000076293945,,24.826180892784286,37.38999938964844,,24.510165342067552,37.20000076293945,,24.604970971685496,37.38999938964844,,2300.0,22500.0,
2024-08-07,23.448352813720703,37.119998931884766,,23.966618122135575,37.2599983215332,,23.448352813720707,37.09000015258789,,23.922376138076302,37.23500061035156,,1900.0,44400.0,
2024-08-08,25.5340576171875,37.38999938964844,,25.64150174779936,37.400001525878906,,24.486149446725086,37.150001525878906,,24.49752457930355,37.150001525878906,,900.0,59600.0,
2024-08-09,25.86271095275879,37.459999084472656,,25.86271095275879,37.47999954223633,,25.850072452690515,37.31999969482422,,25.85639170272465,37.31999969482422,,1800.0,190800.0,
2024-08-12,25.755266189575195,37.43199920654297,,26.039680654238204,37.4900016784668,,25.755266189575195,37.369998931884766,,25.8974722164031,37.4900016784668,,400.0,18700.0,
2024-08-13,26.444181442260742,37.709999084472656,,26.529504580310583,37.709999084472656,,25.723666370702713,37.5,,25.723666370702713,37.5,,900.0,60900.0,
2024-08-14,25.793190002441406,37.74100112915039,,25.793190002441406,37.77000045776367,,25.666783300516943,37.66999816894531,,25.666783300516943,37.77000045776367,,1500.0,22000.0,
2024-08-15,24.850830078125,37.970001220703125,,25.84375036031636,37.97999954223633,,24.850830078125,37.83000183105469,,25.84375036031636,37.939998626708984,,600.0,26600.0,
2024-08-16,25.78244400024414,38.0099983215332,,25.782444000244137,38.02000045776367,,25.123236030949236,37.90999984741211,,25.123236030949236,37.9900016784668,,900.0,63000.0,
2024-08-19,25.540376663208008,38.07500076293945,,25.540376663208008,38.099998474121094,,25.540376663208008,37.9900016784668,,25.540376663208008,38.060001373291016,,200.0,16400.0,
2024-08-20,25.616849899291992,38.08000183105469,,25.616849899291992,38.11000061035156,,25.616849899291992,38.0099983215332,,25.616849899291992,38.02000045776367,,200.0,55900.0,
2024-08-21,26.30955696105957,38.04999923706055,,26.30955696105957,38.11000061035156,,26.30955696105957,38.0099983215332,,26.30955696105957,38.02000045776367,,200.0,212200.0,
2024-08-22,25.81088638305664,38.00600051879883,,25.951197361856323,38.06999969482422,,25.81088638305664,38.00600051879883,,25.951197361856323,38.04999923706055,,400.0,17100.0,
2024-08-23,27.21778678894043,38.13999938964844,,27.21778678894043,38.15999984741211,,27.21778678894043,38.02000045776367,,27.21778678894043,38.029998779296875,,300.0,24000.0,
2024-08-26,26.818342208862305,38.130001068115234,,27.23421925625032,38.150001525878906,,26.8183422088623,38.04999923706055,,27.23421925625032,38.11000061035156,,400.0,13900.0,
2024-08-27,26.034626007080078,38.119998931884766,,26.034626007080078,38.16999816894531,,26.034626007080078,38.08000183105469,,26.034626007080078,38.150001525878906,,200.0,11100.0,
2024-08-28,25.066984176635742,38.099998474121094,,25.24964208426468,38.099998474121094,,24.775618775089523,38.0099983215332,,25.218041012521113,38.0099983215332,,1000.0,80400.0,
2024-08-29,25.13018798828125,38.099998474121094,,25.13018798828125,38.209999084472656,,25.13018798828125,38.02000045776367,,25.13018798828125,38.20000076293945,,100.0,41900.0,
2024-08-30,24.92477798461914,38.150001525878906,,24.92477798461914,38.22999954223633,,24.649211915250575,38.119998931884766,,24.649211915250575,38.119998931884766,,5600.0,51400.0,
2024-09-03,24.467187881469727,38.0,,25.047391939906557,38.22999954223633,,24.467187881469727,38.0,,25.047391939906557,38.22999954223633,,700.0,128300.0,
2024-09-04,24.51648712158203,37.96500015258789,,24.51648712158203,38.027000427246094,,24.47224513714873,37.95000076293945,,24.47224513714873,38.02000045776367,,400.0,7300.0,
2024-09-05,23.61078453063965,37.9900016784668,,23.770689766438803,38.0099983215332,,23.61078453063965,37.904998779296875,,23.770689766438803,37.904998779296875,,300.0,70700.0,
2024-09-06,22.41624641418457,37.7400016784668,,23.56211862429981,37.849998474121094,,22.41624641418457,37.72999954223633,,23.56211862429981,37.849998474121094,,700.0,64700.0,
2024-09-09,23.844636917114258,37.91999816894531,,23.84463691711426,37.939998626708984,,23.328266684531467,37.849998474121094,,23.328266684531467,37.849998474121094,,400.0,12600.0,
2024-09-10,24.172658920288086,37.93000030517578,,24.172658920288086,37.9900016784668,,23.584238157201998,37.88999938964844,,23.584238157201998,37.91999816894531,,1000.0,9100.0,
2024-09-11,23.930591583251953,38.040000915527344,,23.930591583251953,38.09000015258789,,23.588030861393133,38.040000915527344,,23.588030861393133,38.09000015258789,,800.0,31800.0,
2024-09-12,24.170133590698242,38.18000030517578,,24.185301237614915,38.22999954223633,,24.01718169867044,38.06999969482422,,24.105665666535955,38.09000015258789,,4300.0,16700.0,
2024-09-13,24.7440185546875,38.2599983215332,,24.7440185546875,38.2599983215332,,24.04246364720945,38.2400016784668,,24.04246364720945,38.25,,600.0,29900.0,
2024-09-16,23.704326629638672,38.279998779296875,,23.979258609863777,38.279998779296875,,23.701165799116755,38.25,,23.979258609863777,38.25,,1200.0,102000.0,
2024-09-17,24.52659797668457,38.29999923706055,,24.6365712497698,38.310001373291016,,24.118305956194394,38.209999084472656,,24.118305956194394,38.25,,1000.0,18900.0,
2024-09-18,24.358478546142578,38.29999923706055,,24.358478546142578,38.38999938964844,,24.358478546142578,38.25,,24.358478546142578,38.25,,100.0,6400.0,
2024-09-19,25.750843048095703,38.40999984741211,,25.850072875608102,38.47999954223633,,25.521416415289018,38.369998931884766,,25.647823117105176,38.47999954223633,,9100.0,55200.0,
2024-09-20,26.001127243041992,38.45000076293945,,26.109205467093478,38.45000076293945,,26.001127243041992,38.380001068115234,,26.014399838205698,38.380001068115234,,500.0,12300.0,
2024-09-23,26.65907096862793,38.44200134277344,,26.709632200965338,38.470001220703125,,26.65907096862793,38.38999938964844,,26.709632200965338,38.38999938964844,,400.0,53000.0,
2024-09-24,26.786741256713867,38.48500061035156,,26.786741256713867,38.52000045776367,,26.45998226795518,38.4119987487793,,26.45998226795518,38.4119987487793,,2500.0,10700.0,
2024-09-25,26.17746353149414,38.46500015258789,,26.17746353149414,38.494998931884766,,26.17746353149414,38.439998626708984,,26.17746353149414,38.45000076293945,,200.0,71500.0,
2024-09-26,26.905563354492188,38.47999954223633,,27.038289304977724,38.58000183105469,,26.89292244334967,38.45500183105469,,26.89292244334967,38.58000183105469,,3600.0,8600.0,
2024-09-27,27.30753517150879,38.50299835205078,,27.338504558866802,38.540000915527344,,27.031969104705798,38.5,,27.088851997343998,38.5,,900.0,14600.0,
2024-09-30,26.29944610595703,38.61000061035156,,26.299446105957035,38.61000061035156,,26.299446105957035,38.43000030517578,,26.299446105957035,38.54999923706055,,200.0,18900.0,
2024-10-01,25.37478256225586,38.47100067138672,,25.374782562255863,38.529998779296875,,25.135875860140615,38.47100067138672,,25.135875860140615,38.47999954223633,,700.0,2900.0,
2024-10-02,24.509532928466797,38.5099983215332,,25.037912398715058,38.5099983215332,,24.509532928466797,38.439998626708984,,25.037912398715058,38.45000076293945,,400.0,21900.0,
2024-10-03,24.520910263061523,38.4900016784668,,24.520910263061527,38.4900016784668,,24.453281510480494,38.400001525878906,,24.453281510480494,38.400001525878906,,200.0,7000.0,
2024-10-04,25.188335418701172,38.59000015258789,,25.188335418701172,38.59000015258789,,25.188335418701172,38.470001220703125,,25.188335418701172,38.59000015258789,,100.0,52100.0,
2024-10-07,25.4702205657959,38.43000030517578,,25.938556313556674,38.58000183105469,,25.4702205657959,38.43000030517578,,25.52141589379219,38.58000183105469,,1300.0,5200.0,
2024-10-08,25.209823608398438,38.59000015258789,,25.230678820352665,38.59000015258789,,25.015790573987772,38.56999969482422,,25.015790573987772,38.58000183105469,,400.0,9800.0,
2024-10-09,24.808483123779297,38.68000030517578,,25.154836365917,38.68000030517578,,24.808483123779297,38.56999969482422,,25.12323529428915,38.599998474121094,,500.0,9500.0,
2024-10-10,24.287057876586914,38.77000045776367,,24.287057876586914,38.77000045776367,,24.27631442802993,38.560001373291016,,24.27631442802993,38.65999984741211,,400.0,23700.0,
2024-10-11,25.47148323059082,38.70000076293945,,25.47148323059082,38.70000076293945,,25.47148323059082,38.630001068115234,,25.47148323059082,38.65999984741211,,100.0,31700.0,
2024-10-14,26.917572021484375,38.72999954223633,,26.917572021484375,38.77000045776367,,26.917572021484375,38.676998138427734,,26.917572021484375,38.676998138427734,,300.0,39600.0,
2024-10-15,26.941587448120117,38.6870002746582,,26.941587448120117,38.720001220703125,,26.393616149619465,38.65999984741211,,26.393616149619465,38.720001220703125,,600.0,3100.0,
2024-10-16,27.24559783935547,38.72999954223633,,27.297422441652586,38.77000045776367,,27.24559783935547,38.63999938964844,,27.297422441652586,38.63999938964844,,800.0,10300.0,
2024-10-17,26.90935516357422,38.7599983215332,,27.063570417858937,38.77000045776367,,26.90935516357422,38.70000076293945,,27.063570417858937,38.77000045776367,,500.0,31900.0,
2024-10-18,27.57109260559082,38.75,,27.6956018415896,38.83000183105469,,27.57109260559082,38.75,,27.6956018415896,38.78300094604492,,1600.0,40800.0,
2024-10-21,27.54328155517578,38.83000183105469,,27.588157632840396,38.84000015258789,,27.468070184480688,38.720001220703125,,27.499671256309526,38.84000015258789,,1400.0,16300.0,
2024-10-22,27.19819450378418,38.84000015258789,,27.19819450378418,38.84000015258789,,27.078107053595886,38.720001220703125,,27.078107053595886,38.720001220703125,,500.0,204300.0,
2024-10-23,26.348743438720703,38.75,,26.545305627357994,38.81999969482422,,26.348743438720703,38.720001220703125,,26.545305627357994,38.81999969482422,,300.0,42700.0,
2024-10-24,26.90303611755371,38.779998779296875,,26.9308446749447,38.779998779296875,,26.393616810931164,38.709999084472656,,26.393616810931164,38.75199890136719,,900.0,32600.0,
2024-10-25,26.281747817993164,38.720001220703125,,26.9877268820934,38.790000915527344,,26.281747817993164,38.720001220703125,,26.87396109783155,38.77000045776367,,800.0,13600.0,
2024-10-28,26.975719451904297,38.79999923706055,,27.013010502265935,38.79999923706055,,26.77978894129213,38.77000045776367,,26.930845783492146,38.79499816894531,,6600.0,51000.0,
2024-10-29,28.270750045776367,38.810001373291016,,28.59118978548438,38.81999969482422,,27.84729037756208,38.77899932861328,,27.84729037756208,38.77899932861328,,3900.0,15200.0,
2024-10-30,28.259374618530273,38.810001373291016,,28.55516421709254,38.84000015258789,,28.259374618530273,38.77899932861328,,28.40979735887979,38.83000183105469,,5100.0,34400.0,
2024-10-31,27.1248779296875,38.63399887084961,,27.1248779296875,38.7599983215332,,27.1248779296875,38.63399887084961,,27.1248779296875,38.7599983215332,,500.0,75100.0,
2024-11-01,26.927684783935547,38.619998931884766,,27.411188190711428,38.72999954223633,,26.886603630310063,38.619998931884766,,27.411188190711428,38.70000076293945,,700.0,103000.0,
2024-11-04,26.052953720092773,38.650001525878906,,26.399938649955185,38.720001220703125,,26.052953720092773,38.61000061035156,,26.399938649955185,38.63999938964844,,3300.0,29300.0,
2024-11-05,26.520654678344727,38.83000183105469,,26.698888384365535,38.83000183105469,,26.520654678344727,38.63999938964844,,26.66538985056164,38.63999938964844,,400.0,27700.0,
2024-11-06,29.30664825439453,39.02000045776367,,29.30664825439453,39.040000915527344,,28.54252292489475,38.90999984741211,,28.54252292489475,38.90999984741211,,4400.0,18700.0,
2024-11-07,30.3880558013916,39.029998779296875,,30.3880558013916,39.099998474121094,,29.57905437104855,39.0099983215332,,29.57905437104855,39.0099983215332,,3900.0,11100.0,
2024-11-08,30.600418090820312,39.119998931884766,,30.852597401304436,39.13999938964844,,30.324220325428755,39.04999923706055,,30.324220325428755,39.04999923706055,,3000.0,59700.0,
2024-11-11,34.793312072753906,39.08000183105469,,34.793312072753906,39.18000030517578,,32.42951707495193,39.06999969482422,,32.84033584925072,39.18000030517578,,23300.0,16100.0,
2024-11-12,35.037906646728516,39.06999969482422,,35.15356748401433,39.13999938964844,,34.27504468133348,39.06999969482422,,34.3698503063596,39.119998931884766,,2200.0,7900.0,
2024-11-13,34.38249206542969,39.11000061035156,,35.77295852673893,39.20000076293945,,34.300959033014955,39.11000061035156,,35.53910769984707,39.20000076293945,,4300.0,66600.0,
2024-11-14,33.65186309814453,39.11000061035156,,34.85651565049317,39.150001525878906,,33.65186309814453,39.11000061035156,,34.85651565049317,39.11000061035156,,10400.0,15300.0,
2024-11-15,34.29400634765625,38.95000076293945,,34.29400634765625,38.95000076293945,,33.51660838573395,38.869998931884766,,33.67461616037688,38.880001068115234,,800.0,44800.0,
2024-11-18,34.645416259765625,39.02000045776367,,34.843873494571596,39.02000045776367,,34.224483336529865,39.0099983215332,,34.224483336529865,39.02000045776367,,1300.0,89900.0,
2024-11-19,34.532283782958984,39.02000045776367,,34.90075802909598,39.04999923706055,,34.12336006729741,38.970001220703125,,34.528491268471164,38.970001220703125,,27500.0,28600.0,
2024-11-20,34.78509521484375,39.060001373291016,,35.121968392511086,39.060001373291016,,34.69218704724492,38.92499923706055,,35.121968392511086,38.92499923706055,,3600.0,9700.0,
2024-11-21,36.998470306396484,39.099998474121094,,37.22031191581122,39.130001068115234,,36.158499451464486,39.04999923706055,,36.71468750683834,39.130001068115234,,19600.0,13000.0,
2024-11-22,36.8227653503418,39.16999816894531,,36.96623475294516,39.18000030517578,,36.59460208199966,39.060001373291016,,36.59460208199966,39.15999984741211,,5600.0,43800.0,
2024-11-25,36.91377639770508,39.209999084472656,,37.49208544496842,39.209999084472656,,36.67044547994798,39.189998626708984,,37.49208544496842,39.20000076293945,,3300.0,46700.0,
2024-11-26,35.30146408081055,39.220001220703125,,35.98152965946018,39.310001373291016,,34.11703748700035,39.18000030517578,,35.66551411873842,39.18000030517578,,11900.0,61800.0,
2024-11-27,38.02362060546875,39.2599983215332,,38.07987181409747,39.27000045776367,,37.346715872291234,39.22999954223633,,37.346715872291234,39.22999954223633,,11100.0,10000.0,
2024-11-29,37.956626892089844,39.27000045776367,,38.59181880574827,39.369998931884766,,37.956626892089844,39.27000045776367,,38.59181880574827,39.275001525878906,,1600.0,8300.0,
2024-12-02,37.637451171875,39.290000915527344,,37.72593513928882,39.38999938964844,,37.4927159934603,39.28099822998047,,37.72593513928882,39.28099822998047,,1700.0,49700.0,
2024-12-03,37.63113021850586,39.38999938964844,,37.63113021850586,39.400001525878906,,37.27087270405149,39.29999923706055,,37.27087270405149,39.400001525878906,,1700.0,15100.0,
2024-12-04,39.75412368774414,39.459999084472656,,39.75412368774414,39.459999084472656,,38.487534732067516,39.349998474121094,,38.487534732067516,39.349998474121094,,5600.0,10000.0,
2024-12-05,39.38438415527344,39.439998626708984,,41.00933793111807,39.47999954223633,,38.996318075556815,39.36000061035156,,40.75968295446298,39.47999954223633,,4400.0,17300.0,
2024-12-06,41.05547332763672,39.4900016784668,,41.36011372302677,39.4900016784668,,39.86219838889629,39.380001068115234,,39.86219838889629,39.380001068115234,,3800.0,28300.0,
2024-12-09,38.294761657714844,39.41999816894531,,40.273019531786595,39.41999816894531,,38.294761657714844,39.349998474121094,,39.7168315291931,39.41999816894531,,6800.0,22800.0,
2024-12-10,37.83338165283203,39.400001525878906,34.87699890136719,38.83198952710644,39.40999984741211,34.87699890136719,36.86005318993888,39.34700012207031,34.83000183105469,38.83198952710644,39.400001525878906,34.83000183105469,5100.0,34300.0,1600.0
2024-12-11,39.78382873535156,39.47999954223633,34.95000076293945,39.786357881996715,39.5099983215332,34.95000076293945,38.81934866790196,39.40999984741211,34.95000076293945,38.81934866790196,39.40999984741211,34.95000076293945,4200.0,53500.0,100.0
2024-12-12,39.73579406738281,39.43000030517578,34.810001373291016,40.51319202099548,39.459999084472656,34.900001525878906,39.596748866668264,39.380001068115234,34.810001373291016,40.317263925577215,39.380001068115234,34.869998931884766,2300.0,20900.0,300.0
2024-12-13,40.21297836303711,39.470001220703125,34.775001525878906,40.37414696711836,39.5099983215332,34.775001525878906,40.00756777524843,39.34000015258789,34.775001525878906,40.140293726370736,39.5099983215332,34.775001525878906,1600.0,45300.0,100.0
2024-12-16,41.75829315185547,39.5,34.755001068115234,42.232316460596984,39.52000045776367,34.83000183105469,40.7596828908232,39.400001525878906,34.755001068115234,40.7596828908232,39.40999984741211,34.83000183105469,5300.0,21500.0,1100.0
2024-12-17,41.31270980834961,39.470001220703125,34.68000030517578,41.59712668490304,39.470001220703125,34.68000030517578,41.132583459678756,39.36000061035156,34.68000030517578,41.59712668490304,39.36000061035156,34.68000030517578,3700.0,26100.0,0.0
2024-12-18,38.91920852661133,39.09000015258789,34.3489990234375,40.62063459848923,39.34000015258789,34.3489990234375,38.61077802137454,39.09000015258789,34.3489990234375,40.557432456123514,39.34000015258789,34.3489990234375,7900.0,36700.0,0.0
2024-12-19,36.219173431396484,39.060001373291016,34.301998138427734,39.1732866063226,39.22999954223633,34.301998138427734,36.219173431396484,39.029998779296875,34.301998138427734,39.091121889671776,39.22999954223633,34.301998138427734,5900.0,52300.0,100.0
2024-12-20,36.62177658081055,39.2400016784668,34.2869987487793,36.758926724285466,39.290000915527344,34.2869987487793,35.74767798247856,38.93000030517578,34.2869987487793,35.791919964244656,38.93000030517578,34.2869987487793,6800.0,13900.0,0.0
2024-12-23,35.691429138183594,39.33000183105469,34.38999938964844,35.91832903899069,39.34000015258789,34.38999938964844,35.07772650773795,39.209999084472656,34.34000015258789,35.91832903899069,39.209999084472656,34.34000015258789,5100.0,70300.0,400.0
2024-12-24,35.753997802734375,39.42900085449219,34.45500183105469,35.766638713584534,39.459999084472656,34.45500183105469,35.753997802734375,39.34000015258789,34.45500183105469,35.76474366191026,39.38999938964844,34.45500183105469,1700.0,48900.0,0.0
2024-12-26,35.060001373291016,39.4900016784668,34.52799987792969,35.08000183105469,39.4900016784668,34.52799987792969,35.040000915527344,39.36000061035156,34.52799987792969,35.060001373291016,39.36000061035156,34.52799987792969,7100.0,38900.0,0.0
2024-12-27,35.04999923706055,39.349998474121094,34.505001068115234,35.08000183105469,39.369998931884766,34.58000183105469,35.040000915527344,39.224998474121094,34.505001068115234,35.040000915527344,39.224998474121094,34.58000183105469,14100.0,25000.0,2900.0
2024-12-30,35.07500076293945,39.20199966430664,34.435001373291016,35.130001068115234,39.290000915527344,34.435001373291016,35.0,39.060001373291016,34.435001373291016,35.0,39.099998474121094,34.435001373291016,12900.0,17100.0,100.0
2024-12-31,35.02000045776367,39.16999816894531,34.41999816894531,35.13999938964844,39.18000030517578,34.41999816894531,34.970001220703125,39.077999114990234,34.41999816894531,35.13999938964844,39.15999984741211,34.41999816894531,8900.0,32900.0,0.0
2025-01-02,35.154998779296875,39.125,34.4010009765625,35.209999084472656,39.125,34.4010009765625,34.9900016784668,39.0099983215332,34.4010009765625,35.150001525878906,39.111000061035156,34.4010009765625,9800.0,28100.0,0.0
2025-01-03,35.095001220703125,39.277000427246094,34.459999084472656,35.13999938964844,39.34000015258789,34.459999084472656,35.029998779296875,39.15999984741211,34.459999084472656,35.029998779296875,39.15999984741211,34.459999084472656,1700.0,111200.0,100.0
2025-01-06,35.05500030517578,39.400001525878906,34.56999969482422,35.15999984741211,39.400001525878906,34.56999969482422,35.0099983215332,39.27000045776367,34.56999969482422,35.15999984741211,39.34000015258789,34.56999969482422,9700.0,17400.0,100.0
2025-01-07,32.606998443603516,39.18000030517578,34.59299850463867,34.70000076293945,39.290000915527344,34.59299850463867,32.606998443603516,39.15299987792969,34.59299850463867,34.70000076293945,39.2599983215332,34.59299850463867,6200.0,25700.0,100.0
2025-01-08,31.63599967956543,39.279998779296875,34.560001373291016,32.34000015258789,39.279998779296875,34.560001373291016,30.049999237060547,39.15999984741211,34.560001373291016,32.34000015258789,39.15999984741211,34.560001373291016,2600.0,33300.0,200.0
2025-01-10,31.73200035095215,39.09000015258789,34.369998931884766,31.916000366210938,39.20000076293945,34.40999984741211,31.040000915527344,39.0099983215332,34.369998931884766,31.600000381469727,39.20000076293945,34.40999984741211,4200.0,71500.0,200.0
2025-01-13,31.719999313354492,39.040000915527344,34.35499954223633,31.829999923706055,39.11000061035156,34.35499954223633,31.719999313354492,38.959999084472656,34.310001373291016,31.799999237060547,39.01599884033203,34.310001373291016,1900.0,57900.0,200.0
2025-01-14,31.725000381469727,39.13999938964844,34.40999984741211,31.760000228881836,39.17499923706055,34.40999984741211,31.725000381469727,39.0099983215332,34.40999984741211,31.760000228881836,39.10599899291992,34.40999984741211,1500.0,202800.0,100.0
2025-01-15,31.69499969482422,39.36000061035156,34.58000183105469,31.809999465942383,39.369998931884766,34.58000183105469,31.660999298095703,39.220001220703125,34.58000183105469,31.770000457763672,39.220001220703125,34.58000183105469,6600.0,47200.0,100.0
2025-01-16,31.371999740600586,39.33000183105469,34.68000030517578,31.375,39.349998474121094,34.689998626708984,30.700000762939453,39.27000045776367,34.68000030517578,31.219999313354492,39.27000045776367,34.689998626708984,3100.0,12300.0,400.0
2025-01-17,32.87900161743164,39.5,34.7400016784668,32.880001068115234,39.52000045776367,34.7400016784668,32.150001525878906,39.41999816894531,34.7400016784668,32.150001525878906,39.4900016784668,34.7400016784668,5200.0,28600.0,200.0
2025-01-21,32.08000183105469,39.61000061035156,35.0,32.52000045776367,39.61000061035156,35.0,31.420000076293945,39.5099983215332,35.0,32.16999816894531,39.560001373291016,35.0,6300.0,71600.0,2100.0
2025-01-22,31.566999435424805,39.689998626708984,34.970001220703125,31.959999084472656,39.70000076293945,35.02000045776367,31.53499984741211,39.61000061035156,34.970001220703125,31.788000106811523,39.619998931884766,35.02000045776367,2700.0,22000.0,1400.0
2025-01-23,31.315000534057617,39.70000076293945,35.04499816894531,31.959999084472656,39.70000076293945,35.04499816894531,31.139999389648438,39.59000015258789,35.04499816894531,31.549999237060547,39.59000015258789,35.04499816894531,1700.0,53300.0,100.0
2025-01-24,32.047000885009766,39.75,35.1349983215332,32.540000915527344,39.810001373291016,35.1349983215332,32.047000885009766,39.689998626708984,35.1349983215332,32.48500061035156,39.810001373291016,35.1349983215332,2500.0,151100.0,100.0
2025-01-27,30.555999755859375,39.560001373291016,35.20000076293945,30.555999755859375,39.560001373291016,35.20000076293945,29.86199951171875,39.46799850463867,35.18000030517578,30.149999618530273,39.46799850463867,35.18000030517578,7000.0,21500.0,2800.0
2025-01-28,30.28499984741211,39.59000015258789,35.15999984741211,30.75,39.619998931884766,35.18000030517578,30.28499984741211,39.4900016784668,35.15999984741211,30.704999923706055,39.59000015258789,35.18000030517578,900.0,79900.0,200.0
2025-01-29,30.966999053955078,39.650001525878906,35.14500045776367,31.030000686645508,39.650001525878906,35.20000076293945,30.360000610351562,39.5099983215332,35.14500045776367,30.360000610351562,39.54999923706055,35.20000076293945,5000.0,32300.0,1400.0
2025-01-30,31.490999221801758,39.70000076293945,35.310001373291016,31.760000228881836,39.70000076293945,35.400001525878906,31.490999221801758,39.2400016784668,35.310001373291016,31.760000228881836,39.2400016784668,35.400001525878906,900.0,169300.0,3900.0
2025-01-31,31.2450008392334,39.619998931884766,35.165000915527344,32.27000045776367,39.74399948120117,35.220001220703125,31.2450008392334,39.529998779296875,35.165000915527344,32.0,39.66999816894531,35.220001220703125,3600.0,443300.0,285000.0
2025-02-03,28.360000610351562,39.540000915527344,35.005001068115234,28.360000610351562,39.540000915527344,35.09000015258789,26.81999969482422,38.900001525878906,35.005001068115234,26.81999969482422,39.310001373291016,35.04999923706055,8200.0,60700.0,9500.0
2025-02-04,28.3700008392334,39.619998931884766,35.189998626708984,28.389999389648438,39.630001068115234,35.220001220703125,28.350000381469727,39.5099983215332,35.11199951171875,28.3799991607666,39.540000915527344,35.11199951171875,5700.0,25500.0,1900.0
2025-02-05,28.360000610351562,39.61000061035156,35.32500076293945,28.37299919128418,39.61000061035156,35.32500076293945,28.34000015258789,39.470001220703125,35.310001373291016,28.3700008392334,39.5,35.310001373291016,2400.0,62200.0,500.0
2025-02-06,28.360000610351562,39.77000045776367,35.404998779296875,28.40999984741211,39.77000045776367,35.41999816894531,28.34000015258789,39.650001525878906,35.404998779296875,28.40999984741211,39.7599983215332,35.41999816894531,1800.0,70800.0,100.0
2025-02-07,28.3700008392334,39.61000061035156,35.255001068115234,28.3799991607666,39.63999938964844,35.349998474121094,28.3700008392334,39.220001220703125,35.255001068115234,28.3799991607666,39.220001220703125,35.349998474121094,600.0,29700.0,100.0
2025-02-10,28.3700008392334,39.720001220703125,35.34600067138672,28.420000076293945,39.720001220703125,35.400001525878906,28.350000381469727,39.619998931884766,35.290000915527344,28.420000076293945,39.709999084472656,35.400001525878906,2800.0,40100.0,400.0
2025-02-11,28.3799991607666,39.72999954223633,35.45500183105469,28.43000030517578,39.77000045776367,35.52000045776367,28.360000610351562,39.54999923706055,35.45500183105469,28.43000030517578,39.54999923706055,35.52000045776367,3000.0,79800.0,10600.0
2025-02-12,28.3799991607666,39.66999816894531,35.525001525878906,28.3799991607666,39.70000076293945,35.56999969482422,28.360000610351562,39.45000076293945,35.525001525878906,28.360000610351562,39.45000076293945,35.56999969482422,1300.0,46100.0,109400.0
2025-02-13,28.3799991607666,39.88999938964844,35.724998474121094,28.3799991607666,39.88999938964844,35.7599983215332,28.3799991607666,39.849998474121094,35.724998474121094,28.3799991607666,39.86000061035156,35.7599983215332,400.0,116600.0,24800.0
2025-02-14,28.3799991607666,39.900001525878906,35.76599884033203,28.43000030517578,39.939998626708984,35.849998474121094,28.375,39.84000015258789,35.76599884033203,28.43000030517578,39.939998626708984,35.849998474121094,2600.0,35800.0,400.0
2025-02-18,28.389999389648438,39.970001220703125,35.875,28.40999984741211,40.099998474121094,35.875,28.329999923706055,39.79999923706055,35.875,28.329999923706055,40.099998474121094,35.875,3500.0,32200.0,0.0
2025-02-19,28.40999984741211,40.029998779296875,35.71500015258789,28.41900062561035,40.040000915527344,35.71500015258789,28.399999618530273,39.83000183105469,35.63999938964844,28.41900062561035,39.83000183105469,35.63999938964844,700.0,57900.0,500.0
2025-02-20,28.38599967956543,39.86000061035156,35.79499816894531,28.437000274658203,39.93000030517578,35.79499816894531,28.3799991607666,39.790000915527344,35.79499816894531,28.437000274658203,39.900001525878906,35.79499816894531,5000.0,122600.0,0.0
2025-02-21,28.399999618530273,39.5099983215332,35.70000076293945,28.420000076293945,39.83000183105469,35.86000061035156,28.350000381469727,39.49599838256836,35.70000076293945,28.350000381469727,39.83000183105469,35.85900115966797,5200.0,42800.0,1700.0
2025-02-24,28.408000946044922,39.36000061035156,35.70500183105469,28.459999084472656,39.599998474121094,35.81999969482422,28.389999389648438,39.34000015258789,35.70500183105469,28.459999084472656,39.599998474121094,35.81999969482422,1300.0,65800.0,6300.0
2025-02-25,28.40999984741211,39.279998779296875,35.875,28.43000030517578,39.310001373291016,35.875,28.389999389648438,39.229000091552734,35.875,28.389999389648438,39.229000091552734,35.875,7000.0,269200.0,0.0
2025-02-26,28.417999267578125,39.25,35.891998291015625,28.440000534057617,39.34000015258789,35.95000076293945,28.4060001373291,39.209999084472656,35.83000183105469,28.440000534057617,39.279998779296875,35.93000030517578,800.0,80400.0,4200.0
2025-02-27,28.417999267578125,39.04999923706055,35.683998107910156,28.417999267578125,39.189998626708984,35.75,28.417999267578125,38.97999954223633,35.683998107910156,28.417999267578125,39.18000030517578,35.75,400.0,34600.0,200.0
2025-02-28,28.41900062561035,39.060001373291016,35.71799850463867,28.420000076293945,39.08000183105469,35.71799850463867,28.41900062561035,38.970001220703125,35.71799850463867,28.420000076293945,38.970001220703125,35.71799850463867,700.0,63600.0,100.0
2025-03-03,28.43000030517578,38.93000030517578,35.970001220703125,28.540000915527344,39.220001220703125,36.20000076293945,28.350000381469727,38.68000030517578,35.91999816894531,28.510000228881836,38.68000030517578,35.93000030517578,5300.0,560100.0,7100.0
2025-03-04,28.43000030517578,38.790000915527344,36.02000045776367,28.437000274658203,38.93000030517578,36.099998474121094,28.40999984741211,38.47999954223633,35.83000183105469,28.40999984741211,38.7599983215332,35.83000183105469,3500.0,174900.0,17700.0
2025-03-05,28.42799949645996,38.93000030517578,36.26499938964844,28.450000762939453,38.959999084472656,36.31999969482422,28.410999298095703,38.66999816894531,36.26499938964844,28.410999298095703,38.84000015258789,36.31999969482422,600.0,190000.0,9800.0
2025-03-06,28.437000274658203,38.720001220703125,36.13100051879883,28.437000274658203,38.81999969482422,36.209999084472656,28.420000076293945,38.63999938964844,36.13100051879883,28.420000076293945,38.81999969482422,36.18000030517578,600.0,101800.0,6100.0
2025-03-07,28.440000534057617,38.790000915527344,36.30500030517578,28.459999084472656,38.84000015258789,36.34000015258789,28.422000885009766,38.70000076293945,36.209999084472656,28.459999084472656,38.744998931884766,36.34000015258789,600.0,77600.0,3700.0
2025-03-10,28.43000030517578,38.5,35.904998779296875,28.459999084472656,38.56999969482422,35.904998779296875,28.43000030517578,38.40999984741211,35.904998779296875,28.440000534057617,38.56999969482422,35.904998779296875,2000.0,72500.0,100.0
2025-03-11,28.420000076293945,38.43000030517578,35.78200149536133,28.43000030517578,38.849998474121094,35.900001525878906,28.399999618530273,38.06999969482422,35.78200149536133,28.399999618530273,38.52000045776367,35.900001525878906,900.0,107300.0,27700.0
2025-03-12,28.485000610351562,38.52000045776367,35.814998626708984,28.5,38.61000061035156,35.869998931884766,28.430999755859375,38.439998626708984,35.814998626708984,28.5,38.61000061035156,35.869998931884766,1400.0,91600.0,800.0
2025-03-13,28.43600082397461,38.380001068115234,35.709999084472656,28.43600082397461,38.459999084472656,35.810001373291016,28.402000427246094,38.36000061035156,35.709999084472656,28.434999465942383,38.41999816894531,35.810001373291016,1100.0,107800.0,17800.0
2025-03-14,28.44099998474121,38.630001068115234,36.00400161743164,28.510000228881836,38.630001068115234,36.040000915527344,28.44099998474121,38.40999984741211,35.95500183105469,28.510000228881836,38.40999984741211,35.95500183105469,800.0,81100.0,4200.0
2025-03-17,28.450000762939453,38.720001220703125,36.20000076293945,28.450000762939453,38.768001556396484,36.27000045776367,28.430999755859375,38.60300064086914,36.20000076293945,28.430999755859375,38.60300064086914,36.27000045776367,500.0,83000.0,5200.0
2025-03-18,28.454999923706055,38.619998931884766,36.19499969482422,28.454999923706055,38.63999938964844,36.19499969482422,28.43000030517578,38.540000915527344,36.19499969482422,28.440000534057617,38.540000915527344,36.19499969482422,600.0,36000.0,100.0
2025-03-19,28.459999084472656,38.72999954223633,36.255001068115234,28.489999771118164,38.77000045776367,36.33000183105469,28.45400047302246,38.61000061035156,36.255001068115234,28.489999771118164,38.61000061035156,36.33000183105469,900.0,47600.0,4900.0
2025-03-20,28.4552001953125,38.720001220703125,36.099998474121094,28.4552001953125,38.72999954223633,36.099998474121094,28.440000534057617,38.654998779296875,36.099998474121094,28.440000534057617,38.72999954223633,36.099998474121094,3.0,77500.0,1200.0
2025-03-21,,38.55500030517578,,,38.55500030517578,,,38.55500030517578,,,38.55500030517578,,,2885.0,
